timestamp, index, uuid, name, clocks.current.sm [MHz], clocks.current.memory [MHz], memory.used [MiB], utilization.gpu [%], clocks_event_reasons.active
2026/09/22 11:01:13.010, 5, GPU-f93cb3ac-bea7-0586-9f2c-c0307696716e, NVIDIA RTX PRO 6000 Blackwell Max-Q Workstation Edition, 2272 MHz, 13365 MHz, 55330 MiB, 0 %, 0x0000000000000400
2026/09/22 11:01:13.029, 6, GPU-5a4ea3b7-bb73-9876-6f45-65769efc3066, NVIDIA RTX PRO 6000 Blackwell Max-Q Workstation Edition, 2272 MHz, 13365 MHz, 55307 MiB, 0 %, 0x0000000000000400
2026/09/22 11:01:14.043, 5, GPU-f93cb3ac-bea7-0586-9f2c-c0307696716e, NVIDIA RTX PRO 6000 Blackwell Max-Q Workstation Edition, 2272 MHz, 13365 MHz, 55330 MiB, 0 %, 0x0000000000000400
2026/09/22 11:01:14.043, 6, GPU-5a4ea3b7-bb73-9876-6f45-65769efc3066, NVIDIA RTX PRO 6000 Blackwell Max-Q Workstation Edition, 2272 MHz, 13365 MHz, 55307 MiB, 0 %, 0x0000000000000400
2026/09/22 11:01:15.044, 5, GPU-f93cb3ac-bea7-0586-9f2c-c0307696716e, NVIDIA RTX PRO 6000 Blackwell Max-Q Workstation Edition, 2317 MHz, 13365 MHz, 55330 MiB, 98 %, 0x0000000000000400
2026/09/22 11:01:15.044, 6, GPU-5a4ea3b7-bb73-9876-6f45-65769efc3066, NVIDIA RTX PRO 6000 Blackwell Max-Q Workstation Edition, 2325 MHz, 13365 MHz, 55307 MiB, 59 %, 0x0000000000000400
2026/09/22 11:01:16.044, 5, GPU-f93cb3ac-bea7-0586-9f2c-c0307696716e, NVIDIA RTX PRO 6000 Blackwell Max-Q Workstation Edition, 2310 MHz, 13365 MHz, 55330 MiB, 100 %, 0x0000000000000400
2026/09/22 11:01:16.044, 6, GPU-5a4ea3b7-bb73-9876-6f45-65769efc3066, NVIDIA RTX PRO 6000 Blackwell Max-Q Workstation Edition, 2317 MHz, 13365 MHz, 55307 MiB, 100 %, 0x0000000000000400
2026/09/22 11:01:17.044, 5, GPU-f93cb3ac-bea7-0586-9f2c-c0307696716e, NVIDIA RTX PRO 6000 Blackwell Max-Q Workstation Edition, 2310 MHz, 13365 MHz, 55330 MiB, 100 %, 0x0000000000000400
2026/09/22 11:01:17.044, 6, GPU-5a4ea3b7-bb73-9876-6f45-65769efc3066, NVIDIA RTX PRO 6000 Blackwell Max-Q Workstation Edition, 2317 MHz, 13365 MHz, 55307 MiB, 100 %, 0x0000000000000400
2026/09/22 11:01:18.044, 5, GPU-f93cb3ac-bea7-0586-9f2c-c0307696716e, NVIDIA RTX PRO 6000 Blackwell Max-Q Workstation Edition, 2310 MHz, 13365 MHz, 55330 MiB, 100 %, 0x0000000000000400
2026/09/22 11:01:18.044, 6, GPU-5a4ea3b7-bb73-9876-6f45-65769efc3066, NVIDIA RTX PRO 6000 Blackwell Max-Q Workstation Edition, 2317 MHz, 13365 MHz, 55307 MiB, 100 %, 0x0000000000000400
2026/09/22 11:01:19.045, 5, GPU-f93cb3ac-bea7-0586-9f2c-c0307696716e, NVIDIA RTX PRO 6000 Blackwell Max-Q Workstation Edition, 2310 MHz, 13365 MHz, 55330 MiB, 100 %, 0x0000000000000400
2026/09/22 11:01:19.045, 6, GPU-5a4ea3b7-bb73-9876-6f45-65769efc3066, NVIDIA RTX PRO 6000 Blackwell Max-Q Workstation Edition, 2317 MHz, 13365 MHz, 55307 MiB, 100 %, 0x0000000000000400
2026/09/22 11:01:20.045, 5, GPU-f93cb3ac-bea7-0586-9f2c-c0307696716e, NVIDIA RTX PRO 6000 Blackwell Max-Q Workstation Edition, 2310 MHz, 13365 MHz, 55330 MiB, 100 %, 0x0000000000000400
2026/09/22 11:01:20.045, 6, GPU-5a4ea3b7-bb73-9876-6f45-65769efc3066, NVIDIA RTX PRO 6000 Blackwell Max-Q Workstation Edition, 2317 MHz, 13365 MHz, 55307 MiB, 100 %, 0x0000000000000400
2026/09/22 11:01:21.045, 5, GPU-f93cb3ac-bea7-0586-9f2c-c0307696716e, NVIDIA RTX PRO 6000 Blackwell Max-Q Workstation Edition, 2310 MHz, 13365 MHz, 55330 MiB, 100 %, 0x0000000000000400
2026/09/22 11:01:21.045, 6, GPU-5a4ea3b7-bb73-9876-6f45-65769efc3066, NVIDIA RTX PRO 6000 Blackwell Max-Q Workstation Edition, 2317 MHz, 13365 MHz, 55307 MiB, 100 %, 0x0000000000000400
2026/09/22 11:01:22.045, 5, GPU-f93cb3ac-bea7-0586-9f2c-c0307696716e, NVIDIA RTX PRO 6000 Blackwell Max-Q Workstation Edition, 2310 MHz, 13365 MHz, 55330 MiB, 100 %, 0x0000000000000400
2026/09/22 11:01:22.045, 6, GPU-5a4ea3b7-bb73-9876-6f45-65769efc3066, NVIDIA RTX PRO 6000 Blackwell Max-Q Workstation Edition, 2317 MHz, 13365 MHz, 55307 MiB, 100 %, 0x0000000000000400
2026/09/22 11:01:23.046, 5, GPU-f93cb3ac-bea7-0586-9f2c-c0307696716e, NVIDIA RTX PRO 6000 Blackwell Max-Q Workstation Edition, 2310 MHz, 13365 MHz, 55330 MiB, 100 %, 0x0000000000000400
2026/09/22 11:01:23.046, 6, GPU-5a4ea3b7-bb73-9876-6f45-65769efc3066, NVIDIA RTX PRO 6000 Blackwell Max-Q Workstation Edition, 2317 MHz, 13365 MHz, 55307 MiB, 100 %, 0x0000000000000400
2026/09/22 11:01:24.046, 5, GPU-f93cb3ac-bea7-0586-9f2c-c0307696716e, NVIDIA RTX PRO 6000 Blackwell Max-Q Workstation Edition, 2310 MHz, 13365 MHz, 55330 MiB, 100 %, 0x0000000000000400
2026/09/22 11:01:24.046, 6, GPU-5a4ea3b7-bb73-9876-6f45-65769efc3066, NVIDIA RTX PRO 6000 Blackwell Max-Q Workstation Edition, 2317 MHz, 13365 MHz, 55307 MiB, 100 %, 0x0000000000000400
2026/09/22 11:01:25.046, 5, GPU-f93cb3ac-bea7-0586-9f2c-c0307696716e, NVIDIA RTX PRO 6000 Blackwell Max-Q Workstation Edition, 2310 MHz, 13365 MHz, 55330 MiB, 100 %, 0x0000000000000400
2026/09/22 11:01:25.046, 6, GPU-5a4ea3b7-bb73-9876-6f45-65769efc3066, NVIDIA RTX PRO 6000 Blackwell Max-Q Workstation Edition, 2317 MHz, 13365 MHz, 55307 MiB, 100 %, 0x0000000000000400
2026/09/22 11:01:26.046, 5, GPU-f93cb3ac-bea7-0586-9f2c-c0307696716e, NVIDIA RTX PRO 6000 Blackwell Max-Q Workstation Edition, 2310 MHz, 13365 MHz, 55330 MiB, 100 %, 0x0000000000000400
2026/09/22 11:01:26.046, 6, GPU-5a4ea3b7-bb73-9876-6f45-65769efc3066, NVIDIA RTX PRO 6000 Blackwell Max-Q Workstation Edition, 2317 MHz, 13365 MHz, 55307 MiB, 100 %, 0x0000000000000400
2026/09/22 11:01:27.046, 5, GPU-f93cb3ac-bea7-0586-9f2c-c0307696716e, NVIDIA RTX PRO 6000 Blackwell Max-Q Workstation Edition, 2310 MHz, 13365 MHz, 55330 MiB, 100 %, 0x0000000000000400
2026/09/22 11:01:27.047, 6, GPU-5a4ea3b7-bb73-9876-6f45-65769efc3066, NVIDIA RTX PRO 6000 Blackwell Max-Q Workstation Edition, 2317 MHz, 13365 MHz, 55307 MiB, 100 %, 0x0000000000000400
2026/09/22 11:01:28.047, 5, GPU-f93cb3ac-bea7-0586-9f2c-c0307696716e, NVIDIA RTX PRO 6000 Blackwell Max-Q Workstation Edition, 2310 MHz, 13365 MHz, 55330 MiB, 100 %, 0x0000000000000400
2026/09/22 11:01:28.047, 6, GPU-5a4ea3b7-bb73-9876-6f45-65769efc3066, NVIDIA RTX PRO 6000 Blackwell Max-Q Workstation Edition, 2317 MHz, 13365 MHz, 55307 MiB, 100 %, 0x0000000000000400
2026/09/22 11:01:29.047, 5, GPU-f93cb3ac-bea7-0586-9f2c-c0307696716e, NVIDIA RTX PRO 6000 Blackwell Max-Q Workstation Edition, 2310 MHz, 13365 MHz, 55330 MiB, 100 %, 0x0000000000000400
2026/09/22 11:01:29.047, 6, GPU-5a4ea3b7-bb73-9876-6f45-65769efc3066, NVIDIA RTX PRO 6000 Blackwell Max-Q Workstation Edition, 2317 MHz, 13365 MHz, 55307 MiB, 100 %, 0x0000000000000400
2026/09/22 11:01:30.047, 5, GPU-f93cb3ac-bea7-0586-9f2c-c0307696716e, NVIDIA RTX PRO 6000 Blackwell Max-Q Workstation Edition, 2310 MHz, 13365 MHz, 55330 MiB, 100 %, 0x0000000000000400
2026/09/22 11:01:30.047, 6, GPU-5a4ea3b7-bb73-9876-6f45-65769efc3066, NVIDIA RTX PRO 6000 Blackwell Max-Q Workstation Edition, 2317 MHz, 13365 MHz, 55307 MiB, 100 %, 0x0000000000000400
2026/09/22 11:01:31.047, 5, GPU-f93cb3ac-bea7-0586-9f2c-c0307696716e, NVIDIA RTX PRO 6000 Blackwell Max-Q Workstation Edition, 2347 MHz, 13365 MHz, 55330 MiB, 0 %, 0x0000000000000400
2026/09/22 11:01:31.048, 6, GPU-5a4ea3b7-bb73-9876-6f45-65769efc3066, NVIDIA RTX PRO 6000 Blackwell Max-Q Workstation Edition, 2347 MHz, 13365 MHz, 55307 MiB, 0 %, 0x0000000000000400
2026/09/22 11:01:32.048, 5, GPU-f93cb3ac-bea7-0586-9f2c-c0307696716e, NVIDIA RTX PRO 6000 Blackwell Max-Q Workstation Edition, 2347 MHz, 13365 MHz, 55330 MiB, 0 %, 0x0000000000000400
2026/09/22 11:01:32.048, 6, GPU-5a4ea3b7-bb73-9876-6f45-65769efc3066, NVIDIA RTX PRO 6000 Blackwell Max-Q Workstation Edition, 2347 MHz, 13365 MHz, 55307 MiB, 0 %, 0x0000000000000400
2026/09/22 11:01:33.048, 5, GPU-f93cb3ac-bea7-0586-9f2c-c0307696716e, NVIDIA RTX PRO 6000 Blackwell Max-Q Workstation Edition, 2325 MHz, 13365 MHz, 55330 MiB, 0 %, 0x0000000000000400
2026/09/22 11:01:33.048, 6, GPU-5a4ea3b7-bb73-9876-6f45-65769efc3066, NVIDIA RTX PRO 6000 Blackwell Max-Q Workstation Edition, 2347 MHz, 13365 MHz, 55307 MiB, 0 %, 0x0000000000000400
2026/09/22 11:01:34.048, 5, GPU-f93cb3ac-bea7-0586-9f2c-c0307696716e, NVIDIA RTX PRO 6000 Blackwell Max-Q Workstation Edition, 2310 MHz, 13365 MHz, 55330 MiB, 100 %, 0x0000000000000400
2026/09/22 11:01:34.048, 6, GPU-5a4ea3b7-bb73-9876-6f45-65769efc3066, NVIDIA RTX PRO 6000 Blackwell Max-Q Workstation Edition, 2310 MHz, 13365 MHz, 55307 MiB, 100 %, 0x0000000000000400
2026/09/22 11:01:35.048, 5, GPU-f93cb3ac-bea7-0586-9f2c-c0307696716e, NVIDIA RTX PRO 6000 Blackwell Max-Q Workstation Edition, 2310 MHz, 13365 MHz, 55330 MiB, 100 %, 0x0000000000000400
2026/09/22 11:01:35.049, 6, GPU-5a4ea3b7-bb73-9876-6f45-65769efc3066, NVIDIA RTX PRO 6000 Blackwell Max-Q Workstation Edition, 2317 MHz, 13365 MHz, 55307 MiB, 100 %, 0x0000000000000400
2026/09/22 11:01:36.049, 5, GPU-f93cb3ac-bea7-0586-9f2c-c0307696716e, NVIDIA RTX PRO 6000 Blackwell Max-Q Workstation Edition, 2310 MHz, 13365 MHz, 55330 MiB, 100 %, 0x0000000000000400
2026/09/22 11:01:36.049, 6, GPU-5a4ea3b7-bb73-9876-6f45-65769efc3066, NVIDIA RTX PRO 6000 Blackwell Max-Q Workstation Edition, 2317 MHz, 13365 MHz, 55307 MiB, 100 %, 0x0000000000000400
2026/09/22 11:01:37.049, 5, GPU-f93cb3ac-bea7-0586-9f2c-c0307696716e, NVIDIA RTX PRO 6000 Blackwell Max-Q Workstation Edition, 2310 MHz, 13365 MHz, 55330 MiB, 100 %, 0x0000000000000400
2026/09/22 11:01:37.049, 6, GPU-5a4ea3b7-bb73-9876-6f45-65769efc3066, NVIDIA RTX PRO 6000 Blackwell Max-Q Workstation Edition, 2317 MHz, 13365 MHz, 55307 MiB, 100 %, 0x0000000000000400
2026/09/22 11:01:38.049, 5, GPU-f93cb3ac-bea7-0586-9f2c-c0307696716e, NVIDIA RTX PRO 6000 Blackwell Max-Q Workstation Edition, 2310 MHz, 13365 MHz, 55330 MiB, 100 %, 0x0000000000000400
2026/09/22 11:01:38.049, 6, GPU-5a4ea3b7-bb73-9876-6f45-65769efc3066, NVIDIA RTX PRO 6000 Blackwell Max-Q Workstation Edition, 2317 MHz, 13365 MHz, 55307 MiB, 100 %, 0x0000000000000400
2026/09/22 11:01:39.049, 5, GPU-f93cb3ac-bea7-0586-9f2c-c0307696716e, NVIDIA RTX PRO 6000 Blackwell Max-Q Workstation Edition, 2310 MHz, 13365 MHz, 55330 MiB, 100 %, 0x0000000000000400
2026/09/22 11:01:39.049, 6, GPU-5a4ea3b7-bb73-9876-6f45-65769efc3066, NVIDIA RTX PRO 6000 Blackwell Max-Q Workstation Edition, 2317 MHz, 13365 MHz, 55307 MiB, 100 %, 0x0000000000000400
2026/09/22 11:01:40.050, 5, GPU-f93cb3ac-bea7-0586-9f2c-c0307696716e, NVIDIA RTX PRO 6000 Blackwell Max-Q Workstation Edition, 2310 MHz, 13365 MHz, 55330 MiB, 100 %, 0x0000000000000400
2026/09/22 11:01:40.050, 6, GPU-5a4ea3b7-bb73-9876-6f45-65769efc3066, NVIDIA RTX PRO 6000 Blackwell Max-Q Workstation Edition, 2317 MHz, 13365 MHz, 55307 MiB, 100 %, 0x0000000000000400
2026/09/22 11:01:41.050, 5, GPU-f93cb3ac-bea7-0586-9f2c-c0307696716e, NVIDIA RTX PRO 6000 Blackwell Max-Q Workstation Edition, 2310 MHz, 13365 MHz, 55330 MiB, 100 %, 0x0000000000000400
2026/09/22 11:01:41.050, 6, GPU-5a4ea3b7-bb73-9876-6f45-65769efc3066, NVIDIA RTX PRO 6000 Blackwell Max-Q Workstation Edition, 2317 MHz, 13365 MHz, 55307 MiB, 100 %, 0x0000000000000400
2026/09/22 11:01:42.050, 5, GPU-f93cb3ac-bea7-0586-9f2c-c0307696716e, NVIDIA RTX PRO 6000 Blackwell Max-Q Workstation Edition, 2310 MHz, 13365 MHz, 55330 MiB, 100 %, 0x0000000000000400
2026/09/22 11:01:42.050, 6, GPU-5a4ea3b7-bb73-9876-6f45-65769efc3066, NVIDIA RTX PRO 6000 Blackwell Max-Q Workstation Edition, 2317 MHz, 13365 MHz, 55307 MiB, 100 %, 0x0000000000000400
2026/09/22 11:01:43.050, 5, GPU-f93cb3ac-bea7-0586-9f2c-c0307696716e, NVIDIA RTX PRO 6000 Blackwell Max-Q Workstation Edition, 2310 MHz, 13365 MHz, 55330 MiB, 100 %, 0x0000000000000400
2026/09/22 11:01:43.050, 6, GPU-5a4ea3b7-bb73-9876-6f45-65769efc3066, NVIDIA RTX PRO 6000 Blackwell Max-Q Workstation Edition, 2317 MHz, 13365 MHz, 55307 MiB, 100 %, 0x0000000000000400
2026/09/22 11:01:44.051, 5, GPU-f93cb3ac-bea7-0586-9f2c-c0307696716e, NVIDIA RTX PRO 6000 Blackwell Max-Q Workstation Edition, 2310 MHz, 13365 MHz, 55330 MiB, 100 %, 0x0000000000000400
2026/09/22 11:01:44.051, 6, GPU-5a4ea3b7-bb73-9876-6f45-65769efc3066, NVIDIA RTX PRO 6000 Blackwell Max-Q Workstation Edition, 2317 MHz, 13365 MHz, 55307 MiB, 100 %, 0x0000000000000400
2026/09/22 11:01:45.051, 5, GPU-f93cb3ac-bea7-0586-9f2c-c0307696716e, NVIDIA RTX PRO 6000 Blackwell Max-Q Workstation Edition, 2310 MHz, 13365 MHz, 55330 MiB, 100 %, 0x0000000000000400
2026/09/22 11:01:45.051, 6, GPU-5a4ea3b7-bb73-9876-6f45-65769efc3066, NVIDIA RTX PRO 6000 Blackwell Max-Q Workstation Edition, 2317 MHz, 13365 MHz, 55307 MiB, 100 %, 0x0000000000000400
2026/09/22 11:01:46.051, 5, GPU-f93cb3ac-bea7-0586-9f2c-c0307696716e, NVIDIA RTX PRO 6000 Blackwell Max-Q Workstation Edition, 2310 MHz, 13365 MHz, 55330 MiB, 100 %, 0x0000000000000400
2026/09/22 11:01:46.051, 6, GPU-5a4ea3b7-bb73-9876-6f45-65769efc3066, NVIDIA RTX PRO 6000 Blackwell Max-Q Workstation Edition, 2317 MHz, 13365 MHz, 55307 MiB, 100 %, 0x0000000000000400
2026/09/22 11:01:47.051, 5, GPU-f93cb3ac-bea7-0586-9f2c-c0307696716e, NVIDIA RTX PRO 6000 Blackwell Max-Q Workstation Edition, 2310 MHz, 13365 MHz, 55330 MiB, 100 %, 0x0000000000000400
2026/09/22 11:01:47.051, 6, GPU-5a4ea3b7-bb73-9876-6f45-65769efc3066, NVIDIA RTX PRO 6000 Blackwell Max-Q Workstation Edition, 2317 MHz, 13365 MHz, 55307 MiB, 100 %, 0x0000000000000400
2026/09/22 11:01:48.051, 5, GPU-f93cb3ac-bea7-0586-9f2c-c0307696716e, NVIDIA RTX PRO 6000 Blackwell Max-Q Workstation Edition, 2310 MHz, 13365 MHz, 55330 MiB, 100 %, 0x0000000000000400
2026/09/22 11:01:48.052, 6, GPU-5a4ea3b7-bb73-9876-6f45-65769efc3066, NVIDIA RTX PRO 6000 Blackwell Max-Q Workstation Edition, 2317 MHz, 13365 MHz, 55307 MiB, 100 %, 0x0000000000000400
2026/09/22 11:01:49.052, 5, GPU-f93cb3ac-bea7-0586-9f2c-c0307696716e, NVIDIA RTX PRO 6000 Blackwell Max-Q Workstation Edition, 2310 MHz, 13365 MHz, 55330 MiB, 100 %, 0x0000000000000400
2026/09/22 11:01:49.052, 6, GPU-5a4ea3b7-bb73-9876-6f45-65769efc3066, NVIDIA RTX PRO 6000 Blackwell Max-Q Workstation Edition, 2317 MHz, 13365 MHz, 55307 MiB, 100 %, 0x0000000000000400
2026/09/22 11:01:50.052, 5, GPU-f93cb3ac-bea7-0586-9f2c-c0307696716e, NVIDIA RTX PRO 6000 Blackwell Max-Q Workstation Edition, 2310 MHz, 13365 MHz, 55330 MiB, 100 %, 0x0000000000000400
2026/09/22 11:01:50.052, 6, GPU-5a4ea3b7-bb73-9876-6f45-65769efc3066, NVIDIA RTX PRO 6000 Blackwell Max-Q Workstation Edition, 2317 MHz, 13365 MHz, 55307 MiB, 100 %, 0x0000000000000400
2026/09/22 11:01:51.052, 5, GPU-f93cb3ac-bea7-0586-9f2c-c0307696716e, NVIDIA RTX PRO 6000 Blackwell Max-Q Workstation Edition, 2310 MHz, 13365 MHz, 55330 MiB, 100 %, 0x0000000000000400
2026/09/22 11:01:51.052, 6, GPU-5a4ea3b7-bb73-9876-6f45-65769efc3066, NVIDIA RTX PRO 6000 Blackwell Max-Q Workstation Edition, 2317 MHz, 13365 MHz, 55307 MiB, 100 %, 0x0000000000000400
2026/09/22 11:01:52.052, 5, GPU-f93cb3ac-bea7-0586-9f2c-c0307696716e, NVIDIA RTX PRO 6000 Blackwell Max-Q Workstation Edition, 2310 MHz, 13365 MHz, 55330 MiB, 100 %, 0x0000000000000400
2026/09/22 11:01:52.063, 6, GPU-5a4ea3b7-bb73-9876-6f45-65769efc3066, NVIDIA RTX PRO 6000 Blackwell Max-Q Workstation Edition, 2317 MHz, 13365 MHz, 55307 MiB, 100 %, 0x0000000000000400
2026/09/22 11:01:53.063, 5, GPU-f93cb3ac-bea7-0586-9f2c-c0307696716e, NVIDIA RTX PRO 6000 Blackwell Max-Q Workstation Edition, 2310 MHz, 13365 MHz, 55330 MiB, 100 %, 0x0000000000000400
2026/09/22 11:01:53.063, 6, GPU-5a4ea3b7-bb73-9876-6f45-65769efc3066, NVIDIA RTX PRO 6000 Blackwell Max-Q Workstation Edition, 2317 MHz, 13365 MHz, 55307 MiB, 100 %, 0x0000000000000400
2026/09/22 11:01:54.064, 5, GPU-f93cb3ac-bea7-0586-9f2c-c0307696716e, NVIDIA RTX PRO 6000 Blackwell Max-Q Workstation Edition, 2310 MHz, 13365 MHz, 55330 MiB, 100 %, 0x0000000000000400
2026/09/22 11:01:54.064, 6, GPU-5a4ea3b7-bb73-9876-6f45-65769efc3066, NVIDIA RTX PRO 6000 Blackwell Max-Q Workstation Edition, 2317 MHz, 13365 MHz, 55307 MiB, 100 %, 0x0000000000000400
2026/09/22 11:01:55.064, 5, GPU-f93cb3ac-bea7-0586-9f2c-c0307696716e, NVIDIA RTX PRO 6000 Blackwell Max-Q Workstation Edition, 2310 MHz, 13365 MHz, 55330 MiB, 100 %, 0x0000000000000400
2026/09/22 11:01:55.064, 6, GPU-5a4ea3b7-bb73-9876-6f45-65769efc3066, NVIDIA RTX PRO 6000 Blackwell Max-Q Workstation Edition, 2317 MHz, 13365 MHz, 55307 MiB, 100 %, 0x0000000000000400
2026/09/22 11:01:56.064, 5, GPU-f93cb3ac-bea7-0586-9f2c-c0307696716e, NVIDIA RTX PRO 6000 Blackwell Max-Q Workstation Edition, 2310 MHz, 13365 MHz, 55330 MiB, 100 %, 0x0000000000000400
2026/09/22 11:01:56.064, 6, GPU-5a4ea3b7-bb73-9876-6f45-65769efc3066, NVIDIA RTX PRO 6000 Blackwell Max-Q Workstation Edition, 2317 MHz, 13365 MHz, 55307 MiB, 100 %, 0x0000000000000400
2026/09/22 11:01:57.064, 5, GPU-f93cb3ac-bea7-0586-9f2c-c0307696716e, NVIDIA RTX PRO 6000 Blackwell Max-Q Workstation Edition, 2310 MHz, 13365 MHz, 55330 MiB, 100 %, 0x0000000000000400
2026/09/22 11:01:57.064, 6, GPU-5a4ea3b7-bb73-9876-6f45-65769efc3066, NVIDIA RTX PRO 6000 Blackwell Max-Q Workstation Edition, 2317 MHz, 13365 MHz, 55307 MiB, 100 %, 0x0000000000000400
2026/09/22 11:01:58.064, 5, GPU-f93cb3ac-bea7-0586-9f2c-c0307696716e, NVIDIA RTX PRO 6000 Blackwell Max-Q Workstation Edition, 2310 MHz, 13365 MHz, 55330 MiB, 100 %, 0x0000000000000400
2026/09/22 11:01:58.065, 6, GPU-5a4ea3b7-bb73-9876-6f45-65769efc3066, NVIDIA RTX PRO 6000 Blackwell Max-Q Workstation Edition, 2317 MHz, 13365 MHz, 55307 MiB, 100 %, 0x0000000000000400
2026/09/22 11:01:59.065, 5, GPU-f93cb3ac-bea7-0586-9f2c-c0307696716e, NVIDIA RTX PRO 6000 Blackwell Max-Q Workstation Edition, 2310 MHz, 13365 MHz, 55330 MiB, 100 %, 0x0000000000000400
2026/09/22 11:01:59.065, 6, GPU-5a4ea3b7-bb73-9876-6f45-65769efc3066, NVIDIA RTX PRO 6000 Blackwell Max-Q Workstation Edition, 2317 MHz, 13365 MHz, 55307 MiB, 100 %, 0x0000000000000400
2026/09/22 11:02:00.065, 5, GPU-f93cb3ac-bea7-0586-9f2c-c0307696716e, NVIDIA RTX PRO 6000 Blackwell Max-Q Workstation Edition, 2310 MHz, 13365 MHz, 55330 MiB, 100 %, 0x0000000000000400
2026/09/22 11:02:00.065, 6, GPU-5a4ea3b7-bb73-9876-6f45-65769efc3066, NVIDIA RTX PRO 6000 Blackwell Max-Q Workstation Edition, 2317 MHz, 13365 MHz, 55307 MiB, 100 %, 0x0000000000000400
2026/09/22 11:02:01.065, 5, GPU-f93cb3ac-bea7-0586-9f2c-c0307696716e, NVIDIA RTX PRO 6000 Blackwell Max-Q Workstation Edition, 2310 MHz, 13365 MHz, 55330 MiB, 100 %, 0x0000000000000400
2026/09/22 11:02:01.065, 6, GPU-5a4ea3b7-bb73-9876-6f45-65769efc3066, NVIDIA RTX PRO 6000 Blackwell Max-Q Workstation Edition, 2317 MHz, 13365 MHz, 55307 MiB, 100 %, 0x0000000000000400
2026/09/22 11:02:02.065, 5, GPU-f93cb3ac-bea7-0586-9f2c-c0307696716e, NVIDIA RTX PRO 6000 Blackwell Max-Q Workstation Edition, 2310 MHz, 13365 MHz, 55330 MiB, 100 %, 0x0000000000000400
2026/09/22 11:02:02.066, 6, GPU-5a4ea3b7-bb73-9876-6f45-65769efc3066, NVIDIA RTX PRO 6000 Blackwell Max-Q Workstation Edition, 2317 MHz, 13365 MHz, 55307 MiB, 100 %, 0x0000000000000400
2026/09/22 11:02:03.066, 5, GPU-f93cb3ac-bea7-0586-9f2c-c0307696716e, NVIDIA RTX PRO 6000 Blackwell Max-Q Workstation Edition, 2310 MHz, 13365 MHz, 55330 MiB, 100 %, 0x0000000000000400
2026/09/22 11:02:03.066, 6, GPU-5a4ea3b7-bb73-9876-6f45-65769efc3066, NVIDIA RTX PRO 6000 Blackwell Max-Q Workstation Edition, 2317 MHz, 13365 MHz, 55307 MiB, 100 %, 0x0000000000000400
2026/09/22 11:02:04.066, 5, GPU-f93cb3ac-bea7-0586-9f2c-c0307696716e, NVIDIA RTX PRO 6000 Blackwell Max-Q Workstation Edition, 2310 MHz, 13365 MHz, 55330 MiB, 100 %, 0x0000000000000400
2026/09/22 11:02:04.066, 6, GPU-5a4ea3b7-bb73-9876-6f45-65769efc3066, NVIDIA RTX PRO 6000 Blackwell Max-Q Workstation Edition, 2317 MHz, 13365 MHz, 55307 MiB, 100 %, 0x0000000000000400
2026/09/22 11:02:05.066, 5, GPU-f93cb3ac-bea7-0586-9f2c-c0307696716e, NVIDIA RTX PRO 6000 Blackwell Max-Q Workstation Edition, 2310 MHz, 13365 MHz, 55330 MiB, 100 %, 0x0000000000000400
2026/09/22 11:02:05.066, 6, GPU-5a4ea3b7-bb73-9876-6f45-65769efc3066, NVIDIA RTX PRO 6000 Blackwell Max-Q Workstation Edition, 2317 MHz, 13365 MHz, 55307 MiB, 100 %, 0x0000000000000400
2026/09/22 11:02:06.066, 5, GPU-f93cb3ac-bea7-0586-9f2c-c0307696716e, NVIDIA RTX PRO 6000 Blackwell Max-Q Workstation Edition, 2310 MHz, 13365 MHz, 55330 MiB, 100 %, 0x0000000000000400
2026/09/22 11:02:06.067, 6, GPU-5a4ea3b7-bb73-9876-6f45-65769efc3066, NVIDIA RTX PRO 6000 Blackwell Max-Q Workstation Edition, 2325 MHz, 13365 MHz, 55307 MiB, 100 %, 0x0000000000000400
2026/09/22 11:02:07.067, 5, GPU-f93cb3ac-bea7-0586-9f2c-c0307696716e, NVIDIA RTX PRO 6000 Blackwell Max-Q Workstation Edition, 2310 MHz, 13365 MHz, 55330 MiB, 100 %, 0x0000000000000400
2026/09/22 11:02:07.067, 6, GPU-5a4ea3b7-bb73-9876-6f45-65769efc3066, NVIDIA RTX PRO 6000 Blackwell Max-Q Workstation Edition, 2317 MHz, 13365 MHz, 55307 MiB, 100 %, 0x0000000000000400
2026/09/22 11:02:08.067, 5, GPU-f93cb3ac-bea7-0586-9f2c-c0307696716e, NVIDIA RTX PRO 6000 Blackwell Max-Q Workstation Edition, 2310 MHz, 13365 MHz, 55330 MiB, 100 %, 0x0000000000000400
2026/09/22 11:02:08.067, 6, GPU-5a4ea3b7-bb73-9876-6f45-65769efc3066, NVIDIA RTX PRO 6000 Blackwell Max-Q Workstation Edition, 2317 MHz, 13365 MHz, 55307 MiB, 100 %, 0x0000000000000400
2026/09/22 11:02:09.067, 5, GPU-f93cb3ac-bea7-0586-9f2c-c0307696716e, NVIDIA RTX PRO 6000 Blackwell Max-Q Workstation Edition, 2332 MHz, 13365 MHz, 55330 MiB, 0 %, 0x0000000000000400
2026/09/22 11:02:09.067, 6, GPU-5a4ea3b7-bb73-9876-6f45-65769efc3066, NVIDIA RTX PRO 6000 Blackwell Max-Q Workstation Edition, 2347 MHz, 13365 MHz, 55307 MiB, 0 %, 0x0000000000000400
2026/09/22 11:02:10.067, 5, GPU-f93cb3ac-bea7-0586-9f2c-c0307696716e, NVIDIA RTX PRO 6000 Blackwell Max-Q Workstation Edition, 2347 MHz, 13365 MHz, 55330 MiB, 0 %, 0x0000000000000400
2026/09/22 11:02:10.067, 6, GPU-5a4ea3b7-bb73-9876-6f45-65769efc3066, NVIDIA RTX PRO 6000 Blackwell Max-Q Workstation Edition, 2347 MHz, 13365 MHz, 55307 MiB, 0 %, 0x0000000000000400
2026/09/22 11:02:11.068, 5, GPU-f93cb3ac-bea7-0586-9f2c-c0307696716e, NVIDIA RTX PRO 6000 Blackwell Max-Q Workstation Edition, 2295 MHz, 13365 MHz, 55330 MiB, 0 %, 0x0000000000000400
2026/09/22 11:02:11.068, 6, GPU-5a4ea3b7-bb73-9876-6f45-65769efc3066, NVIDIA RTX PRO 6000 Blackwell Max-Q Workstation Edition, 2325 MHz, 13365 MHz, 55307 MiB, 0 %, 0x0000000000000400
2026/09/22 11:02:12.068, 5, GPU-f93cb3ac-bea7-0586-9f2c-c0307696716e, NVIDIA RTX PRO 6000 Blackwell Max-Q Workstation Edition, 2287 MHz, 13365 MHz, 55330 MiB, 100 %, 0x0000000000000400
2026/09/22 11:02:12.068, 6, GPU-5a4ea3b7-bb73-9876-6f45-65769efc3066, NVIDIA RTX PRO 6000 Blackwell Max-Q Workstation Edition, 2287 MHz, 13365 MHz, 55307 MiB, 100 %, 0x0000000000000400
2026/09/22 11:02:13.068, 5, GPU-f93cb3ac-bea7-0586-9f2c-c0307696716e, NVIDIA RTX PRO 6000 Blackwell Max-Q Workstation Edition, 2257 MHz, 13365 MHz, 55330 MiB, 100 %, 0x0000000000000400
2026/09/22 11:02:13.079, 6, GPU-5a4ea3b7-bb73-9876-6f45-65769efc3066, NVIDIA RTX PRO 6000 Blackwell Max-Q Workstation Edition, 2265 MHz, 13365 MHz, 55307 MiB, 100 %, 0x0000000000000400
2026/09/22 11:02:14.089, 5, GPU-f93cb3ac-bea7-0586-9f2c-c0307696716e, NVIDIA RTX PRO 6000 Blackwell Max-Q Workstation Edition, 2250 MHz, 13365 MHz, 55330 MiB, 100 %, 0x0000000000000400
2026/09/22 11:02:14.089, 6, GPU-5a4ea3b7-bb73-9876-6f45-65769efc3066, NVIDIA RTX PRO 6000 Blackwell Max-Q Workstation Edition, 2265 MHz, 13365 MHz, 55307 MiB, 100 %, 0x0000000000000400
2026/09/22 11:02:15.090, 5, GPU-f93cb3ac-bea7-0586-9f2c-c0307696716e, NVIDIA RTX PRO 6000 Blackwell Max-Q Workstation Edition, 2257 MHz, 13365 MHz, 55330 MiB, 100 %, 0x0000000000000400
2026/09/22 11:02:15.090, 6, GPU-5a4ea3b7-bb73-9876-6f45-65769efc3066, NVIDIA RTX PRO 6000 Blackwell Max-Q Workstation Edition, 2265 MHz, 13365 MHz, 55307 MiB, 100 %, 0x0000000000000400
2026/09/22 11:02:16.090, 5, GPU-f93cb3ac-bea7-0586-9f2c-c0307696716e, NVIDIA RTX PRO 6000 Blackwell Max-Q Workstation Edition, 2250 MHz, 13365 MHz, 55330 MiB, 100 %, 0x0000000000000400
2026/09/22 11:02:16.090, 6, GPU-5a4ea3b7-bb73-9876-6f45-65769efc3066, NVIDIA RTX PRO 6000 Blackwell Max-Q Workstation Edition, 2265 MHz, 13365 MHz, 55307 MiB, 100 %, 0x0000000000000400
2026/09/22 11:02:17.090, 5, GPU-f93cb3ac-bea7-0586-9f2c-c0307696716e, NVIDIA RTX PRO 6000 Blackwell Max-Q Workstation Edition, 2250 MHz, 13365 MHz, 55330 MiB, 100 %, 0x0000000000000400
2026/09/22 11:02:17.090, 6, GPU-5a4ea3b7-bb73-9876-6f45-65769efc3066, NVIDIA RTX PRO 6000 Blackwell Max-Q Workstation Edition, 2265 MHz, 13365 MHz, 55307 MiB, 100 %, 0x0000000000000400
2026/09/22 11:02:18.090, 5, GPU-f93cb3ac-bea7-0586-9f2c-c0307696716e, NVIDIA RTX PRO 6000 Blackwell Max-Q Workstation Edition, 2250 MHz, 13365 MHz, 55330 MiB, 100 %, 0x0000000000000400
2026/09/22 11:02:18.090, 6, GPU-5a4ea3b7-bb73-9876-6f45-65769efc3066, NVIDIA RTX PRO 6000 Blackwell Max-Q Workstation Edition, 2265 MHz, 13365 MHz, 55307 MiB, 100 %, 0x0000000000000400
2026/09/22 11:02:19.091, 5, GPU-f93cb3ac-bea7-0586-9f2c-c0307696716e, NVIDIA RTX PRO 6000 Blackwell Max-Q Workstation Edition, 2250 MHz, 13365 MHz, 55330 MiB, 100 %, 0x0000000000000400
2026/09/22 11:02:19.091, 6, GPU-5a4ea3b7-bb73-9876-6f45-65769efc3066, NVIDIA RTX PRO 6000 Blackwell Max-Q Workstation Edition, 2265 MHz, 13365 MHz, 55307 MiB, 100 %, 0x0000000000000400
2026/09/22 11:02:20.091, 5, GPU-f93cb3ac-bea7-0586-9f2c-c0307696716e, NVIDIA RTX PRO 6000 Blackwell Max-Q Workstation Edition, 2250 MHz, 13365 MHz, 55330 MiB, 100 %, 0x0000000000000400
2026/09/22 11:02:20.091, 6, GPU-5a4ea3b7-bb73-9876-6f45-65769efc3066, NVIDIA RTX PRO 6000 Blackwell Max-Q Workstation Edition, 2265 MHz, 13365 MHz, 55307 MiB, 100 %, 0x0000000000000400
2026/09/22 11:02:21.091, 5, GPU-f93cb3ac-bea7-0586-9f2c-c0307696716e, NVIDIA RTX PRO 6000 Blackwell Max-Q Workstation Edition, 2250 MHz, 13365 MHz, 55330 MiB, 100 %, 0x0000000000000400
2026/09/22 11:02:21.091, 6, GPU-5a4ea3b7-bb73-9876-6f45-65769efc3066, NVIDIA RTX PRO 6000 Blackwell Max-Q Workstation Edition, 2265 MHz, 13365 MHz, 55307 MiB, 100 %, 0x0000000000000400
2026/09/22 11:02:22.091, 5, GPU-f93cb3ac-bea7-0586-9f2c-c0307696716e, NVIDIA RTX PRO 6000 Blackwell Max-Q Workstation Edition, 2250 MHz, 13365 MHz, 55330 MiB, 100 %, 0x0000000000000400
2026/09/22 11:02:22.091, 6, GPU-5a4ea3b7-bb73-9876-6f45-65769efc3066, NVIDIA RTX PRO 6000 Blackwell Max-Q Workstation Edition, 2257 MHz, 13365 MHz, 55307 MiB, 100 %, 0x0000000000000400
2026/09/22 11:02:23.092, 5, GPU-f93cb3ac-bea7-0586-9f2c-c0307696716e, NVIDIA RTX PRO 6000 Blackwell Max-Q Workstation Edition, 2250 MHz, 13365 MHz, 55330 MiB, 100 %, 0x0000000000000400
2026/09/22 11:02:23.092, 6, GPU-5a4ea3b7-bb73-9876-6f45-65769efc3066, NVIDIA RTX PRO 6000 Blackwell Max-Q Workstation Edition, 2265 MHz, 13365 MHz, 55307 MiB, 100 %, 0x0000000000000400
2026/09/22 11:02:24.092, 5, GPU-f93cb3ac-bea7-0586-9f2c-c0307696716e, NVIDIA RTX PRO 6000 Blackwell Max-Q Workstation Edition, 2250 MHz, 13365 MHz, 55330 MiB, 100 %, 0x0000000000000400
2026/09/22 11:02:24.092, 6, GPU-5a4ea3b7-bb73-9876-6f45-65769efc3066, NVIDIA RTX PRO 6000 Blackwell Max-Q Workstation Edition, 2257 MHz, 13365 MHz, 55307 MiB, 100 %, 0x0000000000000400
2026/09/22 11:02:25.092, 5, GPU-f93cb3ac-bea7-0586-9f2c-c0307696716e, NVIDIA RTX PRO 6000 Blackwell Max-Q Workstation Edition, 2250 MHz, 13365 MHz, 55330 MiB, 100 %, 0x0000000000000400
2026/09/22 11:02:25.092, 6, GPU-5a4ea3b7-bb73-9876-6f45-65769efc3066, NVIDIA RTX PRO 6000 Blackwell Max-Q Workstation Edition, 2265 MHz, 13365 MHz, 55307 MiB, 100 %, 0x0000000000000400
2026/09/22 11:02:26.092, 5, GPU-f93cb3ac-bea7-0586-9f2c-c0307696716e, NVIDIA RTX PRO 6000 Blackwell Max-Q Workstation Edition, 2250 MHz, 13365 MHz, 55330 MiB, 100 %, 0x0000000000000400
2026/09/22 11:02:26.092, 6, GPU-5a4ea3b7-bb73-9876-6f45-65769efc3066, NVIDIA RTX PRO 6000 Blackwell Max-Q Workstation Edition, 2265 MHz, 13365 MHz, 55307 MiB, 100 %, 0x0000000000000400
2026/09/22 11:02:27.092, 5, GPU-f93cb3ac-bea7-0586-9f2c-c0307696716e, NVIDIA RTX PRO 6000 Blackwell Max-Q Workstation Edition, 2250 MHz, 13365 MHz, 55330 MiB, 100 %, 0x0000000000000400
2026/09/22 11:02:27.093, 6, GPU-5a4ea3b7-bb73-9876-6f45-65769efc3066, NVIDIA RTX PRO 6000 Blackwell Max-Q Workstation Edition, 2265 MHz, 13365 MHz, 55307 MiB, 100 %, 0x0000000000000400
2026/09/22 11:02:28.093, 5, GPU-f93cb3ac-bea7-0586-9f2c-c0307696716e, NVIDIA RTX PRO 6000 Blackwell Max-Q Workstation Edition, 2250 MHz, 13365 MHz, 55330 MiB, 100 %, 0x0000000000000400
2026/09/22 11:02:28.093, 6, GPU-5a4ea3b7-bb73-9876-6f45-65769efc3066, NVIDIA RTX PRO 6000 Blackwell Max-Q Workstation Edition, 2265 MHz, 13365 MHz, 55307 MiB, 100 %, 0x0000000000000400
2026/09/22 11:02:29.093, 5, GPU-f93cb3ac-bea7-0586-9f2c-c0307696716e, NVIDIA RTX PRO 6000 Blackwell Max-Q Workstation Edition, 2250 MHz, 13365 MHz, 55330 MiB, 100 %, 0x0000000000000400
2026/09/22 11:02:29.093, 6, GPU-5a4ea3b7-bb73-9876-6f45-65769efc3066, NVIDIA RTX PRO 6000 Blackwell Max-Q Workstation Edition, 2265 MHz, 13365 MHz, 55307 MiB, 100 %, 0x0000000000000400
2026/09/22 11:02:30.093, 5, GPU-f93cb3ac-bea7-0586-9f2c-c0307696716e, NVIDIA RTX PRO 6000 Blackwell Max-Q Workstation Edition, 2250 MHz, 13365 MHz, 55330 MiB, 100 %, 0x0000000000000400
2026/09/22 11:02:30.093, 6, GPU-5a4ea3b7-bb73-9876-6f45-65769efc3066, NVIDIA RTX PRO 6000 Blackwell Max-Q Workstation Edition, 2265 MHz, 13365 MHz, 55307 MiB, 100 %, 0x0000000000000400
2026/09/22 11:02:31.093, 5, GPU-f93cb3ac-bea7-0586-9f2c-c0307696716e, NVIDIA RTX PRO 6000 Blackwell Max-Q Workstation Edition, 2250 MHz, 13365 MHz, 55330 MiB, 100 %, 0x0000000000000400
2026/09/22 11:02:31.094, 6, GPU-5a4ea3b7-bb73-9876-6f45-65769efc3066, NVIDIA RTX PRO 6000 Blackwell Max-Q Workstation Edition, 2265 MHz, 13365 MHz, 55307 MiB, 100 %, 0x0000000000000400
2026/09/22 11:02:32.094, 5, GPU-f93cb3ac-bea7-0586-9f2c-c0307696716e, NVIDIA RTX PRO 6000 Blackwell Max-Q Workstation Edition, 2257 MHz, 13365 MHz, 55330 MiB, 100 %, 0x0000000000000400
2026/09/22 11:02:32.094, 6, GPU-5a4ea3b7-bb73-9876-6f45-65769efc3066, NVIDIA RTX PRO 6000 Blackwell Max-Q Workstation Edition, 2265 MHz, 13365 MHz, 55307 MiB, 100 %, 0x0000000000000400
2026/09/22 11:02:33.094, 5, GPU-f93cb3ac-bea7-0586-9f2c-c0307696716e, NVIDIA RTX PRO 6000 Blackwell Max-Q Workstation Edition, 2250 MHz, 13365 MHz, 55330 MiB, 100 %, 0x0000000000000400
2026/09/22 11:02:33.094, 6, GPU-5a4ea3b7-bb73-9876-6f45-65769efc3066, NVIDIA RTX PRO 6000 Blackwell Max-Q Workstation Edition, 2265 MHz, 13365 MHz, 55307 MiB, 100 %, 0x0000000000000400
2026/09/22 11:02:34.094, 5, GPU-f93cb3ac-bea7-0586-9f2c-c0307696716e, NVIDIA RTX PRO 6000 Blackwell Max-Q Workstation Edition, 2257 MHz, 13365 MHz, 55330 MiB, 100 %, 0x0000000000000400
2026/09/22 11:02:34.104, 6, GPU-5a4ea3b7-bb73-9876-6f45-65769efc3066, NVIDIA RTX PRO 6000 Blackwell Max-Q Workstation Edition, 2265 MHz, 13365 MHz, 55307 MiB, 100 %, 0x0000000000000400
2026/09/22 11:02:35.104, 5, GPU-f93cb3ac-bea7-0586-9f2c-c0307696716e, NVIDIA RTX PRO 6000 Blackwell Max-Q Workstation Edition, 2257 MHz, 13365 MHz, 55330 MiB, 100 %, 0x0000000000000400
2026/09/22 11:02:35.104, 6, GPU-5a4ea3b7-bb73-9876-6f45-65769efc3066, NVIDIA RTX PRO 6000 Blackwell Max-Q Workstation Edition, 2265 MHz, 13365 MHz, 55307 MiB, 100 %, 0x0000000000000400
2026/09/22 11:02:36.104, 5, GPU-f93cb3ac-bea7-0586-9f2c-c0307696716e, NVIDIA RTX PRO 6000 Blackwell Max-Q Workstation Edition, 2250 MHz, 13365 MHz, 55330 MiB, 100 %, 0x0000000000000400
2026/09/22 11:02:36.104, 6, GPU-5a4ea3b7-bb73-9876-6f45-65769efc3066, NVIDIA RTX PRO 6000 Blackwell Max-Q Workstation Edition, 2265 MHz, 13365 MHz, 55307 MiB, 100 %, 0x0000000000000400
2026/09/22 11:02:37.104, 5, GPU-f93cb3ac-bea7-0586-9f2c-c0307696716e, NVIDIA RTX PRO 6000 Blackwell Max-Q Workstation Edition, 2250 MHz, 13365 MHz, 55330 MiB, 100 %, 0x0000000000000400
2026/09/22 11:02:37.105, 6, GPU-5a4ea3b7-bb73-9876-6f45-65769efc3066, NVIDIA RTX PRO 6000 Blackwell Max-Q Workstation Edition, 2265 MHz, 13365 MHz, 55307 MiB, 100 %, 0x0000000000000400
2026/09/22 11:02:38.105, 5, GPU-f93cb3ac-bea7-0586-9f2c-c0307696716e, NVIDIA RTX PRO 6000 Blackwell Max-Q Workstation Edition, 2250 MHz, 13365 MHz, 55330 MiB, 100 %, 0x0000000000000400
2026/09/22 11:02:38.105, 6, GPU-5a4ea3b7-bb73-9876-6f45-65769efc3066, NVIDIA RTX PRO 6000 Blackwell Max-Q Workstation Edition, 2265 MHz, 13365 MHz, 55307 MiB, 100 %, 0x0000000000000400
2026/09/22 11:02:39.105, 5, GPU-f93cb3ac-bea7-0586-9f2c-c0307696716e, NVIDIA RTX PRO 6000 Blackwell Max-Q Workstation Edition, 2250 MHz, 13365 MHz, 55330 MiB, 100 %, 0x0000000000000400
2026/09/22 11:02:39.105, 6, GPU-5a4ea3b7-bb73-9876-6f45-65769efc3066, NVIDIA RTX PRO 6000 Blackwell Max-Q Workstation Edition, 2265 MHz, 13365 MHz, 55307 MiB, 100 %, 0x0000000000000400
2026/09/22 11:02:40.105, 5, GPU-f93cb3ac-bea7-0586-9f2c-c0307696716e, NVIDIA RTX PRO 6000 Blackwell Max-Q Workstation Edition, 2250 MHz, 13365 MHz, 55330 MiB, 100 %, 0x0000000000000400
2026/09/22 11:02:40.105, 6, GPU-5a4ea3b7-bb73-9876-6f45-65769efc3066, NVIDIA RTX PRO 6000 Blackwell Max-Q Workstation Edition, 2265 MHz, 13365 MHz, 55307 MiB, 100 %, 0x0000000000000400
2026/09/22 11:02:41.105, 5, GPU-f93cb3ac-bea7-0586-9f2c-c0307696716e, NVIDIA RTX PRO 6000 Blackwell Max-Q Workstation Edition, 2250 MHz, 13365 MHz, 55330 MiB, 100 %, 0x0000000000000400
2026/09/22 11:02:41.106, 6, GPU-5a4ea3b7-bb73-9876-6f45-65769efc3066, NVIDIA RTX PRO 6000 Blackwell Max-Q Workstation Edition, 2265 MHz, 13365 MHz, 55307 MiB, 100 %, 0x0000000000000400
2026/09/22 11:02:42.106, 5, GPU-f93cb3ac-bea7-0586-9f2c-c0307696716e, NVIDIA RTX PRO 6000 Blackwell Max-Q Workstation Edition, 2250 MHz, 13365 MHz, 55330 MiB, 100 %, 0x0000000000000400
2026/09/22 11:02:42.106, 6, GPU-5a4ea3b7-bb73-9876-6f45-65769efc3066, NVIDIA RTX PRO 6000 Blackwell Max-Q Workstation Edition, 2265 MHz, 13365 MHz, 55307 MiB, 100 %, 0x0000000000000400
2026/09/22 11:02:43.106, 5, GPU-f93cb3ac-bea7-0586-9f2c-c0307696716e, NVIDIA RTX PRO 6000 Blackwell Max-Q Workstation Edition, 2250 MHz, 13365 MHz, 55330 MiB, 100 %, 0x0000000000000400
2026/09/22 11:02:43.106, 6, GPU-5a4ea3b7-bb73-9876-6f45-65769efc3066, NVIDIA RTX PRO 6000 Blackwell Max-Q Workstation Edition, 2257 MHz, 13365 MHz, 55307 MiB, 100 %, 0x0000000000000400
2026/09/22 11:02:44.106, 5, GPU-f93cb3ac-bea7-0586-9f2c-c0307696716e, NVIDIA RTX PRO 6000 Blackwell Max-Q Workstation Edition, 2250 MHz, 13365 MHz, 55330 MiB, 100 %, 0x0000000000000400
2026/09/22 11:02:44.106, 6, GPU-5a4ea3b7-bb73-9876-6f45-65769efc3066, NVIDIA RTX PRO 6000 Blackwell Max-Q Workstation Edition, 2265 MHz, 13365 MHz, 55307 MiB, 100 %, 0x0000000000000400
2026/09/22 11:02:45.106, 5, GPU-f93cb3ac-bea7-0586-9f2c-c0307696716e, NVIDIA RTX PRO 6000 Blackwell Max-Q Workstation Edition, 2250 MHz, 13365 MHz, 55330 MiB, 100 %, 0x0000000000000400
2026/09/22 11:02:45.106, 6, GPU-5a4ea3b7-bb73-9876-6f45-65769efc3066, NVIDIA RTX PRO 6000 Blackwell Max-Q Workstation Edition, 2265 MHz, 13365 MHz, 55307 MiB, 100 %, 0x0000000000000400
2026/09/22 11:02:46.107, 5, GPU-f93cb3ac-bea7-0586-9f2c-c0307696716e, NVIDIA RTX PRO 6000 Blackwell Max-Q Workstation Edition, 2250 MHz, 13365 MHz, 55330 MiB, 100 %, 0x0000000000000400
2026/09/22 11:02:46.107, 6, GPU-5a4ea3b7-bb73-9876-6f45-65769efc3066, NVIDIA RTX PRO 6000 Blackwell Max-Q Workstation Edition, 2265 MHz, 13365 MHz, 55307 MiB, 100 %, 0x0000000000000400
2026/09/22 11:02:47.107, 5, GPU-f93cb3ac-bea7-0586-9f2c-c0307696716e, NVIDIA RTX PRO 6000 Blackwell Max-Q Workstation Edition, 2250 MHz, 13365 MHz, 55330 MiB, 100 %, 0x0000000000000400
2026/09/22 11:02:47.107, 6, GPU-5a4ea3b7-bb73-9876-6f45-65769efc3066, NVIDIA RTX PRO 6000 Blackwell Max-Q Workstation Edition, 2257 MHz, 13365 MHz, 55307 MiB, 100 %, 0x0000000000000400
2026/09/22 11:02:48.107, 5, GPU-f93cb3ac-bea7-0586-9f2c-c0307696716e, NVIDIA RTX PRO 6000 Blackwell Max-Q Workstation Edition, 2347 MHz, 13365 MHz, 55330 MiB, 0 %, 0x0000000000000400
2026/09/22 11:02:48.107, 6, GPU-5a4ea3b7-bb73-9876-6f45-65769efc3066, NVIDIA RTX PRO 6000 Blackwell Max-Q Workstation Edition, 2355 MHz, 13365 MHz, 55307 MiB, 0 %, 0x0000000000000400
2026/09/22 11:02:49.107, 5, GPU-f93cb3ac-bea7-0586-9f2c-c0307696716e, NVIDIA RTX PRO 6000 Blackwell Max-Q Workstation Edition, 2332 MHz, 13365 MHz, 55330 MiB, 0 %, 0x0000000000000400
2026/09/22 11:02:49.107, 6, GPU-5a4ea3b7-bb73-9876-6f45-65769efc3066, NVIDIA RTX PRO 6000 Blackwell Max-Q Workstation Edition, 2355 MHz, 13365 MHz, 55307 MiB, 0 %, 0x0000000000000400
2026/09/22 11:02:50.108, 5, GPU-f93cb3ac-bea7-0586-9f2c-c0307696716e, NVIDIA RTX PRO 6000 Blackwell Max-Q Workstation Edition, 2272 MHz, 13365 MHz, 55330 MiB, 0 %, 0x0000000000000400
2026/09/22 11:02:50.108, 6, GPU-5a4ea3b7-bb73-9876-6f45-65769efc3066, NVIDIA RTX PRO 6000 Blackwell Max-Q Workstation Edition, 2355 MHz, 13365 MHz, 55307 MiB, 0 %, 0x0000000000000400
2026/09/22 11:02:51.108, 5, GPU-f93cb3ac-bea7-0586-9f2c-c0307696716e, NVIDIA RTX PRO 6000 Blackwell Max-Q Workstation Edition, 2272 MHz, 13365 MHz, 55330 MiB, 0 %, 0x0000000000000400
2026/09/22 11:02:51.108, 6, GPU-5a4ea3b7-bb73-9876-6f45-65769efc3066, NVIDIA RTX PRO 6000 Blackwell Max-Q Workstation Edition, 2272 MHz, 13365 MHz, 55307 MiB, 0 %, 0x0000000000000400
2026/09/22 11:02:52.108, 5, GPU-f93cb3ac-bea7-0586-9f2c-c0307696716e, NVIDIA RTX PRO 6000 Blackwell Max-Q Workstation Edition, 2272 MHz, 13365 MHz, 55330 MiB, 0 %, 0x0000000000000400
2026/09/22 11:02:52.108, 6, GPU-5a4ea3b7-bb73-9876-6f45-65769efc3066, NVIDIA RTX PRO 6000 Blackwell Max-Q Workstation Edition, 2272 MHz, 13365 MHz, 55307 MiB, 0 %, 0x0000000000000400
2026/09/22 11:02:53.108, 5, GPU-f93cb3ac-bea7-0586-9f2c-c0307696716e, NVIDIA RTX PRO 6000 Blackwell Max-Q Workstation Edition, 2272 MHz, 13365 MHz, 55330 MiB, 0 %, 0x0000000000000400
2026/09/22 11:02:53.108, 6, GPU-5a4ea3b7-bb73-9876-6f45-65769efc3066, NVIDIA RTX PRO 6000 Blackwell Max-Q Workstation Edition, 2272 MHz, 13365 MHz, 55307 MiB, 0 %, 0x0000000000000400
2026/09/22 11:02:54.109, 5, GPU-f93cb3ac-bea7-0586-9f2c-c0307696716e, NVIDIA RTX PRO 6000 Blackwell Max-Q Workstation Edition, 2272 MHz, 13365 MHz, 55330 MiB, 14 %, 0x0000000000000400
2026/09/22 11:02:54.109, 6, GPU-5a4ea3b7-bb73-9876-6f45-65769efc3066, NVIDIA RTX PRO 6000 Blackwell Max-Q Workstation Edition, 2272 MHz, 13365 MHz, 55307 MiB, 0 %, 0x0000000000000400
2026/09/22 11:02:55.109, 5, GPU-f93cb3ac-bea7-0586-9f2c-c0307696716e, NVIDIA RTX PRO 6000 Blackwell Max-Q Workstation Edition, 2302 MHz, 13365 MHz, 55330 MiB, 100 %, 0x0000000000000400
2026/09/22 11:02:55.109, 6, GPU-5a4ea3b7-bb73-9876-6f45-65769efc3066, NVIDIA RTX PRO 6000 Blackwell Max-Q Workstation Edition, 2317 MHz, 13365 MHz, 55307 MiB, 100 %, 0x0000000000000400
2026/09/22 11:02:56.109, 5, GPU-f93cb3ac-bea7-0586-9f2c-c0307696716e, NVIDIA RTX PRO 6000 Blackwell Max-Q Workstation Edition, 2310 MHz, 13365 MHz, 55330 MiB, 100 %, 0x0000000000000400
2026/09/22 11:02:56.109, 6, GPU-5a4ea3b7-bb73-9876-6f45-65769efc3066, NVIDIA RTX PRO 6000 Blackwell Max-Q Workstation Edition, 2317 MHz, 13365 MHz, 55307 MiB, 100 %, 0x0000000000000400
2026/09/22 11:02:57.109, 5, GPU-f93cb3ac-bea7-0586-9f2c-c0307696716e, NVIDIA RTX PRO 6000 Blackwell Max-Q Workstation Edition, 2310 MHz, 13365 MHz, 55330 MiB, 100 %, 0x0000000000000400
2026/09/22 11:02:57.109, 6, GPU-5a4ea3b7-bb73-9876-6f45-65769efc3066, NVIDIA RTX PRO 6000 Blackwell Max-Q Workstation Edition, 2317 MHz, 13365 MHz, 55307 MiB, 100 %, 0x0000000000000400
2026/09/22 11:02:58.110, 5, GPU-f93cb3ac-bea7-0586-9f2c-c0307696716e, NVIDIA RTX PRO 6000 Blackwell Max-Q Workstation Edition, 2310 MHz, 13365 MHz, 55330 MiB, 100 %, 0x0000000000000400
2026/09/22 11:02:58.110, 6, GPU-5a4ea3b7-bb73-9876-6f45-65769efc3066, NVIDIA RTX PRO 6000 Blackwell Max-Q Workstation Edition, 2317 MHz, 13365 MHz, 55307 MiB, 100 %, 0x0000000000000400
2026/09/22 11:02:59.110, 5, GPU-f93cb3ac-bea7-0586-9f2c-c0307696716e, NVIDIA RTX PRO 6000 Blackwell Max-Q Workstation Edition, 2310 MHz, 13365 MHz, 55330 MiB, 100 %, 0x0000000000000400
2026/09/22 11:02:59.110, 6, GPU-5a4ea3b7-bb73-9876-6f45-65769efc3066, NVIDIA RTX PRO 6000 Blackwell Max-Q Workstation Edition, 2317 MHz, 13365 MHz, 55307 MiB, 100 %, 0x0000000000000400
2026/09/22 11:03:00.110, 5, GPU-f93cb3ac-bea7-0586-9f2c-c0307696716e, NVIDIA RTX PRO 6000 Blackwell Max-Q Workstation Edition, 2310 MHz, 13365 MHz, 55330 MiB, 100 %, 0x0000000000000400
2026/09/22 11:03:00.110, 6, GPU-5a4ea3b7-bb73-9876-6f45-65769efc3066, NVIDIA RTX PRO 6000 Blackwell Max-Q Workstation Edition, 2317 MHz, 13365 MHz, 55307 MiB, 100 %, 0x0000000000000400
2026/09/22 11:03:01.110, 5, GPU-f93cb3ac-bea7-0586-9f2c-c0307696716e, NVIDIA RTX PRO 6000 Blackwell Max-Q Workstation Edition, 2310 MHz, 13365 MHz, 55330 MiB, 100 %, 0x0000000000000400
2026/09/22 11:03:01.110, 6, GPU-5a4ea3b7-bb73-9876-6f45-65769efc3066, NVIDIA RTX PRO 6000 Blackwell Max-Q Workstation Edition, 2317 MHz, 13365 MHz, 55307 MiB, 100 %, 0x0000000000000400
2026/09/22 11:03:02.111, 5, GPU-f93cb3ac-bea7-0586-9f2c-c0307696716e, NVIDIA RTX PRO 6000 Blackwell Max-Q Workstation Edition, 2310 MHz, 13365 MHz, 55330 MiB, 100 %, 0x0000000000000400
2026/09/22 11:03:02.111, 6, GPU-5a4ea3b7-bb73-9876-6f45-65769efc3066, NVIDIA RTX PRO 6000 Blackwell Max-Q Workstation Edition, 2317 MHz, 13365 MHz, 55307 MiB, 100 %, 0x0000000000000400
2026/09/22 11:03:03.111, 5, GPU-f93cb3ac-bea7-0586-9f2c-c0307696716e, NVIDIA RTX PRO 6000 Blackwell Max-Q Workstation Edition, 2310 MHz, 13365 MHz, 55330 MiB, 100 %, 0x0000000000000400
2026/09/22 11:03:03.111, 6, GPU-5a4ea3b7-bb73-9876-6f45-65769efc3066, NVIDIA RTX PRO 6000 Blackwell Max-Q Workstation Edition, 2317 MHz, 13365 MHz, 55307 MiB, 100 %, 0x0000000000000400
2026/09/22 11:03:04.111, 5, GPU-f93cb3ac-bea7-0586-9f2c-c0307696716e, NVIDIA RTX PRO 6000 Blackwell Max-Q Workstation Edition, 2310 MHz, 13365 MHz, 55330 MiB, 100 %, 0x0000000000000400
2026/09/22 11:03:04.111, 6, GPU-5a4ea3b7-bb73-9876-6f45-65769efc3066, NVIDIA RTX PRO 6000 Blackwell Max-Q Workstation Edition, 2317 MHz, 13365 MHz, 55307 MiB, 100 %, 0x0000000000000400
2026/09/22 11:03:05.111, 5, GPU-f93cb3ac-bea7-0586-9f2c-c0307696716e, NVIDIA RTX PRO 6000 Blackwell Max-Q Workstation Edition, 2310 MHz, 13365 MHz, 55330 MiB, 100 %, 0x0000000000000400
2026/09/22 11:03:05.111, 6, GPU-5a4ea3b7-bb73-9876-6f45-65769efc3066, NVIDIA RTX PRO 6000 Blackwell Max-Q Workstation Edition, 2317 MHz, 13365 MHz, 55307 MiB, 100 %, 0x0000000000000400
2026/09/22 11:03:06.112, 5, GPU-f93cb3ac-bea7-0586-9f2c-c0307696716e, NVIDIA RTX PRO 6000 Blackwell Max-Q Workstation Edition, 2310 MHz, 13365 MHz, 55330 MiB, 100 %, 0x0000000000000400
2026/09/22 11:03:06.112, 6, GPU-5a4ea3b7-bb73-9876-6f45-65769efc3066, NVIDIA RTX PRO 6000 Blackwell Max-Q Workstation Edition, 2317 MHz, 13365 MHz, 55307 MiB, 100 %, 0x0000000000000400
2026/09/22 11:03:07.112, 5, GPU-f93cb3ac-bea7-0586-9f2c-c0307696716e, NVIDIA RTX PRO 6000 Blackwell Max-Q Workstation Edition, 2310 MHz, 13365 MHz, 55330 MiB, 100 %, 0x0000000000000400
2026/09/22 11:03:07.112, 6, GPU-5a4ea3b7-bb73-9876-6f45-65769efc3066, NVIDIA RTX PRO 6000 Blackwell Max-Q Workstation Edition, 2317 MHz, 13365 MHz, 55307 MiB, 100 %, 0x0000000000000400
2026/09/22 11:03:08.112, 5, GPU-f93cb3ac-bea7-0586-9f2c-c0307696716e, NVIDIA RTX PRO 6000 Blackwell Max-Q Workstation Edition, 2310 MHz, 13365 MHz, 55330 MiB, 100 %, 0x0000000000000400
2026/09/22 11:03:08.112, 6, GPU-5a4ea3b7-bb73-9876-6f45-65769efc3066, NVIDIA RTX PRO 6000 Blackwell Max-Q Workstation Edition, 2317 MHz, 13365 MHz, 55307 MiB, 100 %, 0x0000000000000400
2026/09/22 11:03:09.112, 5, GPU-f93cb3ac-bea7-0586-9f2c-c0307696716e, NVIDIA RTX PRO 6000 Blackwell Max-Q Workstation Edition, 2310 MHz, 13365 MHz, 55330 MiB, 100 %, 0x0000000000000400
2026/09/22 11:03:09.112, 6, GPU-5a4ea3b7-bb73-9876-6f45-65769efc3066, NVIDIA RTX PRO 6000 Blackwell Max-Q Workstation Edition, 2317 MHz, 13365 MHz, 55307 MiB, 100 %, 0x0000000000000400
2026/09/22 11:03:10.113, 5, GPU-f93cb3ac-bea7-0586-9f2c-c0307696716e, NVIDIA RTX PRO 6000 Blackwell Max-Q Workstation Edition, 2317 MHz, 13365 MHz, 55330 MiB, 0 %, 0x0000000000000400
2026/09/22 11:03:10.113, 6, GPU-5a4ea3b7-bb73-9876-6f45-65769efc3066, NVIDIA RTX PRO 6000 Blackwell Max-Q Workstation Edition, 2332 MHz, 13365 MHz, 55307 MiB, 0 %, 0x0000000000000400
2026/09/22 11:03:11.113, 5, GPU-f93cb3ac-bea7-0586-9f2c-c0307696716e, NVIDIA RTX PRO 6000 Blackwell Max-Q Workstation Edition, 2347 MHz, 13365 MHz, 55330 MiB, 0 %, 0x0000000000000400
2026/09/22 11:03:11.113, 6, GPU-5a4ea3b7-bb73-9876-6f45-65769efc3066, NVIDIA RTX PRO 6000 Blackwell Max-Q Workstation Edition, 2347 MHz, 13365 MHz, 55307 MiB, 0 %, 0x0000000000000400
2026/09/22 11:03:12.113, 5, GPU-f93cb3ac-bea7-0586-9f2c-c0307696716e, NVIDIA RTX PRO 6000 Blackwell Max-Q Workstation Edition, 2347 MHz, 13365 MHz, 55330 MiB, 0 %, 0x0000000000000400
2026/09/22 11:03:12.113, 6, GPU-5a4ea3b7-bb73-9876-6f45-65769efc3066, NVIDIA RTX PRO 6000 Blackwell Max-Q Workstation Edition, 2325 MHz, 13365 MHz, 55307 MiB, 0 %, 0x0000000000000400
2026/09/22 11:03:13.113, 5, GPU-f93cb3ac-bea7-0586-9f2c-c0307696716e, NVIDIA RTX PRO 6000 Blackwell Max-Q Workstation Edition, 2302 MHz, 13365 MHz, 55330 MiB, 100 %, 0x0000000000000400
2026/09/22 11:03:13.113, 6, GPU-5a4ea3b7-bb73-9876-6f45-65769efc3066, NVIDIA RTX PRO 6000 Blackwell Max-Q Workstation Edition, 2310 MHz, 13365 MHz, 55307 MiB, 100 %, 0x0000000000000400
2026/09/22 11:03:14.114, 5, GPU-f93cb3ac-bea7-0586-9f2c-c0307696716e, NVIDIA RTX PRO 6000 Blackwell Max-Q Workstation Edition, 2310 MHz, 13365 MHz, 55330 MiB, 100 %, 0x0000000000000400
2026/09/22 11:03:14.114, 6, GPU-5a4ea3b7-bb73-9876-6f45-65769efc3066, NVIDIA RTX PRO 6000 Blackwell Max-Q Workstation Edition, 2317 MHz, 13365 MHz, 55307 MiB, 100 %, 0x0000000000000400
2026/09/22 11:03:15.114, 5, GPU-f93cb3ac-bea7-0586-9f2c-c0307696716e, NVIDIA RTX PRO 6000 Blackwell Max-Q Workstation Edition, 2310 MHz, 13365 MHz, 55330 MiB, 100 %, 0x0000000000000400
2026/09/22 11:03:15.114, 6, GPU-5a4ea3b7-bb73-9876-6f45-65769efc3066, NVIDIA RTX PRO 6000 Blackwell Max-Q Workstation Edition, 2317 MHz, 13365 MHz, 55307 MiB, 100 %, 0x0000000000000400
2026/09/22 11:03:16.114, 5, GPU-f93cb3ac-bea7-0586-9f2c-c0307696716e, NVIDIA RTX PRO 6000 Blackwell Max-Q Workstation Edition, 2310 MHz, 13365 MHz, 55330 MiB, 100 %, 0x0000000000000400
2026/09/22 11:03:16.114, 6, GPU-5a4ea3b7-bb73-9876-6f45-65769efc3066, NVIDIA RTX PRO 6000 Blackwell Max-Q Workstation Edition, 2317 MHz, 13365 MHz, 55307 MiB, 100 %, 0x0000000000000400
2026/09/22 11:03:17.114, 5, GPU-f93cb3ac-bea7-0586-9f2c-c0307696716e, NVIDIA RTX PRO 6000 Blackwell Max-Q Workstation Edition, 2310 MHz, 13365 MHz, 55330 MiB, 100 %, 0x0000000000000400
2026/09/22 11:03:17.114, 6, GPU-5a4ea3b7-bb73-9876-6f45-65769efc3066, NVIDIA RTX PRO 6000 Blackwell Max-Q Workstation Edition, 2317 MHz, 13365 MHz, 55307 MiB, 100 %, 0x0000000000000400
2026/09/22 11:03:18.114, 5, GPU-f93cb3ac-bea7-0586-9f2c-c0307696716e, NVIDIA RTX PRO 6000 Blackwell Max-Q Workstation Edition, 2310 MHz, 13365 MHz, 55330 MiB, 100 %, 0x0000000000000400
2026/09/22 11:03:18.115, 6, GPU-5a4ea3b7-bb73-9876-6f45-65769efc3066, NVIDIA RTX PRO 6000 Blackwell Max-Q Workstation Edition, 2317 MHz, 13365 MHz, 55307 MiB, 100 %, 0x0000000000000400
2026/09/22 11:03:19.115, 5, GPU-f93cb3ac-bea7-0586-9f2c-c0307696716e, NVIDIA RTX PRO 6000 Blackwell Max-Q Workstation Edition, 2310 MHz, 13365 MHz, 55330 MiB, 100 %, 0x0000000000000400
2026/09/22 11:03:19.115, 6, GPU-5a4ea3b7-bb73-9876-6f45-65769efc3066, NVIDIA RTX PRO 6000 Blackwell Max-Q Workstation Edition, 2317 MHz, 13365 MHz, 55307 MiB, 100 %, 0x0000000000000400
2026/09/22 11:03:20.115, 5, GPU-f93cb3ac-bea7-0586-9f2c-c0307696716e, NVIDIA RTX PRO 6000 Blackwell Max-Q Workstation Edition, 2310 MHz, 13365 MHz, 55330 MiB, 100 %, 0x0000000000000400
2026/09/22 11:03:20.115, 6, GPU-5a4ea3b7-bb73-9876-6f45-65769efc3066, NVIDIA RTX PRO 6000 Blackwell Max-Q Workstation Edition, 2317 MHz, 13365 MHz, 55307 MiB, 100 %, 0x0000000000000400
2026/09/22 11:03:21.115, 5, GPU-f93cb3ac-bea7-0586-9f2c-c0307696716e, NVIDIA RTX PRO 6000 Blackwell Max-Q Workstation Edition, 2310 MHz, 13365 MHz, 55330 MiB, 100 %, 0x0000000000000400
2026/09/22 11:03:21.115, 6, GPU-5a4ea3b7-bb73-9876-6f45-65769efc3066, NVIDIA RTX PRO 6000 Blackwell Max-Q Workstation Edition, 2317 MHz, 13365 MHz, 55307 MiB, 100 %, 0x0000000000000400
2026/09/22 11:03:22.116, 5, GPU-f93cb3ac-bea7-0586-9f2c-c0307696716e, NVIDIA RTX PRO 6000 Blackwell Max-Q Workstation Edition, 2310 MHz, 13365 MHz, 55330 MiB, 100 %, 0x0000000000000400
2026/09/22 11:03:22.116, 6, GPU-5a4ea3b7-bb73-9876-6f45-65769efc3066, NVIDIA RTX PRO 6000 Blackwell Max-Q Workstation Edition, 2317 MHz, 13365 MHz, 55307 MiB, 100 %, 0x0000000000000400
2026/09/22 11:03:23.116, 5, GPU-f93cb3ac-bea7-0586-9f2c-c0307696716e, NVIDIA RTX PRO 6000 Blackwell Max-Q Workstation Edition, 2310 MHz, 13365 MHz, 55330 MiB, 100 %, 0x0000000000000400
2026/09/22 11:03:23.116, 6, GPU-5a4ea3b7-bb73-9876-6f45-65769efc3066, NVIDIA RTX PRO 6000 Blackwell Max-Q Workstation Edition, 2317 MHz, 13365 MHz, 55307 MiB, 100 %, 0x0000000000000400
2026/09/22 11:03:24.116, 5, GPU-f93cb3ac-bea7-0586-9f2c-c0307696716e, NVIDIA RTX PRO 6000 Blackwell Max-Q Workstation Edition, 2310 MHz, 13365 MHz, 55330 MiB, 100 %, 0x0000000000000400
2026/09/22 11:03:24.116, 6, GPU-5a4ea3b7-bb73-9876-6f45-65769efc3066, NVIDIA RTX PRO 6000 Blackwell Max-Q Workstation Edition, 2317 MHz, 13365 MHz, 55307 MiB, 100 %, 0x0000000000000400
2026/09/22 11:03:25.116, 5, GPU-f93cb3ac-bea7-0586-9f2c-c0307696716e, NVIDIA RTX PRO 6000 Blackwell Max-Q Workstation Edition, 2310 MHz, 13365 MHz, 55330 MiB, 100 %, 0x0000000000000400
2026/09/22 11:03:25.116, 6, GPU-5a4ea3b7-bb73-9876-6f45-65769efc3066, NVIDIA RTX PRO 6000 Blackwell Max-Q Workstation Edition, 2317 MHz, 13365 MHz, 55307 MiB, 100 %, 0x0000000000000400
2026/09/22 11:03:26.117, 5, GPU-f93cb3ac-bea7-0586-9f2c-c0307696716e, NVIDIA RTX PRO 6000 Blackwell Max-Q Workstation Edition, 2310 MHz, 13365 MHz, 55330 MiB, 100 %, 0x0000000000000400
2026/09/22 11:03:26.118, 6, GPU-5a4ea3b7-bb73-9876-6f45-65769efc3066, NVIDIA RTX PRO 6000 Blackwell Max-Q Workstation Edition, 2317 MHz, 13365 MHz, 55307 MiB, 100 %, 0x0000000000000400
2026/09/22 11:03:27.118, 5, GPU-f93cb3ac-bea7-0586-9f2c-c0307696716e, NVIDIA RTX PRO 6000 Blackwell Max-Q Workstation Edition, 2310 MHz, 13365 MHz, 55330 MiB, 100 %, 0x0000000000000400
2026/09/22 11:03:27.118, 6, GPU-5a4ea3b7-bb73-9876-6f45-65769efc3066, NVIDIA RTX PRO 6000 Blackwell Max-Q Workstation Edition, 2317 MHz, 13365 MHz, 55307 MiB, 100 %, 0x0000000000000400
2026/09/22 11:03:28.118, 5, GPU-f93cb3ac-bea7-0586-9f2c-c0307696716e, NVIDIA RTX PRO 6000 Blackwell Max-Q Workstation Edition, 2310 MHz, 13365 MHz, 55330 MiB, 100 %, 0x0000000000000400
2026/09/22 11:03:28.118, 6, GPU-5a4ea3b7-bb73-9876-6f45-65769efc3066, NVIDIA RTX PRO 6000 Blackwell Max-Q Workstation Edition, 2317 MHz, 13365 MHz, 55307 MiB, 100 %, 0x0000000000000400
2026/09/22 11:03:29.118, 5, GPU-f93cb3ac-bea7-0586-9f2c-c0307696716e, NVIDIA RTX PRO 6000 Blackwell Max-Q Workstation Edition, 2310 MHz, 13365 MHz, 55330 MiB, 100 %, 0x0000000000000400
2026/09/22 11:03:29.119, 6, GPU-5a4ea3b7-bb73-9876-6f45-65769efc3066, NVIDIA RTX PRO 6000 Blackwell Max-Q Workstation Edition, 2317 MHz, 13365 MHz, 55307 MiB, 100 %, 0x0000000000000400
2026/09/22 11:03:30.119, 5, GPU-f93cb3ac-bea7-0586-9f2c-c0307696716e, NVIDIA RTX PRO 6000 Blackwell Max-Q Workstation Edition, 2310 MHz, 13365 MHz, 55330 MiB, 100 %, 0x0000000000000400
2026/09/22 11:03:30.119, 6, GPU-5a4ea3b7-bb73-9876-6f45-65769efc3066, NVIDIA RTX PRO 6000 Blackwell Max-Q Workstation Edition, 2317 MHz, 13365 MHz, 55307 MiB, 100 %, 0x0000000000000400
2026/09/22 11:03:31.119, 5, GPU-f93cb3ac-bea7-0586-9f2c-c0307696716e, NVIDIA RTX PRO 6000 Blackwell Max-Q Workstation Edition, 2310 MHz, 13365 MHz, 55330 MiB, 100 %, 0x0000000000000400
2026/09/22 11:03:31.119, 6, GPU-5a4ea3b7-bb73-9876-6f45-65769efc3066, NVIDIA RTX PRO 6000 Blackwell Max-Q Workstation Edition, 2317 MHz, 13365 MHz, 55307 MiB, 100 %, 0x0000000000000400
2026/09/22 11:03:32.119, 5, GPU-f93cb3ac-bea7-0586-9f2c-c0307696716e, NVIDIA RTX PRO 6000 Blackwell Max-Q Workstation Edition, 2310 MHz, 13365 MHz, 55330 MiB, 100 %, 0x0000000000000400
2026/09/22 11:03:32.119, 6, GPU-5a4ea3b7-bb73-9876-6f45-65769efc3066, NVIDIA RTX PRO 6000 Blackwell Max-Q Workstation Edition, 2317 MHz, 13365 MHz, 55307 MiB, 100 %, 0x0000000000000400
2026/09/22 11:03:33.119, 5, GPU-f93cb3ac-bea7-0586-9f2c-c0307696716e, NVIDIA RTX PRO 6000 Blackwell Max-Q Workstation Edition, 2310 MHz, 13365 MHz, 55330 MiB, 100 %, 0x0000000000000400
2026/09/22 11:03:33.120, 6, GPU-5a4ea3b7-bb73-9876-6f45-65769efc3066, NVIDIA RTX PRO 6000 Blackwell Max-Q Workstation Edition, 2317 MHz, 13365 MHz, 55307 MiB, 100 %, 0x0000000000000400
2026/09/22 11:03:34.120, 5, GPU-f93cb3ac-bea7-0586-9f2c-c0307696716e, NVIDIA RTX PRO 6000 Blackwell Max-Q Workstation Edition, 2310 MHz, 13365 MHz, 55330 MiB, 100 %, 0x0000000000000400
2026/09/22 11:03:34.120, 6, GPU-5a4ea3b7-bb73-9876-6f45-65769efc3066, NVIDIA RTX PRO 6000 Blackwell Max-Q Workstation Edition, 2317 MHz, 13365 MHz, 55307 MiB, 100 %, 0x0000000000000400
2026/09/22 11:03:35.120, 5, GPU-f93cb3ac-bea7-0586-9f2c-c0307696716e, NVIDIA RTX PRO 6000 Blackwell Max-Q Workstation Edition, 2310 MHz, 13365 MHz, 55330 MiB, 100 %, 0x0000000000000400
2026/09/22 11:03:35.120, 6, GPU-5a4ea3b7-bb73-9876-6f45-65769efc3066, NVIDIA RTX PRO 6000 Blackwell Max-Q Workstation Edition, 2317 MHz, 13365 MHz, 55307 MiB, 100 %, 0x0000000000000400
2026/09/22 11:03:36.120, 5, GPU-f93cb3ac-bea7-0586-9f2c-c0307696716e, NVIDIA RTX PRO 6000 Blackwell Max-Q Workstation Edition, 2310 MHz, 13365 MHz, 55330 MiB, 100 %, 0x0000000000000400
2026/09/22 11:03:36.120, 6, GPU-5a4ea3b7-bb73-9876-6f45-65769efc3066, NVIDIA RTX PRO 6000 Blackwell Max-Q Workstation Edition, 2317 MHz, 13365 MHz, 55307 MiB, 100 %, 0x0000000000000400
2026/09/22 11:03:37.120, 5, GPU-f93cb3ac-bea7-0586-9f2c-c0307696716e, NVIDIA RTX PRO 6000 Blackwell Max-Q Workstation Edition, 2310 MHz, 13365 MHz, 55330 MiB, 100 %, 0x0000000000000400
2026/09/22 11:03:37.121, 6, GPU-5a4ea3b7-bb73-9876-6f45-65769efc3066, NVIDIA RTX PRO 6000 Blackwell Max-Q Workstation Edition, 2317 MHz, 13365 MHz, 55307 MiB, 100 %, 0x0000000000000400
2026/09/22 11:03:38.121, 5, GPU-f93cb3ac-bea7-0586-9f2c-c0307696716e, NVIDIA RTX PRO 6000 Blackwell Max-Q Workstation Edition, 2310 MHz, 13365 MHz, 55330 MiB, 100 %, 0x0000000000000400
2026/09/22 11:03:38.121, 6, GPU-5a4ea3b7-bb73-9876-6f45-65769efc3066, NVIDIA RTX PRO 6000 Blackwell Max-Q Workstation Edition, 2317 MHz, 13365 MHz, 55307 MiB, 100 %, 0x0000000000000400
2026/09/22 11:03:39.121, 5, GPU-f93cb3ac-bea7-0586-9f2c-c0307696716e, NVIDIA RTX PRO 6000 Blackwell Max-Q Workstation Edition, 2310 MHz, 13365 MHz, 55330 MiB, 100 %, 0x0000000000000400
2026/09/22 11:03:39.121, 6, GPU-5a4ea3b7-bb73-9876-6f45-65769efc3066, NVIDIA RTX PRO 6000 Blackwell Max-Q Workstation Edition, 2325 MHz, 13365 MHz, 55307 MiB, 100 %, 0x0000000000000400
2026/09/22 11:03:40.121, 5, GPU-f93cb3ac-bea7-0586-9f2c-c0307696716e, NVIDIA RTX PRO 6000 Blackwell Max-Q Workstation Edition, 2310 MHz, 13365 MHz, 55330 MiB, 100 %, 0x0000000000000400
2026/09/22 11:03:40.121, 6, GPU-5a4ea3b7-bb73-9876-6f45-65769efc3066, NVIDIA RTX PRO 6000 Blackwell Max-Q Workstation Edition, 2317 MHz, 13365 MHz, 55307 MiB, 100 %, 0x0000000000000400
2026/09/22 11:03:41.121, 5, GPU-f93cb3ac-bea7-0586-9f2c-c0307696716e, NVIDIA RTX PRO 6000 Blackwell Max-Q Workstation Edition, 2310 MHz, 13365 MHz, 55330 MiB, 100 %, 0x0000000000000400
2026/09/22 11:03:41.122, 6, GPU-5a4ea3b7-bb73-9876-6f45-65769efc3066, NVIDIA RTX PRO 6000 Blackwell Max-Q Workstation Edition, 2317 MHz, 13365 MHz, 55307 MiB, 100 %, 0x0000000000000400
2026/09/22 11:03:42.122, 5, GPU-f93cb3ac-bea7-0586-9f2c-c0307696716e, NVIDIA RTX PRO 6000 Blackwell Max-Q Workstation Edition, 2310 MHz, 13365 MHz, 55330 MiB, 100 %, 0x0000000000000400
2026/09/22 11:03:42.122, 6, GPU-5a4ea3b7-bb73-9876-6f45-65769efc3066, NVIDIA RTX PRO 6000 Blackwell Max-Q Workstation Edition, 2317 MHz, 13365 MHz, 55307 MiB, 100 %, 0x0000000000000400
2026/09/22 11:03:43.122, 5, GPU-f93cb3ac-bea7-0586-9f2c-c0307696716e, NVIDIA RTX PRO 6000 Blackwell Max-Q Workstation Edition, 2310 MHz, 13365 MHz, 55330 MiB, 100 %, 0x0000000000000400
2026/09/22 11:03:43.122, 6, GPU-5a4ea3b7-bb73-9876-6f45-65769efc3066, NVIDIA RTX PRO 6000 Blackwell Max-Q Workstation Edition, 2325 MHz, 13365 MHz, 55307 MiB, 100 %, 0x0000000000000400
2026/09/22 11:03:44.122, 5, GPU-f93cb3ac-bea7-0586-9f2c-c0307696716e, NVIDIA RTX PRO 6000 Blackwell Max-Q Workstation Edition, 2310 MHz, 13365 MHz, 55330 MiB, 100 %, 0x0000000000000400
2026/09/22 11:03:44.122, 6, GPU-5a4ea3b7-bb73-9876-6f45-65769efc3066, NVIDIA RTX PRO 6000 Blackwell Max-Q Workstation Edition, 2317 MHz, 13365 MHz, 55307 MiB, 100 %, 0x0000000000000400
2026/09/22 11:03:45.122, 5, GPU-f93cb3ac-bea7-0586-9f2c-c0307696716e, NVIDIA RTX PRO 6000 Blackwell Max-Q Workstation Edition, 2310 MHz, 13365 MHz, 55330 MiB, 100 %, 0x0000000000000400
2026/09/22 11:03:45.123, 6, GPU-5a4ea3b7-bb73-9876-6f45-65769efc3066, NVIDIA RTX PRO 6000 Blackwell Max-Q Workstation Edition, 2317 MHz, 13365 MHz, 55307 MiB, 100 %, 0x0000000000000400
2026/09/22 11:03:46.123, 5, GPU-f93cb3ac-bea7-0586-9f2c-c0307696716e, NVIDIA RTX PRO 6000 Blackwell Max-Q Workstation Edition, 2310 MHz, 13365 MHz, 55330 MiB, 100 %, 0x0000000000000400
2026/09/22 11:03:46.123, 6, GPU-5a4ea3b7-bb73-9876-6f45-65769efc3066, NVIDIA RTX PRO 6000 Blackwell Max-Q Workstation Edition, 2317 MHz, 13365 MHz, 55307 MiB, 100 %, 0x0000000000000400
2026/09/22 11:03:47.123, 5, GPU-f93cb3ac-bea7-0586-9f2c-c0307696716e, NVIDIA RTX PRO 6000 Blackwell Max-Q Workstation Edition, 2310 MHz, 13365 MHz, 55330 MiB, 100 %, 0x0000000000000400
2026/09/22 11:03:47.123, 6, GPU-5a4ea3b7-bb73-9876-6f45-65769efc3066, NVIDIA RTX PRO 6000 Blackwell Max-Q Workstation Edition, 2317 MHz, 13365 MHz, 55307 MiB, 100 %, 0x0000000000000400
2026/09/22 11:03:48.123, 5, GPU-f93cb3ac-bea7-0586-9f2c-c0307696716e, NVIDIA RTX PRO 6000 Blackwell Max-Q Workstation Edition, 2310 MHz, 13365 MHz, 55330 MiB, 100 %, 0x0000000000000400
2026/09/22 11:03:48.123, 6, GPU-5a4ea3b7-bb73-9876-6f45-65769efc3066, NVIDIA RTX PRO 6000 Blackwell Max-Q Workstation Edition, 2317 MHz, 13365 MHz, 55307 MiB, 100 %, 0x0000000000000400
2026/09/22 11:03:49.123, 5, GPU-f93cb3ac-bea7-0586-9f2c-c0307696716e, NVIDIA RTX PRO 6000 Blackwell Max-Q Workstation Edition, 2347 MHz, 13365 MHz, 55330 MiB, 0 %, 0x0000000000000400
2026/09/22 11:03:49.123, 6, GPU-5a4ea3b7-bb73-9876-6f45-65769efc3066, NVIDIA RTX PRO 6000 Blackwell Max-Q Workstation Edition, 2347 MHz, 13365 MHz, 55307 MiB, 0 %, 0x0000000000000400
2026/09/22 11:03:50.124, 5, GPU-f93cb3ac-bea7-0586-9f2c-c0307696716e, NVIDIA RTX PRO 6000 Blackwell Max-Q Workstation Edition, 2347 MHz, 13365 MHz, 55330 MiB, 0 %, 0x0000000000000400
2026/09/22 11:03:50.124, 6, GPU-5a4ea3b7-bb73-9876-6f45-65769efc3066, NVIDIA RTX PRO 6000 Blackwell Max-Q Workstation Edition, 2347 MHz, 13365 MHz, 55307 MiB, 0 %, 0x0000000000000400
2026/09/22 11:03:51.124, 5, GPU-f93cb3ac-bea7-0586-9f2c-c0307696716e, NVIDIA RTX PRO 6000 Blackwell Max-Q Workstation Edition, 2272 MHz, 13365 MHz, 55330 MiB, 0 %, 0x0000000000000400
2026/09/22 11:03:51.124, 6, GPU-5a4ea3b7-bb73-9876-6f45-65769efc3066, NVIDIA RTX PRO 6000 Blackwell Max-Q Workstation Edition, 2295 MHz, 13365 MHz, 55307 MiB, 0 %, 0x0000000000000400
2026/09/22 11:03:52.124, 5, GPU-f93cb3ac-bea7-0586-9f2c-c0307696716e, NVIDIA RTX PRO 6000 Blackwell Max-Q Workstation Edition, 2257 MHz, 13365 MHz, 55330 MiB, 100 %, 0x0000000000000400
2026/09/22 11:03:52.124, 6, GPU-5a4ea3b7-bb73-9876-6f45-65769efc3066, NVIDIA RTX PRO 6000 Blackwell Max-Q Workstation Edition, 2265 MHz, 13365 MHz, 55307 MiB, 100 %, 0x0000000000000400
2026/09/22 11:03:53.124, 5, GPU-f93cb3ac-bea7-0586-9f2c-c0307696716e, NVIDIA RTX PRO 6000 Blackwell Max-Q Workstation Edition, 2250 MHz, 13365 MHz, 55330 MiB, 100 %, 0x0000000000000400
2026/09/22 11:03:53.124, 6, GPU-5a4ea3b7-bb73-9876-6f45-65769efc3066, NVIDIA RTX PRO 6000 Blackwell Max-Q Workstation Edition, 2265 MHz, 13365 MHz, 55307 MiB, 100 %, 0x0000000000000400
2026/09/22 11:03:54.125, 5, GPU-f93cb3ac-bea7-0586-9f2c-c0307696716e, NVIDIA RTX PRO 6000 Blackwell Max-Q Workstation Edition, 2257 MHz, 13365 MHz, 55330 MiB, 100 %, 0x0000000000000400
2026/09/22 11:03:54.125, 6, GPU-5a4ea3b7-bb73-9876-6f45-65769efc3066, NVIDIA RTX PRO 6000 Blackwell Max-Q Workstation Edition, 2265 MHz, 13365 MHz, 55307 MiB, 100 %, 0x0000000000000400
2026/09/22 11:03:55.125, 5, GPU-f93cb3ac-bea7-0586-9f2c-c0307696716e, NVIDIA RTX PRO 6000 Blackwell Max-Q Workstation Edition, 2257 MHz, 13365 MHz, 55330 MiB, 100 %, 0x0000000000000400
2026/09/22 11:03:55.125, 6, GPU-5a4ea3b7-bb73-9876-6f45-65769efc3066, NVIDIA RTX PRO 6000 Blackwell Max-Q Workstation Edition, 2265 MHz, 13365 MHz, 55307 MiB, 100 %, 0x0000000000000400
2026/09/22 11:03:56.125, 5, GPU-f93cb3ac-bea7-0586-9f2c-c0307696716e, NVIDIA RTX PRO 6000 Blackwell Max-Q Workstation Edition, 2250 MHz, 13365 MHz, 55330 MiB, 100 %, 0x0000000000000400
2026/09/22 11:03:56.125, 6, GPU-5a4ea3b7-bb73-9876-6f45-65769efc3066, NVIDIA RTX PRO 6000 Blackwell Max-Q Workstation Edition, 2265 MHz, 13365 MHz, 55307 MiB, 100 %, 0x0000000000000400
2026/09/22 11:03:57.125, 5, GPU-f93cb3ac-bea7-0586-9f2c-c0307696716e, NVIDIA RTX PRO 6000 Blackwell Max-Q Workstation Edition, 2250 MHz, 13365 MHz, 55330 MiB, 100 %, 0x0000000000000400
2026/09/22 11:03:57.125, 6, GPU-5a4ea3b7-bb73-9876-6f45-65769efc3066, NVIDIA RTX PRO 6000 Blackwell Max-Q Workstation Edition, 2257 MHz, 13365 MHz, 55307 MiB, 100 %, 0x0000000000000400
2026/09/22 11:03:58.126, 5, GPU-f93cb3ac-bea7-0586-9f2c-c0307696716e, NVIDIA RTX PRO 6000 Blackwell Max-Q Workstation Edition, 2250 MHz, 13365 MHz, 55330 MiB, 100 %, 0x0000000000000400
2026/09/22 11:03:58.126, 6, GPU-5a4ea3b7-bb73-9876-6f45-65769efc3066, NVIDIA RTX PRO 6000 Blackwell Max-Q Workstation Edition, 2257 MHz, 13365 MHz, 55307 MiB, 100 %, 0x0000000000000400
2026/09/22 11:03:59.126, 5, GPU-f93cb3ac-bea7-0586-9f2c-c0307696716e, NVIDIA RTX PRO 6000 Blackwell Max-Q Workstation Edition, 2250 MHz, 13365 MHz, 55330 MiB, 100 %, 0x0000000000000400
2026/09/22 11:03:59.126, 6, GPU-5a4ea3b7-bb73-9876-6f45-65769efc3066, NVIDIA RTX PRO 6000 Blackwell Max-Q Workstation Edition, 2257 MHz, 13365 MHz, 55307 MiB, 100 %, 0x0000000000000400
2026/09/22 11:04:00.126, 5, GPU-f93cb3ac-bea7-0586-9f2c-c0307696716e, NVIDIA RTX PRO 6000 Blackwell Max-Q Workstation Edition, 2250 MHz, 13365 MHz, 55330 MiB, 100 %, 0x0000000000000400
2026/09/22 11:04:00.126, 6, GPU-5a4ea3b7-bb73-9876-6f45-65769efc3066, NVIDIA RTX PRO 6000 Blackwell Max-Q Workstation Edition, 2257 MHz, 13365 MHz, 55307 MiB, 100 %, 0x0000000000000400
2026/09/22 11:04:01.126, 5, GPU-f93cb3ac-bea7-0586-9f2c-c0307696716e, NVIDIA RTX PRO 6000 Blackwell Max-Q Workstation Edition, 2250 MHz, 13365 MHz, 55330 MiB, 100 %, 0x0000000000000400
2026/09/22 11:04:01.126, 6, GPU-5a4ea3b7-bb73-9876-6f45-65769efc3066, NVIDIA RTX PRO 6000 Blackwell Max-Q Workstation Edition, 2257 MHz, 13365 MHz, 55307 MiB, 100 %, 0x0000000000000400
2026/09/22 11:04:02.126, 5, GPU-f93cb3ac-bea7-0586-9f2c-c0307696716e, NVIDIA RTX PRO 6000 Blackwell Max-Q Workstation Edition, 2250 MHz, 13365 MHz, 55330 MiB, 100 %, 0x0000000000000400
2026/09/22 11:04:02.127, 6, GPU-5a4ea3b7-bb73-9876-6f45-65769efc3066, NVIDIA RTX PRO 6000 Blackwell Max-Q Workstation Edition, 2257 MHz, 13365 MHz, 55307 MiB, 100 %, 0x0000000000000400
2026/09/22 11:04:03.127, 5, GPU-f93cb3ac-bea7-0586-9f2c-c0307696716e, NVIDIA RTX PRO 6000 Blackwell Max-Q Workstation Edition, 2250 MHz, 13365 MHz, 55330 MiB, 100 %, 0x0000000000000400
2026/09/22 11:04:03.127, 6, GPU-5a4ea3b7-bb73-9876-6f45-65769efc3066, NVIDIA RTX PRO 6000 Blackwell Max-Q Workstation Edition, 2257 MHz, 13365 MHz, 55307 MiB, 100 %, 0x0000000000000400
2026/09/22 11:04:04.127, 5, GPU-f93cb3ac-bea7-0586-9f2c-c0307696716e, NVIDIA RTX PRO 6000 Blackwell Max-Q Workstation Edition, 2250 MHz, 13365 MHz, 55330 MiB, 100 %, 0x0000000000000400
2026/09/22 11:04:04.127, 6, GPU-5a4ea3b7-bb73-9876-6f45-65769efc3066, NVIDIA RTX PRO 6000 Blackwell Max-Q Workstation Edition, 2257 MHz, 13365 MHz, 55307 MiB, 100 %, 0x0000000000000400
2026/09/22 11:04:05.127, 5, GPU-f93cb3ac-bea7-0586-9f2c-c0307696716e, NVIDIA RTX PRO 6000 Blackwell Max-Q Workstation Edition, 2250 MHz, 13365 MHz, 55330 MiB, 100 %, 0x0000000000000400
2026/09/22 11:04:05.127, 6, GPU-5a4ea3b7-bb73-9876-6f45-65769efc3066, NVIDIA RTX PRO 6000 Blackwell Max-Q Workstation Edition, 2257 MHz, 13365 MHz, 55307 MiB, 100 %, 0x0000000000000400
2026/09/22 11:04:06.128, 5, GPU-f93cb3ac-bea7-0586-9f2c-c0307696716e, NVIDIA RTX PRO 6000 Blackwell Max-Q Workstation Edition, 2250 MHz, 13365 MHz, 55330 MiB, 100 %, 0x0000000000000400
2026/09/22 11:04:06.128, 6, GPU-5a4ea3b7-bb73-9876-6f45-65769efc3066, NVIDIA RTX PRO 6000 Blackwell Max-Q Workstation Edition, 2257 MHz, 13365 MHz, 55307 MiB, 100 %, 0x0000000000000400
2026/09/22 11:04:07.128, 5, GPU-f93cb3ac-bea7-0586-9f2c-c0307696716e, NVIDIA RTX PRO 6000 Blackwell Max-Q Workstation Edition, 2250 MHz, 13365 MHz, 55330 MiB, 100 %, 0x0000000000000400
2026/09/22 11:04:07.128, 6, GPU-5a4ea3b7-bb73-9876-6f45-65769efc3066, NVIDIA RTX PRO 6000 Blackwell Max-Q Workstation Edition, 2257 MHz, 13365 MHz, 55307 MiB, 100 %, 0x0000000000000400
2026/09/22 11:04:08.128, 5, GPU-f93cb3ac-bea7-0586-9f2c-c0307696716e, NVIDIA RTX PRO 6000 Blackwell Max-Q Workstation Edition, 2250 MHz, 13365 MHz, 55330 MiB, 100 %, 0x0000000000000400
2026/09/22 11:04:08.128, 6, GPU-5a4ea3b7-bb73-9876-6f45-65769efc3066, NVIDIA RTX PRO 6000 Blackwell Max-Q Workstation Edition, 2257 MHz, 13365 MHz, 55307 MiB, 100 %, 0x0000000000000400
2026/09/22 11:04:09.128, 5, GPU-f93cb3ac-bea7-0586-9f2c-c0307696716e, NVIDIA RTX PRO 6000 Blackwell Max-Q Workstation Edition, 2250 MHz, 13365 MHz, 55330 MiB, 100 %, 0x0000000000000400
2026/09/22 11:04:09.128, 6, GPU-5a4ea3b7-bb73-9876-6f45-65769efc3066, NVIDIA RTX PRO 6000 Blackwell Max-Q Workstation Edition, 2257 MHz, 13365 MHz, 55307 MiB, 100 %, 0x0000000000000400
2026/09/22 11:04:10.129, 5, GPU-f93cb3ac-bea7-0586-9f2c-c0307696716e, NVIDIA RTX PRO 6000 Blackwell Max-Q Workstation Edition, 2250 MHz, 13365 MHz, 55330 MiB, 100 %, 0x0000000000000400
2026/09/22 11:04:10.129, 6, GPU-5a4ea3b7-bb73-9876-6f45-65769efc3066, NVIDIA RTX PRO 6000 Blackwell Max-Q Workstation Edition, 2265 MHz, 13365 MHz, 55307 MiB, 100 %, 0x0000000000000400
2026/09/22 11:04:11.129, 5, GPU-f93cb3ac-bea7-0586-9f2c-c0307696716e, NVIDIA RTX PRO 6000 Blackwell Max-Q Workstation Edition, 2250 MHz, 13365 MHz, 55330 MiB, 100 %, 0x0000000000000400
2026/09/22 11:04:11.129, 6, GPU-5a4ea3b7-bb73-9876-6f45-65769efc3066, NVIDIA RTX PRO 6000 Blackwell Max-Q Workstation Edition, 2257 MHz, 13365 MHz, 55307 MiB, 100 %, 0x0000000000000400
2026/09/22 11:04:12.129, 5, GPU-f93cb3ac-bea7-0586-9f2c-c0307696716e, NVIDIA RTX PRO 6000 Blackwell Max-Q Workstation Edition, 2250 MHz, 13365 MHz, 55330 MiB, 100 %, 0x0000000000000400
2026/09/22 11:04:12.129, 6, GPU-5a4ea3b7-bb73-9876-6f45-65769efc3066, NVIDIA RTX PRO 6000 Blackwell Max-Q Workstation Edition, 2257 MHz, 13365 MHz, 55307 MiB, 100 %, 0x0000000000000400
2026/09/22 11:04:13.129, 5, GPU-f93cb3ac-bea7-0586-9f2c-c0307696716e, NVIDIA RTX PRO 6000 Blackwell Max-Q Workstation Edition, 2250 MHz, 13365 MHz, 55330 MiB, 100 %, 0x0000000000000400
2026/09/22 11:04:13.129, 6, GPU-5a4ea3b7-bb73-9876-6f45-65769efc3066, NVIDIA RTX PRO 6000 Blackwell Max-Q Workstation Edition, 2265 MHz, 13365 MHz, 55307 MiB, 100 %, 0x0000000000000400
2026/09/22 11:04:14.130, 5, GPU-f93cb3ac-bea7-0586-9f2c-c0307696716e, NVIDIA RTX PRO 6000 Blackwell Max-Q Workstation Edition, 2250 MHz, 13365 MHz, 55330 MiB, 100 %, 0x0000000000000400
2026/09/22 11:04:14.130, 6, GPU-5a4ea3b7-bb73-9876-6f45-65769efc3066, NVIDIA RTX PRO 6000 Blackwell Max-Q Workstation Edition, 2265 MHz, 13365 MHz, 55307 MiB, 100 %, 0x0000000000000400
2026/09/22 11:04:15.130, 5, GPU-f93cb3ac-bea7-0586-9f2c-c0307696716e, NVIDIA RTX PRO 6000 Blackwell Max-Q Workstation Edition, 2250 MHz, 13365 MHz, 55330 MiB, 100 %, 0x0000000000000400
2026/09/22 11:04:15.130, 6, GPU-5a4ea3b7-bb73-9876-6f45-65769efc3066, NVIDIA RTX PRO 6000 Blackwell Max-Q Workstation Edition, 2265 MHz, 13365 MHz, 55307 MiB, 100 %, 0x0000000000000400
2026/09/22 11:04:16.130, 5, GPU-f93cb3ac-bea7-0586-9f2c-c0307696716e, NVIDIA RTX PRO 6000 Blackwell Max-Q Workstation Edition, 2250 MHz, 13365 MHz, 55330 MiB, 100 %, 0x0000000000000400
2026/09/22 11:04:16.130, 6, GPU-5a4ea3b7-bb73-9876-6f45-65769efc3066, NVIDIA RTX PRO 6000 Blackwell Max-Q Workstation Edition, 2265 MHz, 13365 MHz, 55307 MiB, 100 %, 0x0000000000000400
2026/09/22 11:04:17.130, 5, GPU-f93cb3ac-bea7-0586-9f2c-c0307696716e, NVIDIA RTX PRO 6000 Blackwell Max-Q Workstation Edition, 2250 MHz, 13365 MHz, 55330 MiB, 100 %, 0x0000000000000400
2026/09/22 11:04:17.130, 6, GPU-5a4ea3b7-bb73-9876-6f45-65769efc3066, NVIDIA RTX PRO 6000 Blackwell Max-Q Workstation Edition, 2265 MHz, 13365 MHz, 55307 MiB, 100 %, 0x0000000000000400
2026/09/22 11:04:18.131, 5, GPU-f93cb3ac-bea7-0586-9f2c-c0307696716e, NVIDIA RTX PRO 6000 Blackwell Max-Q Workstation Edition, 2250 MHz, 13365 MHz, 55330 MiB, 100 %, 0x0000000000000400
2026/09/22 11:04:18.131, 6, GPU-5a4ea3b7-bb73-9876-6f45-65769efc3066, NVIDIA RTX PRO 6000 Blackwell Max-Q Workstation Edition, 2257 MHz, 13365 MHz, 55307 MiB, 100 %, 0x0000000000000400
2026/09/22 11:04:19.131, 5, GPU-f93cb3ac-bea7-0586-9f2c-c0307696716e, NVIDIA RTX PRO 6000 Blackwell Max-Q Workstation Edition, 2250 MHz, 13365 MHz, 55330 MiB, 100 %, 0x0000000000000400
2026/09/22 11:04:19.131, 6, GPU-5a4ea3b7-bb73-9876-6f45-65769efc3066, NVIDIA RTX PRO 6000 Blackwell Max-Q Workstation Edition, 2257 MHz, 13365 MHz, 55307 MiB, 100 %, 0x0000000000000400
2026/09/22 11:04:20.131, 5, GPU-f93cb3ac-bea7-0586-9f2c-c0307696716e, NVIDIA RTX PRO 6000 Blackwell Max-Q Workstation Edition, 2250 MHz, 13365 MHz, 55330 MiB, 100 %, 0x0000000000000400
2026/09/22 11:04:20.131, 6, GPU-5a4ea3b7-bb73-9876-6f45-65769efc3066, NVIDIA RTX PRO 6000 Blackwell Max-Q Workstation Edition, 2265 MHz, 13365 MHz, 55307 MiB, 100 %, 0x0000000000000400
2026/09/22 11:04:21.131, 5, GPU-f93cb3ac-bea7-0586-9f2c-c0307696716e, NVIDIA RTX PRO 6000 Blackwell Max-Q Workstation Edition, 2250 MHz, 13365 MHz, 55330 MiB, 100 %, 0x0000000000000400
2026/09/22 11:04:21.132, 6, GPU-5a4ea3b7-bb73-9876-6f45-65769efc3066, NVIDIA RTX PRO 6000 Blackwell Max-Q Workstation Edition, 2257 MHz, 13365 MHz, 55307 MiB, 100 %, 0x0000000000000400
2026/09/22 11:04:22.132, 5, GPU-f93cb3ac-bea7-0586-9f2c-c0307696716e, NVIDIA RTX PRO 6000 Blackwell Max-Q Workstation Edition, 2250 MHz, 13365 MHz, 55330 MiB, 100 %, 0x0000000000000400
2026/09/22 11:04:22.132, 6, GPU-5a4ea3b7-bb73-9876-6f45-65769efc3066, NVIDIA RTX PRO 6000 Blackwell Max-Q Workstation Edition, 2265 MHz, 13365 MHz, 55307 MiB, 100 %, 0x0000000000000400
2026/09/22 11:04:23.132, 5, GPU-f93cb3ac-bea7-0586-9f2c-c0307696716e, NVIDIA RTX PRO 6000 Blackwell Max-Q Workstation Edition, 2250 MHz, 13365 MHz, 55330 MiB, 100 %, 0x0000000000000400
2026/09/22 11:04:23.132, 6, GPU-5a4ea3b7-bb73-9876-6f45-65769efc3066, NVIDIA RTX PRO 6000 Blackwell Max-Q Workstation Edition, 2265 MHz, 13365 MHz, 55307 MiB, 100 %, 0x0000000000000400
2026/09/22 11:04:24.132, 5, GPU-f93cb3ac-bea7-0586-9f2c-c0307696716e, NVIDIA RTX PRO 6000 Blackwell Max-Q Workstation Edition, 2250 MHz, 13365 MHz, 55330 MiB, 100 %, 0x0000000000000400
2026/09/22 11:04:24.132, 6, GPU-5a4ea3b7-bb73-9876-6f45-65769efc3066, NVIDIA RTX PRO 6000 Blackwell Max-Q Workstation Edition, 2257 MHz, 13365 MHz, 55307 MiB, 100 %, 0x0000000000000400
2026/09/22 11:04:25.132, 5, GPU-f93cb3ac-bea7-0586-9f2c-c0307696716e, NVIDIA RTX PRO 6000 Blackwell Max-Q Workstation Edition, 2250 MHz, 13365 MHz, 55330 MiB, 100 %, 0x0000000000000400
2026/09/22 11:04:25.133, 6, GPU-5a4ea3b7-bb73-9876-6f45-65769efc3066, NVIDIA RTX PRO 6000 Blackwell Max-Q Workstation Edition, 2257 MHz, 13365 MHz, 55307 MiB, 100 %, 0x0000000000000400
2026/09/22 11:04:26.133, 5, GPU-f93cb3ac-bea7-0586-9f2c-c0307696716e, NVIDIA RTX PRO 6000 Blackwell Max-Q Workstation Edition, 2250 MHz, 13365 MHz, 55330 MiB, 100 %, 0x0000000000000400
2026/09/22 11:04:26.133, 6, GPU-5a4ea3b7-bb73-9876-6f45-65769efc3066, NVIDIA RTX PRO 6000 Blackwell Max-Q Workstation Edition, 2257 MHz, 13365 MHz, 55307 MiB, 100 %, 0x0000000000000400
2026/09/22 11:04:27.133, 5, GPU-f93cb3ac-bea7-0586-9f2c-c0307696716e, NVIDIA RTX PRO 6000 Blackwell Max-Q Workstation Edition, 2347 MHz, 13365 MHz, 55330 MiB, 0 %, 0x0000000000000400
2026/09/22 11:04:27.133, 6, GPU-5a4ea3b7-bb73-9876-6f45-65769efc3066, NVIDIA RTX PRO 6000 Blackwell Max-Q Workstation Edition, 2355 MHz, 13365 MHz, 55307 MiB, 0 %, 0x0000000000000400
2026/09/22 11:04:28.133, 5, GPU-f93cb3ac-bea7-0586-9f2c-c0307696716e, NVIDIA RTX PRO 6000 Blackwell Max-Q Workstation Edition, 2347 MHz, 13365 MHz, 55330 MiB, 0 %, 0x0000000000000400
2026/09/22 11:04:28.133, 6, GPU-5a4ea3b7-bb73-9876-6f45-65769efc3066, NVIDIA RTX PRO 6000 Blackwell Max-Q Workstation Edition, 2355 MHz, 13365 MHz, 55307 MiB, 0 %, 0x0000000000000400
2026/09/22 11:04:29.133, 5, GPU-f93cb3ac-bea7-0586-9f2c-c0307696716e, NVIDIA RTX PRO 6000 Blackwell Max-Q Workstation Edition, 2347 MHz, 13365 MHz, 55330 MiB, 0 %, 0x0000000000000400
2026/09/22 11:04:29.146, 6, GPU-5a4ea3b7-bb73-9876-6f45-65769efc3066, NVIDIA RTX PRO 6000 Blackwell Max-Q Workstation Edition, 2347 MHz, 13365 MHz, 55307 MiB, 0 %, 0x0000000000000400
2026/09/22 11:04:30.155, 5, GPU-f93cb3ac-bea7-0586-9f2c-c0307696716e, NVIDIA RTX PRO 6000 Blackwell Max-Q Workstation Edition, 2272 MHz, 13365 MHz, 55330 MiB, 0 %, 0x0000000000000400
2026/09/22 11:04:30.155, 6, GPU-5a4ea3b7-bb73-9876-6f45-65769efc3066, NVIDIA RTX PRO 6000 Blackwell Max-Q Workstation Edition, 2272 MHz, 13365 MHz, 55307 MiB, 0 %, 0x0000000000000400
2026/09/22 11:04:31.155, 5, GPU-f93cb3ac-bea7-0586-9f2c-c0307696716e, NVIDIA RTX PRO 6000 Blackwell Max-Q Workstation Edition, 2272 MHz, 13365 MHz, 55330 MiB, 0 %, 0x0000000000000400
2026/09/22 11:04:31.155, 6, GPU-5a4ea3b7-bb73-9876-6f45-65769efc3066, NVIDIA RTX PRO 6000 Blackwell Max-Q Workstation Edition, 2272 MHz, 13365 MHz, 55307 MiB, 0 %, 0x0000000000000400
2026/09/22 11:04:32.155, 5, GPU-f93cb3ac-bea7-0586-9f2c-c0307696716e, NVIDIA RTX PRO 6000 Blackwell Max-Q Workstation Edition, 2272 MHz, 13365 MHz, 55330 MiB, 0 %, 0x0000000000000400
2026/09/22 11:04:32.155, 6, GPU-5a4ea3b7-bb73-9876-6f45-65769efc3066, NVIDIA RTX PRO 6000 Blackwell Max-Q Workstation Edition, 2272 MHz, 13365 MHz, 55307 MiB, 0 %, 0x0000000000000400
2026/09/22 11:04:33.155, 5, GPU-f93cb3ac-bea7-0586-9f2c-c0307696716e, NVIDIA RTX PRO 6000 Blackwell Max-Q Workstation Edition, 2272 MHz, 13365 MHz, 55330 MiB, 0 %, 0x0000000000000400
2026/09/22 11:04:33.155, 6, GPU-5a4ea3b7-bb73-9876-6f45-65769efc3066, NVIDIA RTX PRO 6000 Blackwell Max-Q Workstation Edition, 2272 MHz, 13365 MHz, 55307 MiB, 0 %, 0x0000000000000400
2026/09/22 11:04:34.156, 5, GPU-f93cb3ac-bea7-0586-9f2c-c0307696716e, NVIDIA RTX PRO 6000 Blackwell Max-Q Workstation Edition, 2272 MHz, 13365 MHz, 55330 MiB, 0 %, 0x0000000000000400
2026/09/22 11:04:34.156, 6, GPU-5a4ea3b7-bb73-9876-6f45-65769efc3066, NVIDIA RTX PRO 6000 Blackwell Max-Q Workstation Edition, 2272 MHz, 13365 MHz, 55307 MiB, 0 %, 0x0000000000000400
2026/09/22 11:04:35.156, 5, GPU-f93cb3ac-bea7-0586-9f2c-c0307696716e, NVIDIA RTX PRO 6000 Blackwell Max-Q Workstation Edition, 2272 MHz, 13365 MHz, 55330 MiB, 0 %, 0x0000000000000400
2026/09/22 11:04:35.156, 6, GPU-5a4ea3b7-bb73-9876-6f45-65769efc3066, NVIDIA RTX PRO 6000 Blackwell Max-Q Workstation Edition, 2272 MHz, 13365 MHz, 55307 MiB, 0 %, 0x0000000000000400
2026/09/22 11:04:36.156, 5, GPU-f93cb3ac-bea7-0586-9f2c-c0307696716e, NVIDIA RTX PRO 6000 Blackwell Max-Q Workstation Edition, 2302 MHz, 13365 MHz, 55330 MiB, 100 %, 0x0000000000000400
2026/09/22 11:04:36.156, 6, GPU-5a4ea3b7-bb73-9876-6f45-65769efc3066, NVIDIA RTX PRO 6000 Blackwell Max-Q Workstation Edition, 2310 MHz, 13365 MHz, 55307 MiB, 100 %, 0x0000000000000400
2026/09/22 11:04:37.156, 5, GPU-f93cb3ac-bea7-0586-9f2c-c0307696716e, NVIDIA RTX PRO 6000 Blackwell Max-Q Workstation Edition, 2310 MHz, 13365 MHz, 55330 MiB, 100 %, 0x0000000000000400
2026/09/22 11:04:37.156, 6, GPU-5a4ea3b7-bb73-9876-6f45-65769efc3066, NVIDIA RTX PRO 6000 Blackwell Max-Q Workstation Edition, 2317 MHz, 13365 MHz, 55307 MiB, 100 %, 0x0000000000000400
2026/09/22 11:04:38.157, 5, GPU-f93cb3ac-bea7-0586-9f2c-c0307696716e, NVIDIA RTX PRO 6000 Blackwell Max-Q Workstation Edition, 2310 MHz, 13365 MHz, 55330 MiB, 100 %, 0x0000000000000400
2026/09/22 11:04:38.157, 6, GPU-5a4ea3b7-bb73-9876-6f45-65769efc3066, NVIDIA RTX PRO 6000 Blackwell Max-Q Workstation Edition, 2317 MHz, 13365 MHz, 55307 MiB, 100 %, 0x0000000000000400
2026/09/22 11:04:39.157, 5, GPU-f93cb3ac-bea7-0586-9f2c-c0307696716e, NVIDIA RTX PRO 6000 Blackwell Max-Q Workstation Edition, 2310 MHz, 13365 MHz, 55330 MiB, 100 %, 0x0000000000000400
2026/09/22 11:04:39.157, 6, GPU-5a4ea3b7-bb73-9876-6f45-65769efc3066, NVIDIA RTX PRO 6000 Blackwell Max-Q Workstation Edition, 2317 MHz, 13365 MHz, 55307 MiB, 100 %, 0x0000000000000400
2026/09/22 11:04:40.157, 5, GPU-f93cb3ac-bea7-0586-9f2c-c0307696716e, NVIDIA RTX PRO 6000 Blackwell Max-Q Workstation Edition, 2310 MHz, 13365 MHz, 55330 MiB, 100 %, 0x0000000000000400
2026/09/22 11:04:40.157, 6, GPU-5a4ea3b7-bb73-9876-6f45-65769efc3066, NVIDIA RTX PRO 6000 Blackwell Max-Q Workstation Edition, 2317 MHz, 13365 MHz, 55307 MiB, 100 %, 0x0000000000000400
2026/09/22 11:04:41.157, 5, GPU-f93cb3ac-bea7-0586-9f2c-c0307696716e, NVIDIA RTX PRO 6000 Blackwell Max-Q Workstation Edition, 2310 MHz, 13365 MHz, 55330 MiB, 100 %, 0x0000000000000400
2026/09/22 11:04:41.158, 6, GPU-5a4ea3b7-bb73-9876-6f45-65769efc3066, NVIDIA RTX PRO 6000 Blackwell Max-Q Workstation Edition, 2317 MHz, 13365 MHz, 55307 MiB, 100 %, 0x0000000000000400
2026/09/22 11:04:42.158, 5, GPU-f93cb3ac-bea7-0586-9f2c-c0307696716e, NVIDIA RTX PRO 6000 Blackwell Max-Q Workstation Edition, 2310 MHz, 13365 MHz, 55330 MiB, 100 %, 0x0000000000000400
2026/09/22 11:04:42.158, 6, GPU-5a4ea3b7-bb73-9876-6f45-65769efc3066, NVIDIA RTX PRO 6000 Blackwell Max-Q Workstation Edition, 2317 MHz, 13365 MHz, 55307 MiB, 100 %, 0x0000000000000400
2026/09/22 11:04:43.158, 5, GPU-f93cb3ac-bea7-0586-9f2c-c0307696716e, NVIDIA RTX PRO 6000 Blackwell Max-Q Workstation Edition, 2310 MHz, 13365 MHz, 55330 MiB, 100 %, 0x0000000000000400
2026/09/22 11:04:43.158, 6, GPU-5a4ea3b7-bb73-9876-6f45-65769efc3066, NVIDIA RTX PRO 6000 Blackwell Max-Q Workstation Edition, 2317 MHz, 13365 MHz, 55307 MiB, 100 %, 0x0000000000000400
2026/09/22 11:04:44.158, 5, GPU-f93cb3ac-bea7-0586-9f2c-c0307696716e, NVIDIA RTX PRO 6000 Blackwell Max-Q Workstation Edition, 2310 MHz, 13365 MHz, 55330 MiB, 100 %, 0x0000000000000400
2026/09/22 11:04:44.158, 6, GPU-5a4ea3b7-bb73-9876-6f45-65769efc3066, NVIDIA RTX PRO 6000 Blackwell Max-Q Workstation Edition, 2317 MHz, 13365 MHz, 55307 MiB, 100 %, 0x0000000000000400
2026/09/22 11:04:45.158, 5, GPU-f93cb3ac-bea7-0586-9f2c-c0307696716e, NVIDIA RTX PRO 6000 Blackwell Max-Q Workstation Edition, 2310 MHz, 13365 MHz, 55330 MiB, 100 %, 0x0000000000000400
2026/09/22 11:04:45.159, 6, GPU-5a4ea3b7-bb73-9876-6f45-65769efc3066, NVIDIA RTX PRO 6000 Blackwell Max-Q Workstation Edition, 2317 MHz, 13365 MHz, 55307 MiB, 100 %, 0x0000000000000400
2026/09/22 11:04:46.159, 5, GPU-f93cb3ac-bea7-0586-9f2c-c0307696716e, NVIDIA RTX PRO 6000 Blackwell Max-Q Workstation Edition, 2310 MHz, 13365 MHz, 55330 MiB, 100 %, 0x0000000000000400
2026/09/22 11:04:46.159, 6, GPU-5a4ea3b7-bb73-9876-6f45-65769efc3066, NVIDIA RTX PRO 6000 Blackwell Max-Q Workstation Edition, 2317 MHz, 13365 MHz, 55307 MiB, 100 %, 0x0000000000000400
2026/09/22 11:04:47.159, 5, GPU-f93cb3ac-bea7-0586-9f2c-c0307696716e, NVIDIA RTX PRO 6000 Blackwell Max-Q Workstation Edition, 2310 MHz, 13365 MHz, 55330 MiB, 100 %, 0x0000000000000400
2026/09/22 11:04:47.159, 6, GPU-5a4ea3b7-bb73-9876-6f45-65769efc3066, NVIDIA RTX PRO 6000 Blackwell Max-Q Workstation Edition, 2325 MHz, 13365 MHz, 55307 MiB, 100 %, 0x0000000000000400
2026/09/22 11:04:48.159, 5, GPU-f93cb3ac-bea7-0586-9f2c-c0307696716e, NVIDIA RTX PRO 6000 Blackwell Max-Q Workstation Edition, 2310 MHz, 13365 MHz, 55330 MiB, 100 %, 0x0000000000000400
2026/09/22 11:04:48.159, 6, GPU-5a4ea3b7-bb73-9876-6f45-65769efc3066, NVIDIA RTX PRO 6000 Blackwell Max-Q Workstation Edition, 2317 MHz, 13365 MHz, 55307 MiB, 100 %, 0x0000000000000400
2026/09/22 11:04:49.160, 5, GPU-f93cb3ac-bea7-0586-9f2c-c0307696716e, NVIDIA RTX PRO 6000 Blackwell Max-Q Workstation Edition, 2310 MHz, 13365 MHz, 55330 MiB, 100 %, 0x0000000000000400
2026/09/22 11:04:49.160, 6, GPU-5a4ea3b7-bb73-9876-6f45-65769efc3066, NVIDIA RTX PRO 6000 Blackwell Max-Q Workstation Edition, 2317 MHz, 13365 MHz, 55307 MiB, 100 %, 0x0000000000000400
2026/09/22 11:04:50.160, 5, GPU-f93cb3ac-bea7-0586-9f2c-c0307696716e, NVIDIA RTX PRO 6000 Blackwell Max-Q Workstation Edition, 2310 MHz, 13365 MHz, 55330 MiB, 100 %, 0x0000000000000400
2026/09/22 11:04:50.175, 6, GPU-5a4ea3b7-bb73-9876-6f45-65769efc3066, NVIDIA RTX PRO 6000 Blackwell Max-Q Workstation Edition, 2317 MHz, 13365 MHz, 55307 MiB, 100 %, 0x0000000000000400
2026/09/22 11:04:51.194, 5, GPU-f93cb3ac-bea7-0586-9f2c-c0307696716e, NVIDIA RTX PRO 6000 Blackwell Max-Q Workstation Edition, 2310 MHz, 13365 MHz, 55330 MiB, 100 %, 0x0000000000000400
2026/09/22 11:04:51.194, 6, GPU-5a4ea3b7-bb73-9876-6f45-65769efc3066, NVIDIA RTX PRO 6000 Blackwell Max-Q Workstation Edition, 2317 MHz, 13365 MHz, 55307 MiB, 100 %, 0x0000000000000400
2026/09/22 11:04:52.194, 5, GPU-f93cb3ac-bea7-0586-9f2c-c0307696716e, NVIDIA RTX PRO 6000 Blackwell Max-Q Workstation Edition, 2347 MHz, 13365 MHz, 55330 MiB, 0 %, 0x0000000000000400
2026/09/22 11:04:52.194, 6, GPU-5a4ea3b7-bb73-9876-6f45-65769efc3066, NVIDIA RTX PRO 6000 Blackwell Max-Q Workstation Edition, 2355 MHz, 13365 MHz, 55307 MiB, 0 %, 0x0000000000000400
2026/09/22 11:04:53.194, 5, GPU-f93cb3ac-bea7-0586-9f2c-c0307696716e, NVIDIA RTX PRO 6000 Blackwell Max-Q Workstation Edition, 2347 MHz, 13365 MHz, 55330 MiB, 0 %, 0x0000000000000400
2026/09/22 11:04:53.195, 6, GPU-5a4ea3b7-bb73-9876-6f45-65769efc3066, NVIDIA RTX PRO 6000 Blackwell Max-Q Workstation Edition, 2355 MHz, 13365 MHz, 55307 MiB, 0 %, 0x0000000000000400
2026/09/22 11:04:54.195, 5, GPU-f93cb3ac-bea7-0586-9f2c-c0307696716e, NVIDIA RTX PRO 6000 Blackwell Max-Q Workstation Edition, 2302 MHz, 13365 MHz, 55330 MiB, 100 %, 0x0000000000000400
2026/09/22 11:04:54.195, 6, GPU-5a4ea3b7-bb73-9876-6f45-65769efc3066, NVIDIA RTX PRO 6000 Blackwell Max-Q Workstation Edition, 2287 MHz, 13365 MHz, 55307 MiB, 100 %, 0x0000000000000400
2026/09/22 11:04:55.195, 5, GPU-f93cb3ac-bea7-0586-9f2c-c0307696716e, NVIDIA RTX PRO 6000 Blackwell Max-Q Workstation Edition, 2310 MHz, 13365 MHz, 55330 MiB, 100 %, 0x0000000000000400
2026/09/22 11:04:55.195, 6, GPU-5a4ea3b7-bb73-9876-6f45-65769efc3066, NVIDIA RTX PRO 6000 Blackwell Max-Q Workstation Edition, 2317 MHz, 13365 MHz, 55307 MiB, 100 %, 0x0000000000000400
2026/09/22 11:04:56.195, 5, GPU-f93cb3ac-bea7-0586-9f2c-c0307696716e, NVIDIA RTX PRO 6000 Blackwell Max-Q Workstation Edition, 2310 MHz, 13365 MHz, 55330 MiB, 100 %, 0x0000000000000400
2026/09/22 11:04:56.195, 6, GPU-5a4ea3b7-bb73-9876-6f45-65769efc3066, NVIDIA RTX PRO 6000 Blackwell Max-Q Workstation Edition, 2317 MHz, 13365 MHz, 55307 MiB, 100 %, 0x0000000000000400
2026/09/22 11:04:57.195, 5, GPU-f93cb3ac-bea7-0586-9f2c-c0307696716e, NVIDIA RTX PRO 6000 Blackwell Max-Q Workstation Edition, 2310 MHz, 13365 MHz, 55330 MiB, 100 %, 0x0000000000000400
2026/09/22 11:04:57.196, 6, GPU-5a4ea3b7-bb73-9876-6f45-65769efc3066, NVIDIA RTX PRO 6000 Blackwell Max-Q Workstation Edition, 2317 MHz, 13365 MHz, 55307 MiB, 100 %, 0x0000000000000400
2026/09/22 11:04:58.196, 5, GPU-f93cb3ac-bea7-0586-9f2c-c0307696716e, NVIDIA RTX PRO 6000 Blackwell Max-Q Workstation Edition, 2310 MHz, 13365 MHz, 55330 MiB, 100 %, 0x0000000000000400
2026/09/22 11:04:58.196, 6, GPU-5a4ea3b7-bb73-9876-6f45-65769efc3066, NVIDIA RTX PRO 6000 Blackwell Max-Q Workstation Edition, 2317 MHz, 13365 MHz, 55307 MiB, 100 %, 0x0000000000000400
2026/09/22 11:04:59.196, 5, GPU-f93cb3ac-bea7-0586-9f2c-c0307696716e, NVIDIA RTX PRO 6000 Blackwell Max-Q Workstation Edition, 2310 MHz, 13365 MHz, 55330 MiB, 100 %, 0x0000000000000400
2026/09/22 11:04:59.196, 6, GPU-5a4ea3b7-bb73-9876-6f45-65769efc3066, NVIDIA RTX PRO 6000 Blackwell Max-Q Workstation Edition, 2317 MHz, 13365 MHz, 55307 MiB, 100 %, 0x0000000000000400
2026/09/22 11:05:00.196, 5, GPU-f93cb3ac-bea7-0586-9f2c-c0307696716e, NVIDIA RTX PRO 6000 Blackwell Max-Q Workstation Edition, 2310 MHz, 13365 MHz, 55330 MiB, 100 %, 0x0000000000000400
2026/09/22 11:05:00.196, 6, GPU-5a4ea3b7-bb73-9876-6f45-65769efc3066, NVIDIA RTX PRO 6000 Blackwell Max-Q Workstation Edition, 2317 MHz, 13365 MHz, 55307 MiB, 100 %, 0x0000000000000400
2026/09/22 11:05:01.196, 5, GPU-f93cb3ac-bea7-0586-9f2c-c0307696716e, NVIDIA RTX PRO 6000 Blackwell Max-Q Workstation Edition, 2310 MHz, 13365 MHz, 55330 MiB, 100 %, 0x0000000000000400
2026/09/22 11:05:01.197, 6, GPU-5a4ea3b7-bb73-9876-6f45-65769efc3066, NVIDIA RTX PRO 6000 Blackwell Max-Q Workstation Edition, 2317 MHz, 13365 MHz, 55307 MiB, 100 %, 0x0000000000000400
2026/09/22 11:05:02.197, 5, GPU-f93cb3ac-bea7-0586-9f2c-c0307696716e, NVIDIA RTX PRO 6000 Blackwell Max-Q Workstation Edition, 2310 MHz, 13365 MHz, 55330 MiB, 100 %, 0x0000000000000400
2026/09/22 11:05:02.197, 6, GPU-5a4ea3b7-bb73-9876-6f45-65769efc3066, NVIDIA RTX PRO 6000 Blackwell Max-Q Workstation Edition, 2317 MHz, 13365 MHz, 55307 MiB, 100 %, 0x0000000000000400
2026/09/22 11:05:03.197, 5, GPU-f93cb3ac-bea7-0586-9f2c-c0307696716e, NVIDIA RTX PRO 6000 Blackwell Max-Q Workstation Edition, 2310 MHz, 13365 MHz, 55330 MiB, 100 %, 0x0000000000000400
2026/09/22 11:05:03.197, 6, GPU-5a4ea3b7-bb73-9876-6f45-65769efc3066, NVIDIA RTX PRO 6000 Blackwell Max-Q Workstation Edition, 2317 MHz, 13365 MHz, 55307 MiB, 100 %, 0x0000000000000400
2026/09/22 11:05:04.197, 5, GPU-f93cb3ac-bea7-0586-9f2c-c0307696716e, NVIDIA RTX PRO 6000 Blackwell Max-Q Workstation Edition, 2310 MHz, 13365 MHz, 55330 MiB, 100 %, 0x0000000000000400
2026/09/22 11:05:04.198, 6, GPU-5a4ea3b7-bb73-9876-6f45-65769efc3066, NVIDIA RTX PRO 6000 Blackwell Max-Q Workstation Edition, 2317 MHz, 13365 MHz, 55307 MiB, 100 %, 0x0000000000000400
2026/09/22 11:05:05.198, 5, GPU-f93cb3ac-bea7-0586-9f2c-c0307696716e, NVIDIA RTX PRO 6000 Blackwell Max-Q Workstation Edition, 2310 MHz, 13365 MHz, 55330 MiB, 100 %, 0x0000000000000400
2026/09/22 11:05:05.198, 6, GPU-5a4ea3b7-bb73-9876-6f45-65769efc3066, NVIDIA RTX PRO 6000 Blackwell Max-Q Workstation Edition, 2317 MHz, 13365 MHz, 55307 MiB, 100 %, 0x0000000000000400
2026/09/22 11:05:06.198, 5, GPU-f93cb3ac-bea7-0586-9f2c-c0307696716e, NVIDIA RTX PRO 6000 Blackwell Max-Q Workstation Edition, 2310 MHz, 13365 MHz, 55330 MiB, 100 %, 0x0000000000000400
2026/09/22 11:05:06.198, 6, GPU-5a4ea3b7-bb73-9876-6f45-65769efc3066, NVIDIA RTX PRO 6000 Blackwell Max-Q Workstation Edition, 2317 MHz, 13365 MHz, 55307 MiB, 100 %, 0x0000000000000400
2026/09/22 11:05:07.198, 5, GPU-f93cb3ac-bea7-0586-9f2c-c0307696716e, NVIDIA RTX PRO 6000 Blackwell Max-Q Workstation Edition, 2310 MHz, 13365 MHz, 55330 MiB, 100 %, 0x0000000000000400
2026/09/22 11:05:07.198, 6, GPU-5a4ea3b7-bb73-9876-6f45-65769efc3066, NVIDIA RTX PRO 6000 Blackwell Max-Q Workstation Edition, 2317 MHz, 13365 MHz, 55307 MiB, 100 %, 0x0000000000000400
2026/09/22 11:05:08.198, 5, GPU-f93cb3ac-bea7-0586-9f2c-c0307696716e, NVIDIA RTX PRO 6000 Blackwell Max-Q Workstation Edition, 2310 MHz, 13365 MHz, 55330 MiB, 100 %, 0x0000000000000400
2026/09/22 11:05:08.199, 6, GPU-5a4ea3b7-bb73-9876-6f45-65769efc3066, NVIDIA RTX PRO 6000 Blackwell Max-Q Workstation Edition, 2317 MHz, 13365 MHz, 55307 MiB, 100 %, 0x0000000000000400
2026/09/22 11:05:09.199, 5, GPU-f93cb3ac-bea7-0586-9f2c-c0307696716e, NVIDIA RTX PRO 6000 Blackwell Max-Q Workstation Edition, 2310 MHz, 13365 MHz, 55330 MiB, 100 %, 0x0000000000000400
2026/09/22 11:05:09.199, 6, GPU-5a4ea3b7-bb73-9876-6f45-65769efc3066, NVIDIA RTX PRO 6000 Blackwell Max-Q Workstation Edition, 2317 MHz, 13365 MHz, 55307 MiB, 100 %, 0x0000000000000400
2026/09/22 11:05:10.199, 5, GPU-f93cb3ac-bea7-0586-9f2c-c0307696716e, NVIDIA RTX PRO 6000 Blackwell Max-Q Workstation Edition, 2310 MHz, 13365 MHz, 55330 MiB, 100 %, 0x0000000000000400
2026/09/22 11:05:10.199, 6, GPU-5a4ea3b7-bb73-9876-6f45-65769efc3066, NVIDIA RTX PRO 6000 Blackwell Max-Q Workstation Edition, 2317 MHz, 13365 MHz, 55307 MiB, 100 %, 0x0000000000000400
2026/09/22 11:05:11.199, 5, GPU-f93cb3ac-bea7-0586-9f2c-c0307696716e, NVIDIA RTX PRO 6000 Blackwell Max-Q Workstation Edition, 2310 MHz, 13365 MHz, 55330 MiB, 100 %, 0x0000000000000400
2026/09/22 11:05:11.202, 6, GPU-5a4ea3b7-bb73-9876-6f45-65769efc3066, NVIDIA RTX PRO 6000 Blackwell Max-Q Workstation Edition, 2317 MHz, 13365 MHz, 55307 MiB, 100 %, 0x0000000000000400
2026/09/22 11:05:12.215, 5, GPU-f93cb3ac-bea7-0586-9f2c-c0307696716e, NVIDIA RTX PRO 6000 Blackwell Max-Q Workstation Edition, 2310 MHz, 13365 MHz, 55330 MiB, 100 %, 0x0000000000000400
2026/09/22 11:05:12.215, 6, GPU-5a4ea3b7-bb73-9876-6f45-65769efc3066, NVIDIA RTX PRO 6000 Blackwell Max-Q Workstation Edition, 2317 MHz, 13365 MHz, 55307 MiB, 100 %, 0x0000000000000400
2026/09/22 11:05:13.215, 5, GPU-f93cb3ac-bea7-0586-9f2c-c0307696716e, NVIDIA RTX PRO 6000 Blackwell Max-Q Workstation Edition, 2310 MHz, 13365 MHz, 55330 MiB, 100 %, 0x0000000000000400
2026/09/22 11:05:13.215, 6, GPU-5a4ea3b7-bb73-9876-6f45-65769efc3066, NVIDIA RTX PRO 6000 Blackwell Max-Q Workstation Edition, 2317 MHz, 13365 MHz, 55307 MiB, 100 %, 0x0000000000000400
2026/09/22 11:05:14.215, 5, GPU-f93cb3ac-bea7-0586-9f2c-c0307696716e, NVIDIA RTX PRO 6000 Blackwell Max-Q Workstation Edition, 2310 MHz, 13365 MHz, 55330 MiB, 100 %, 0x0000000000000400
2026/09/22 11:05:14.215, 6, GPU-5a4ea3b7-bb73-9876-6f45-65769efc3066, NVIDIA RTX PRO 6000 Blackwell Max-Q Workstation Edition, 2317 MHz, 13365 MHz, 55307 MiB, 100 %, 0x0000000000000400
2026/09/22 11:05:15.216, 5, GPU-f93cb3ac-bea7-0586-9f2c-c0307696716e, NVIDIA RTX PRO 6000 Blackwell Max-Q Workstation Edition, 2310 MHz, 13365 MHz, 55330 MiB, 100 %, 0x0000000000000400
2026/09/22 11:05:15.216, 6, GPU-5a4ea3b7-bb73-9876-6f45-65769efc3066, NVIDIA RTX PRO 6000 Blackwell Max-Q Workstation Edition, 2317 MHz, 13365 MHz, 55307 MiB, 100 %, 0x0000000000000400
2026/09/22 11:05:16.216, 5, GPU-f93cb3ac-bea7-0586-9f2c-c0307696716e, NVIDIA RTX PRO 6000 Blackwell Max-Q Workstation Edition, 2310 MHz, 13365 MHz, 55330 MiB, 100 %, 0x0000000000000400
2026/09/22 11:05:16.216, 6, GPU-5a4ea3b7-bb73-9876-6f45-65769efc3066, NVIDIA RTX PRO 6000 Blackwell Max-Q Workstation Edition, 2317 MHz, 13365 MHz, 55307 MiB, 100 %, 0x0000000000000400
2026/09/22 11:05:17.216, 5, GPU-f93cb3ac-bea7-0586-9f2c-c0307696716e, NVIDIA RTX PRO 6000 Blackwell Max-Q Workstation Edition, 2310 MHz, 13365 MHz, 55330 MiB, 100 %, 0x0000000000000400
2026/09/22 11:05:17.216, 6, GPU-5a4ea3b7-bb73-9876-6f45-65769efc3066, NVIDIA RTX PRO 6000 Blackwell Max-Q Workstation Edition, 2317 MHz, 13365 MHz, 55307 MiB, 100 %, 0x0000000000000400
2026/09/22 11:05:18.216, 5, GPU-f93cb3ac-bea7-0586-9f2c-c0307696716e, NVIDIA RTX PRO 6000 Blackwell Max-Q Workstation Edition, 2310 MHz, 13365 MHz, 55330 MiB, 100 %, 0x0000000000000400
2026/09/22 11:05:18.216, 6, GPU-5a4ea3b7-bb73-9876-6f45-65769efc3066, NVIDIA RTX PRO 6000 Blackwell Max-Q Workstation Edition, 2317 MHz, 13365 MHz, 55307 MiB, 100 %, 0x0000000000000400
2026/09/22 11:05:19.217, 5, GPU-f93cb3ac-bea7-0586-9f2c-c0307696716e, NVIDIA RTX PRO 6000 Blackwell Max-Q Workstation Edition, 2310 MHz, 13365 MHz, 55330 MiB, 100 %, 0x0000000000000400
2026/09/22 11:05:19.217, 6, GPU-5a4ea3b7-bb73-9876-6f45-65769efc3066, NVIDIA RTX PRO 6000 Blackwell Max-Q Workstation Edition, 2317 MHz, 13365 MHz, 55307 MiB, 100 %, 0x0000000000000400
2026/09/22 11:05:20.217, 5, GPU-f93cb3ac-bea7-0586-9f2c-c0307696716e, NVIDIA RTX PRO 6000 Blackwell Max-Q Workstation Edition, 2310 MHz, 13365 MHz, 55330 MiB, 100 %, 0x0000000000000400
2026/09/22 11:05:20.217, 6, GPU-5a4ea3b7-bb73-9876-6f45-65769efc3066, NVIDIA RTX PRO 6000 Blackwell Max-Q Workstation Edition, 2317 MHz, 13365 MHz, 55307 MiB, 100 %, 0x0000000000000400
2026/09/22 11:05:21.217, 5, GPU-f93cb3ac-bea7-0586-9f2c-c0307696716e, NVIDIA RTX PRO 6000 Blackwell Max-Q Workstation Edition, 2310 MHz, 13365 MHz, 55330 MiB, 100 %, 0x0000000000000400
2026/09/22 11:05:21.217, 6, GPU-5a4ea3b7-bb73-9876-6f45-65769efc3066, NVIDIA RTX PRO 6000 Blackwell Max-Q Workstation Edition, 2317 MHz, 13365 MHz, 55307 MiB, 100 %, 0x0000000000000400
2026/09/22 11:05:22.217, 5, GPU-f93cb3ac-bea7-0586-9f2c-c0307696716e, NVIDIA RTX PRO 6000 Blackwell Max-Q Workstation Edition, 2310 MHz, 13365 MHz, 55330 MiB, 100 %, 0x0000000000000400
2026/09/22 11:05:22.217, 6, GPU-5a4ea3b7-bb73-9876-6f45-65769efc3066, NVIDIA RTX PRO 6000 Blackwell Max-Q Workstation Edition, 2317 MHz, 13365 MHz, 55307 MiB, 100 %, 0x0000000000000400
2026/09/22 11:05:23.218, 5, GPU-f93cb3ac-bea7-0586-9f2c-c0307696716e, NVIDIA RTX PRO 6000 Blackwell Max-Q Workstation Edition, 2310 MHz, 13365 MHz, 55330 MiB, 100 %, 0x0000000000000400
2026/09/22 11:05:23.218, 6, GPU-5a4ea3b7-bb73-9876-6f45-65769efc3066, NVIDIA RTX PRO 6000 Blackwell Max-Q Workstation Edition, 2317 MHz, 13365 MHz, 55307 MiB, 100 %, 0x0000000000000400
2026/09/22 11:05:24.218, 5, GPU-f93cb3ac-bea7-0586-9f2c-c0307696716e, NVIDIA RTX PRO 6000 Blackwell Max-Q Workstation Edition, 2310 MHz, 13365 MHz, 55330 MiB, 100 %, 0x0000000000000400
2026/09/22 11:05:24.218, 6, GPU-5a4ea3b7-bb73-9876-6f45-65769efc3066, NVIDIA RTX PRO 6000 Blackwell Max-Q Workstation Edition, 2317 MHz, 13365 MHz, 55307 MiB, 100 %, 0x0000000000000400
2026/09/22 11:05:25.218, 5, GPU-f93cb3ac-bea7-0586-9f2c-c0307696716e, NVIDIA RTX PRO 6000 Blackwell Max-Q Workstation Edition, 2310 MHz, 13365 MHz, 55330 MiB, 100 %, 0x0000000000000400
2026/09/22 11:05:25.218, 6, GPU-5a4ea3b7-bb73-9876-6f45-65769efc3066, NVIDIA RTX PRO 6000 Blackwell Max-Q Workstation Edition, 2317 MHz, 13365 MHz, 55307 MiB, 100 %, 0x0000000000000400
2026/09/22 11:05:26.218, 5, GPU-f93cb3ac-bea7-0586-9f2c-c0307696716e, NVIDIA RTX PRO 6000 Blackwell Max-Q Workstation Edition, 2310 MHz, 13365 MHz, 55330 MiB, 100 %, 0x0000000000000400
2026/09/22 11:05:26.219, 6, GPU-5a4ea3b7-bb73-9876-6f45-65769efc3066, NVIDIA RTX PRO 6000 Blackwell Max-Q Workstation Edition, 2317 MHz, 13365 MHz, 55307 MiB, 100 %, 0x0000000000000400
2026/09/22 11:05:27.219, 5, GPU-f93cb3ac-bea7-0586-9f2c-c0307696716e, NVIDIA RTX PRO 6000 Blackwell Max-Q Workstation Edition, 2310 MHz, 13365 MHz, 55330 MiB, 100 %, 0x0000000000000400
2026/09/22 11:05:27.219, 6, GPU-5a4ea3b7-bb73-9876-6f45-65769efc3066, NVIDIA RTX PRO 6000 Blackwell Max-Q Workstation Edition, 2317 MHz, 13365 MHz, 55307 MiB, 100 %, 0x0000000000000400
2026/09/22 11:05:28.219, 5, GPU-f93cb3ac-bea7-0586-9f2c-c0307696716e, NVIDIA RTX PRO 6000 Blackwell Max-Q Workstation Edition, 2310 MHz, 13365 MHz, 55330 MiB, 100 %, 0x0000000000000400
2026/09/22 11:05:28.219, 6, GPU-5a4ea3b7-bb73-9876-6f45-65769efc3066, NVIDIA RTX PRO 6000 Blackwell Max-Q Workstation Edition, 2317 MHz, 13365 MHz, 55307 MiB, 100 %, 0x0000000000000400
2026/09/22 11:05:29.219, 5, GPU-f93cb3ac-bea7-0586-9f2c-c0307696716e, NVIDIA RTX PRO 6000 Blackwell Max-Q Workstation Edition, 2310 MHz, 13365 MHz, 55330 MiB, 100 %, 0x0000000000000400
2026/09/22 11:05:29.219, 6, GPU-5a4ea3b7-bb73-9876-6f45-65769efc3066, NVIDIA RTX PRO 6000 Blackwell Max-Q Workstation Edition, 2317 MHz, 13365 MHz, 55307 MiB, 100 %, 0x0000000000000400
2026/09/22 11:05:30.220, 5, GPU-f93cb3ac-bea7-0586-9f2c-c0307696716e, NVIDIA RTX PRO 6000 Blackwell Max-Q Workstation Edition, 2347 MHz, 13365 MHz, 55330 MiB, 0 %, 0x0000000000000400
2026/09/22 11:05:30.220, 6, GPU-5a4ea3b7-bb73-9876-6f45-65769efc3066, NVIDIA RTX PRO 6000 Blackwell Max-Q Workstation Edition, 2355 MHz, 13365 MHz, 55307 MiB, 0 %, 0x0000000000000400
2026/09/22 11:05:31.220, 5, GPU-f93cb3ac-bea7-0586-9f2c-c0307696716e, NVIDIA RTX PRO 6000 Blackwell Max-Q Workstation Edition, 2347 MHz, 13365 MHz, 55330 MiB, 0 %, 0x0000000000000400
2026/09/22 11:05:31.220, 6, GPU-5a4ea3b7-bb73-9876-6f45-65769efc3066, NVIDIA RTX PRO 6000 Blackwell Max-Q Workstation Edition, 2355 MHz, 13365 MHz, 55307 MiB, 0 %, 0x0000000000000400
2026/09/22 11:05:32.220, 5, GPU-f93cb3ac-bea7-0586-9f2c-c0307696716e, NVIDIA RTX PRO 6000 Blackwell Max-Q Workstation Edition, 2347 MHz, 13365 MHz, 55330 MiB, 0 %, 0x0000000000000400
2026/09/22 11:05:32.220, 6, GPU-5a4ea3b7-bb73-9876-6f45-65769efc3066, NVIDIA RTX PRO 6000 Blackwell Max-Q Workstation Edition, 2347 MHz, 13365 MHz, 55307 MiB, 0 %, 0x0000000000000400
2026/09/22 11:05:33.220, 5, GPU-f93cb3ac-bea7-0586-9f2c-c0307696716e, NVIDIA RTX PRO 6000 Blackwell Max-Q Workstation Edition, 2257 MHz, 13365 MHz, 55330 MiB, 100 %, 0x0000000000000400
2026/09/22 11:05:33.220, 6, GPU-5a4ea3b7-bb73-9876-6f45-65769efc3066, NVIDIA RTX PRO 6000 Blackwell Max-Q Workstation Edition, 2265 MHz, 13365 MHz, 55307 MiB, 100 %, 0x0000000000000400
2026/09/22 11:05:34.221, 5, GPU-f93cb3ac-bea7-0586-9f2c-c0307696716e, NVIDIA RTX PRO 6000 Blackwell Max-Q Workstation Edition, 2250 MHz, 13365 MHz, 55330 MiB, 100 %, 0x0000000000000400
2026/09/22 11:05:34.221, 6, GPU-5a4ea3b7-bb73-9876-6f45-65769efc3066, NVIDIA RTX PRO 6000 Blackwell Max-Q Workstation Edition, 2265 MHz, 13365 MHz, 55307 MiB, 100 %, 0x0000000000000400
2026/09/22 11:05:35.221, 5, GPU-f93cb3ac-bea7-0586-9f2c-c0307696716e, NVIDIA RTX PRO 6000 Blackwell Max-Q Workstation Edition, 2257 MHz, 13365 MHz, 55330 MiB, 100 %, 0x0000000000000400
2026/09/22 11:05:35.221, 6, GPU-5a4ea3b7-bb73-9876-6f45-65769efc3066, NVIDIA RTX PRO 6000 Blackwell Max-Q Workstation Edition, 2265 MHz, 13365 MHz, 55307 MiB, 100 %, 0x0000000000000400
2026/09/22 11:05:36.221, 5, GPU-f93cb3ac-bea7-0586-9f2c-c0307696716e, NVIDIA RTX PRO 6000 Blackwell Max-Q Workstation Edition, 2250 MHz, 13365 MHz, 55330 MiB, 100 %, 0x0000000000000400
2026/09/22 11:05:36.221, 6, GPU-5a4ea3b7-bb73-9876-6f45-65769efc3066, NVIDIA RTX PRO 6000 Blackwell Max-Q Workstation Edition, 2265 MHz, 13365 MHz, 55307 MiB, 100 %, 0x0000000000000400
2026/09/22 11:05:37.221, 5, GPU-f93cb3ac-bea7-0586-9f2c-c0307696716e, NVIDIA RTX PRO 6000 Blackwell Max-Q Workstation Edition, 2250 MHz, 13365 MHz, 55330 MiB, 100 %, 0x0000000000000400
2026/09/22 11:05:37.221, 6, GPU-5a4ea3b7-bb73-9876-6f45-65769efc3066, NVIDIA RTX PRO 6000 Blackwell Max-Q Workstation Edition, 2265 MHz, 13365 MHz, 55307 MiB, 100 %, 0x0000000000000400
2026/09/22 11:05:38.221, 5, GPU-f93cb3ac-bea7-0586-9f2c-c0307696716e, NVIDIA RTX PRO 6000 Blackwell Max-Q Workstation Edition, 2250 MHz, 13365 MHz, 55330 MiB, 100 %, 0x0000000000000400
2026/09/22 11:05:38.222, 6, GPU-5a4ea3b7-bb73-9876-6f45-65769efc3066, NVIDIA RTX PRO 6000 Blackwell Max-Q Workstation Edition, 2265 MHz, 13365 MHz, 55307 MiB, 100 %, 0x0000000000000400
2026/09/22 11:05:39.222, 5, GPU-f93cb3ac-bea7-0586-9f2c-c0307696716e, NVIDIA RTX PRO 6000 Blackwell Max-Q Workstation Edition, 2250 MHz, 13365 MHz, 55330 MiB, 100 %, 0x0000000000000400
2026/09/22 11:05:39.222, 6, GPU-5a4ea3b7-bb73-9876-6f45-65769efc3066, NVIDIA RTX PRO 6000 Blackwell Max-Q Workstation Edition, 2265 MHz, 13365 MHz, 55307 MiB, 100 %, 0x0000000000000400
2026/09/22 11:05:40.222, 5, GPU-f93cb3ac-bea7-0586-9f2c-c0307696716e, NVIDIA RTX PRO 6000 Blackwell Max-Q Workstation Edition, 2250 MHz, 13365 MHz, 55330 MiB, 100 %, 0x0000000000000400
2026/09/22 11:05:40.222, 6, GPU-5a4ea3b7-bb73-9876-6f45-65769efc3066, NVIDIA RTX PRO 6000 Blackwell Max-Q Workstation Edition, 2265 MHz, 13365 MHz, 55307 MiB, 100 %, 0x0000000000000400
2026/09/22 11:05:41.222, 5, GPU-f93cb3ac-bea7-0586-9f2c-c0307696716e, NVIDIA RTX PRO 6000 Blackwell Max-Q Workstation Edition, 2257 MHz, 13365 MHz, 55330 MiB, 100 %, 0x0000000000000400
2026/09/22 11:05:41.222, 6, GPU-5a4ea3b7-bb73-9876-6f45-65769efc3066, NVIDIA RTX PRO 6000 Blackwell Max-Q Workstation Edition, 2265 MHz, 13365 MHz, 55307 MiB, 100 %, 0x0000000000000400
2026/09/22 11:05:42.222, 5, GPU-f93cb3ac-bea7-0586-9f2c-c0307696716e, NVIDIA RTX PRO 6000 Blackwell Max-Q Workstation Edition, 2250 MHz, 13365 MHz, 55330 MiB, 100 %, 0x0000000000000400
2026/09/22 11:05:42.223, 6, GPU-5a4ea3b7-bb73-9876-6f45-65769efc3066, NVIDIA RTX PRO 6000 Blackwell Max-Q Workstation Edition, 2265 MHz, 13365 MHz, 55307 MiB, 100 %, 0x0000000000000400
2026/09/22 11:05:43.223, 5, GPU-f93cb3ac-bea7-0586-9f2c-c0307696716e, NVIDIA RTX PRO 6000 Blackwell Max-Q Workstation Edition, 2250 MHz, 13365 MHz, 55330 MiB, 100 %, 0x0000000000000400
2026/09/22 11:05:43.223, 6, GPU-5a4ea3b7-bb73-9876-6f45-65769efc3066, NVIDIA RTX PRO 6000 Blackwell Max-Q Workstation Edition, 2265 MHz, 13365 MHz, 55307 MiB, 100 %, 0x0000000000000400
2026/09/22 11:05:44.223, 5, GPU-f93cb3ac-bea7-0586-9f2c-c0307696716e, NVIDIA RTX PRO 6000 Blackwell Max-Q Workstation Edition, 2257 MHz, 13365 MHz, 55330 MiB, 100 %, 0x0000000000000400
2026/09/22 11:05:44.223, 6, GPU-5a4ea3b7-bb73-9876-6f45-65769efc3066, NVIDIA RTX PRO 6000 Blackwell Max-Q Workstation Edition, 2265 MHz, 13365 MHz, 55307 MiB, 100 %, 0x0000000000000400
2026/09/22 11:05:45.223, 5, GPU-f93cb3ac-bea7-0586-9f2c-c0307696716e, NVIDIA RTX PRO 6000 Blackwell Max-Q Workstation Edition, 2257 MHz, 13365 MHz, 55330 MiB, 100 %, 0x0000000000000400
2026/09/22 11:05:45.223, 6, GPU-5a4ea3b7-bb73-9876-6f45-65769efc3066, NVIDIA RTX PRO 6000 Blackwell Max-Q Workstation Edition, 2265 MHz, 13365 MHz, 55307 MiB, 100 %, 0x0000000000000400
2026/09/22 11:05:46.223, 5, GPU-f93cb3ac-bea7-0586-9f2c-c0307696716e, NVIDIA RTX PRO 6000 Blackwell Max-Q Workstation Edition, 2257 MHz, 13365 MHz, 55330 MiB, 100 %, 0x0000000000000400
2026/09/22 11:05:46.224, 6, GPU-5a4ea3b7-bb73-9876-6f45-65769efc3066, NVIDIA RTX PRO 6000 Blackwell Max-Q Workstation Edition, 2265 MHz, 13365 MHz, 55307 MiB, 100 %, 0x0000000000000400
2026/09/22 11:05:47.224, 5, GPU-f93cb3ac-bea7-0586-9f2c-c0307696716e, NVIDIA RTX PRO 6000 Blackwell Max-Q Workstation Edition, 2257 MHz, 13365 MHz, 55330 MiB, 100 %, 0x0000000000000400
2026/09/22 11:05:47.224, 6, GPU-5a4ea3b7-bb73-9876-6f45-65769efc3066, NVIDIA RTX PRO 6000 Blackwell Max-Q Workstation Edition, 2265 MHz, 13365 MHz, 55307 MiB, 100 %, 0x0000000000000400
2026/09/22 11:05:48.224, 5, GPU-f93cb3ac-bea7-0586-9f2c-c0307696716e, NVIDIA RTX PRO 6000 Blackwell Max-Q Workstation Edition, 2250 MHz, 13365 MHz, 55330 MiB, 100 %, 0x0000000000000400
2026/09/22 11:05:48.224, 6, GPU-5a4ea3b7-bb73-9876-6f45-65769efc3066, NVIDIA RTX PRO 6000 Blackwell Max-Q Workstation Edition, 2265 MHz, 13365 MHz, 55307 MiB, 100 %, 0x0000000000000400
2026/09/22 11:05:49.224, 5, GPU-f93cb3ac-bea7-0586-9f2c-c0307696716e, NVIDIA RTX PRO 6000 Blackwell Max-Q Workstation Edition, 2250 MHz, 13365 MHz, 55330 MiB, 100 %, 0x0000000000000400
2026/09/22 11:05:49.224, 6, GPU-5a4ea3b7-bb73-9876-6f45-65769efc3066, NVIDIA RTX PRO 6000 Blackwell Max-Q Workstation Edition, 2265 MHz, 13365 MHz, 55307 MiB, 100 %, 0x0000000000000400
2026/09/22 11:05:50.224, 5, GPU-f93cb3ac-bea7-0586-9f2c-c0307696716e, NVIDIA RTX PRO 6000 Blackwell Max-Q Workstation Edition, 2250 MHz, 13365 MHz, 55330 MiB, 100 %, 0x0000000000000400
2026/09/22 11:05:50.225, 6, GPU-5a4ea3b7-bb73-9876-6f45-65769efc3066, NVIDIA RTX PRO 6000 Blackwell Max-Q Workstation Edition, 2265 MHz, 13365 MHz, 55307 MiB, 100 %, 0x0000000000000400
2026/09/22 11:05:51.225, 5, GPU-f93cb3ac-bea7-0586-9f2c-c0307696716e, NVIDIA RTX PRO 6000 Blackwell Max-Q Workstation Edition, 2250 MHz, 13365 MHz, 55330 MiB, 100 %, 0x0000000000000400
2026/09/22 11:05:51.225, 6, GPU-5a4ea3b7-bb73-9876-6f45-65769efc3066, NVIDIA RTX PRO 6000 Blackwell Max-Q Workstation Edition, 2265 MHz, 13365 MHz, 55307 MiB, 100 %, 0x0000000000000400
2026/09/22 11:05:52.225, 5, GPU-f93cb3ac-bea7-0586-9f2c-c0307696716e, NVIDIA RTX PRO 6000 Blackwell Max-Q Workstation Edition, 2250 MHz, 13365 MHz, 55330 MiB, 100 %, 0x0000000000000400
2026/09/22 11:05:52.225, 6, GPU-5a4ea3b7-bb73-9876-6f45-65769efc3066, NVIDIA RTX PRO 6000 Blackwell Max-Q Workstation Edition, 2265 MHz, 13365 MHz, 55307 MiB, 100 %, 0x0000000000000400
2026/09/22 11:05:53.225, 5, GPU-f93cb3ac-bea7-0586-9f2c-c0307696716e, NVIDIA RTX PRO 6000 Blackwell Max-Q Workstation Edition, 2250 MHz, 13365 MHz, 55330 MiB, 100 %, 0x0000000000000400
2026/09/22 11:05:53.240, 6, GPU-5a4ea3b7-bb73-9876-6f45-65769efc3066, NVIDIA RTX PRO 6000 Blackwell Max-Q Workstation Edition, 2265 MHz, 13365 MHz, 55307 MiB, 100 %, 0x0000000000000400
2026/09/22 11:05:54.250, 5, GPU-f93cb3ac-bea7-0586-9f2c-c0307696716e, NVIDIA RTX PRO 6000 Blackwell Max-Q Workstation Edition, 2250 MHz, 13365 MHz, 55330 MiB, 100 %, 0x0000000000000400
2026/09/22 11:05:54.251, 6, GPU-5a4ea3b7-bb73-9876-6f45-65769efc3066, NVIDIA RTX PRO 6000 Blackwell Max-Q Workstation Edition, 2265 MHz, 13365 MHz, 55307 MiB, 100 %, 0x0000000000000400
2026/09/22 11:05:55.251, 5, GPU-f93cb3ac-bea7-0586-9f2c-c0307696716e, NVIDIA RTX PRO 6000 Blackwell Max-Q Workstation Edition, 2250 MHz, 13365 MHz, 55330 MiB, 100 %, 0x0000000000000400
2026/09/22 11:05:55.251, 6, GPU-5a4ea3b7-bb73-9876-6f45-65769efc3066, NVIDIA RTX PRO 6000 Blackwell Max-Q Workstation Edition, 2265 MHz, 13365 MHz, 55307 MiB, 100 %, 0x0000000000000400
2026/09/22 11:05:56.251, 5, GPU-f93cb3ac-bea7-0586-9f2c-c0307696716e, NVIDIA RTX PRO 6000 Blackwell Max-Q Workstation Edition, 2250 MHz, 13365 MHz, 55330 MiB, 100 %, 0x0000000000000400
2026/09/22 11:05:56.251, 6, GPU-5a4ea3b7-bb73-9876-6f45-65769efc3066, NVIDIA RTX PRO 6000 Blackwell Max-Q Workstation Edition, 2265 MHz, 13365 MHz, 55307 MiB, 100 %, 0x0000000000000400
2026/09/22 11:05:57.251, 5, GPU-f93cb3ac-bea7-0586-9f2c-c0307696716e, NVIDIA RTX PRO 6000 Blackwell Max-Q Workstation Edition, 2250 MHz, 13365 MHz, 55330 MiB, 100 %, 0x0000000000000400
2026/09/22 11:05:57.251, 6, GPU-5a4ea3b7-bb73-9876-6f45-65769efc3066, NVIDIA RTX PRO 6000 Blackwell Max-Q Workstation Edition, 2265 MHz, 13365 MHz, 55307 MiB, 100 %, 0x0000000000000400
2026/09/22 11:05:58.251, 5, GPU-f93cb3ac-bea7-0586-9f2c-c0307696716e, NVIDIA RTX PRO 6000 Blackwell Max-Q Workstation Edition, 2250 MHz, 13365 MHz, 55330 MiB, 100 %, 0x0000000000000400
2026/09/22 11:05:58.252, 6, GPU-5a4ea3b7-bb73-9876-6f45-65769efc3066, NVIDIA RTX PRO 6000 Blackwell Max-Q Workstation Edition, 2265 MHz, 13365 MHz, 55307 MiB, 100 %, 0x0000000000000400
2026/09/22 11:05:59.252, 5, GPU-f93cb3ac-bea7-0586-9f2c-c0307696716e, NVIDIA RTX PRO 6000 Blackwell Max-Q Workstation Edition, 2250 MHz, 13365 MHz, 55330 MiB, 100 %, 0x0000000000000400
2026/09/22 11:05:59.252, 6, GPU-5a4ea3b7-bb73-9876-6f45-65769efc3066, NVIDIA RTX PRO 6000 Blackwell Max-Q Workstation Edition, 2257 MHz, 13365 MHz, 55307 MiB, 100 %, 0x0000000000000400
2026/09/22 11:06:00.252, 5, GPU-f93cb3ac-bea7-0586-9f2c-c0307696716e, NVIDIA RTX PRO 6000 Blackwell Max-Q Workstation Edition, 2250 MHz, 13365 MHz, 55330 MiB, 100 %, 0x0000000000000400
2026/09/22 11:06:00.252, 6, GPU-5a4ea3b7-bb73-9876-6f45-65769efc3066, NVIDIA RTX PRO 6000 Blackwell Max-Q Workstation Edition, 2265 MHz, 13365 MHz, 55307 MiB, 100 %, 0x0000000000000400
2026/09/22 11:06:01.252, 5, GPU-f93cb3ac-bea7-0586-9f2c-c0307696716e, NVIDIA RTX PRO 6000 Blackwell Max-Q Workstation Edition, 2250 MHz, 13365 MHz, 55330 MiB, 100 %, 0x0000000000000400
2026/09/22 11:06:01.252, 6, GPU-5a4ea3b7-bb73-9876-6f45-65769efc3066, NVIDIA RTX PRO 6000 Blackwell Max-Q Workstation Edition, 2265 MHz, 13365 MHz, 55307 MiB, 100 %, 0x0000000000000400
2026/09/22 11:06:02.252, 5, GPU-f93cb3ac-bea7-0586-9f2c-c0307696716e, NVIDIA RTX PRO 6000 Blackwell Max-Q Workstation Edition, 2250 MHz, 13365 MHz, 55330 MiB, 100 %, 0x0000000000000400
2026/09/22 11:06:02.253, 6, GPU-5a4ea3b7-bb73-9876-6f45-65769efc3066, NVIDIA RTX PRO 6000 Blackwell Max-Q Workstation Edition, 2265 MHz, 13365 MHz, 55307 MiB, 100 %, 0x0000000000000400
2026/09/22 11:06:03.253, 5, GPU-f93cb3ac-bea7-0586-9f2c-c0307696716e, NVIDIA RTX PRO 6000 Blackwell Max-Q Workstation Edition, 2250 MHz, 13365 MHz, 55330 MiB, 100 %, 0x0000000000000400
2026/09/22 11:06:03.253, 6, GPU-5a4ea3b7-bb73-9876-6f45-65769efc3066, NVIDIA RTX PRO 6000 Blackwell Max-Q Workstation Edition, 2257 MHz, 13365 MHz, 55307 MiB, 100 %, 0x0000000000000400
2026/09/22 11:06:04.253, 5, GPU-f93cb3ac-bea7-0586-9f2c-c0307696716e, NVIDIA RTX PRO 6000 Blackwell Max-Q Workstation Edition, 2250 MHz, 13365 MHz, 55330 MiB, 100 %, 0x0000000000000400
2026/09/22 11:06:04.253, 6, GPU-5a4ea3b7-bb73-9876-6f45-65769efc3066, NVIDIA RTX PRO 6000 Blackwell Max-Q Workstation Edition, 2257 MHz, 13365 MHz, 55307 MiB, 100 %, 0x0000000000000400
2026/09/22 11:06:05.253, 5, GPU-f93cb3ac-bea7-0586-9f2c-c0307696716e, NVIDIA RTX PRO 6000 Blackwell Max-Q Workstation Edition, 2250 MHz, 13365 MHz, 55330 MiB, 100 %, 0x0000000000000400
2026/09/22 11:06:05.253, 6, GPU-5a4ea3b7-bb73-9876-6f45-65769efc3066, NVIDIA RTX PRO 6000 Blackwell Max-Q Workstation Edition, 2257 MHz, 13365 MHz, 55307 MiB, 100 %, 0x0000000000000400
2026/09/22 11:06:06.253, 5, GPU-f93cb3ac-bea7-0586-9f2c-c0307696716e, NVIDIA RTX PRO 6000 Blackwell Max-Q Workstation Edition, 2250 MHz, 13365 MHz, 55330 MiB, 100 %, 0x0000000000000400
2026/09/22 11:06:06.254, 6, GPU-5a4ea3b7-bb73-9876-6f45-65769efc3066, NVIDIA RTX PRO 6000 Blackwell Max-Q Workstation Edition, 2257 MHz, 13365 MHz, 55307 MiB, 100 %, 0x0000000000000400
2026/09/22 11:06:07.254, 5, GPU-f93cb3ac-bea7-0586-9f2c-c0307696716e, NVIDIA RTX PRO 6000 Blackwell Max-Q Workstation Edition, 2250 MHz, 13365 MHz, 55330 MiB, 100 %, 0x0000000000000400
2026/09/22 11:06:07.254, 6, GPU-5a4ea3b7-bb73-9876-6f45-65769efc3066, NVIDIA RTX PRO 6000 Blackwell Max-Q Workstation Edition, 2257 MHz, 13365 MHz, 55307 MiB, 100 %, 0x0000000000000400
2026/09/22 11:06:08.254, 5, GPU-f93cb3ac-bea7-0586-9f2c-c0307696716e, NVIDIA RTX PRO 6000 Blackwell Max-Q Workstation Edition, 2347 MHz, 13365 MHz, 55330 MiB, 0 %, 0x0000000000000400
2026/09/22 11:06:08.254, 6, GPU-5a4ea3b7-bb73-9876-6f45-65769efc3066, NVIDIA RTX PRO 6000 Blackwell Max-Q Workstation Edition, 2317 MHz, 13365 MHz, 55307 MiB, 0 %, 0x0000000000000400
2026/09/22 11:06:09.254, 5, GPU-f93cb3ac-bea7-0586-9f2c-c0307696716e, NVIDIA RTX PRO 6000 Blackwell Max-Q Workstation Edition, 2347 MHz, 13365 MHz, 55330 MiB, 0 %, 0x0000000000000400
2026/09/22 11:06:09.254, 6, GPU-5a4ea3b7-bb73-9876-6f45-65769efc3066, NVIDIA RTX PRO 6000 Blackwell Max-Q Workstation Edition, 2355 MHz, 13365 MHz, 55307 MiB, 0 %, 0x0000000000000400
2026/09/22 11:06:10.254, 5, GPU-f93cb3ac-bea7-0586-9f2c-c0307696716e, NVIDIA RTX PRO 6000 Blackwell Max-Q Workstation Edition, 2347 MHz, 13365 MHz, 55330 MiB, 0 %, 0x0000000000000400
2026/09/22 11:06:10.255, 6, GPU-5a4ea3b7-bb73-9876-6f45-65769efc3066, NVIDIA RTX PRO 6000 Blackwell Max-Q Workstation Edition, 2332 MHz, 13365 MHz, 55307 MiB, 0 %, 0x0000000000000400
2026/09/22 11:06:11.255, 5, GPU-f93cb3ac-bea7-0586-9f2c-c0307696716e, NVIDIA RTX PRO 6000 Blackwell Max-Q Workstation Edition, 2272 MHz, 13365 MHz, 55330 MiB, 0 %, 0x0000000000000400
2026/09/22 11:06:11.255, 6, GPU-5a4ea3b7-bb73-9876-6f45-65769efc3066, NVIDIA RTX PRO 6000 Blackwell Max-Q Workstation Edition, 2272 MHz, 13365 MHz, 55307 MiB, 0 %, 0x0000000000000400
2026/09/22 11:06:12.255, 5, GPU-f93cb3ac-bea7-0586-9f2c-c0307696716e, NVIDIA RTX PRO 6000 Blackwell Max-Q Workstation Edition, 2272 MHz, 13365 MHz, 55330 MiB, 0 %, 0x0000000000000400
2026/09/22 11:06:12.255, 6, GPU-5a4ea3b7-bb73-9876-6f45-65769efc3066, NVIDIA RTX PRO 6000 Blackwell Max-Q Workstation Edition, 2272 MHz, 13365 MHz, 55307 MiB, 0 %, 0x0000000000000400
2026/09/22 11:06:13.255, 5, GPU-f93cb3ac-bea7-0586-9f2c-c0307696716e, NVIDIA RTX PRO 6000 Blackwell Max-Q Workstation Edition, 2310 MHz, 13365 MHz, 55330 MiB, 100 %, 0x0000000000000400
2026/09/22 11:06:13.255, 6, GPU-5a4ea3b7-bb73-9876-6f45-65769efc3066, NVIDIA RTX PRO 6000 Blackwell Max-Q Workstation Edition, 2317 MHz, 13365 MHz, 55307 MiB, 100 %, 0x0000000000000400
2026/09/22 11:06:14.255, 5, GPU-f93cb3ac-bea7-0586-9f2c-c0307696716e, NVIDIA RTX PRO 6000 Blackwell Max-Q Workstation Edition, 2310 MHz, 13365 MHz, 55330 MiB, 100 %, 0x0000000000000400
2026/09/22 11:06:14.258, 6, GPU-5a4ea3b7-bb73-9876-6f45-65769efc3066, NVIDIA RTX PRO 6000 Blackwell Max-Q Workstation Edition, 2317 MHz, 13365 MHz, 55307 MiB, 100 %, 0x0000000000000400
2026/09/22 11:06:15.258, 5, GPU-f93cb3ac-bea7-0586-9f2c-c0307696716e, NVIDIA RTX PRO 6000 Blackwell Max-Q Workstation Edition, 2310 MHz, 13365 MHz, 55330 MiB, 100 %, 0x0000000000000400
2026/09/22 11:06:15.259, 6, GPU-5a4ea3b7-bb73-9876-6f45-65769efc3066, NVIDIA RTX PRO 6000 Blackwell Max-Q Workstation Edition, 2317 MHz, 13365 MHz, 55307 MiB, 100 %, 0x0000000000000400
2026/09/22 11:06:16.259, 5, GPU-f93cb3ac-bea7-0586-9f2c-c0307696716e, NVIDIA RTX PRO 6000 Blackwell Max-Q Workstation Edition, 2310 MHz, 13365 MHz, 55330 MiB, 100 %, 0x0000000000000400
2026/09/22 11:06:16.259, 6, GPU-5a4ea3b7-bb73-9876-6f45-65769efc3066, NVIDIA RTX PRO 6000 Blackwell Max-Q Workstation Edition, 2317 MHz, 13365 MHz, 55307 MiB, 100 %, 0x0000000000000400
2026/09/22 11:06:17.259, 5, GPU-f93cb3ac-bea7-0586-9f2c-c0307696716e, NVIDIA RTX PRO 6000 Blackwell Max-Q Workstation Edition, 2310 MHz, 13365 MHz, 55330 MiB, 100 %, 0x0000000000000400
2026/09/22 11:06:17.259, 6, GPU-5a4ea3b7-bb73-9876-6f45-65769efc3066, NVIDIA RTX PRO 6000 Blackwell Max-Q Workstation Edition, 2317 MHz, 13365 MHz, 55307 MiB, 100 %, 0x0000000000000400
2026/09/22 11:06:18.259, 5, GPU-f93cb3ac-bea7-0586-9f2c-c0307696716e, NVIDIA RTX PRO 6000 Blackwell Max-Q Workstation Edition, 2310 MHz, 13365 MHz, 55330 MiB, 100 %, 0x0000000000000400
2026/09/22 11:06:18.259, 6, GPU-5a4ea3b7-bb73-9876-6f45-65769efc3066, NVIDIA RTX PRO 6000 Blackwell Max-Q Workstation Edition, 2317 MHz, 13365 MHz, 55307 MiB, 100 %, 0x0000000000000400
2026/09/22 11:06:19.259, 5, GPU-f93cb3ac-bea7-0586-9f2c-c0307696716e, NVIDIA RTX PRO 6000 Blackwell Max-Q Workstation Edition, 2310 MHz, 13365 MHz, 55330 MiB, 100 %, 0x0000000000000400
2026/09/22 11:06:19.259, 6, GPU-5a4ea3b7-bb73-9876-6f45-65769efc3066, NVIDIA RTX PRO 6000 Blackwell Max-Q Workstation Edition, 2317 MHz, 13365 MHz, 55307 MiB, 100 %, 0x0000000000000400
2026/09/22 11:06:20.260, 5, GPU-f93cb3ac-bea7-0586-9f2c-c0307696716e, NVIDIA RTX PRO 6000 Blackwell Max-Q Workstation Edition, 2310 MHz, 13365 MHz, 55330 MiB, 100 %, 0x0000000000000400
2026/09/22 11:06:20.260, 6, GPU-5a4ea3b7-bb73-9876-6f45-65769efc3066, NVIDIA RTX PRO 6000 Blackwell Max-Q Workstation Edition, 2317 MHz, 13365 MHz, 55307 MiB, 100 %, 0x0000000000000400
2026/09/22 11:06:21.260, 5, GPU-f93cb3ac-bea7-0586-9f2c-c0307696716e, NVIDIA RTX PRO 6000 Blackwell Max-Q Workstation Edition, 2310 MHz, 13365 MHz, 55330 MiB, 100 %, 0x0000000000000400
2026/09/22 11:06:21.260, 6, GPU-5a4ea3b7-bb73-9876-6f45-65769efc3066, NVIDIA RTX PRO 6000 Blackwell Max-Q Workstation Edition, 2317 MHz, 13365 MHz, 55307 MiB, 100 %, 0x0000000000000400
2026/09/22 11:06:22.260, 5, GPU-f93cb3ac-bea7-0586-9f2c-c0307696716e, NVIDIA RTX PRO 6000 Blackwell Max-Q Workstation Edition, 2310 MHz, 13365 MHz, 55330 MiB, 100 %, 0x0000000000000400
2026/09/22 11:06:22.260, 6, GPU-5a4ea3b7-bb73-9876-6f45-65769efc3066, NVIDIA RTX PRO 6000 Blackwell Max-Q Workstation Edition, 2317 MHz, 13365 MHz, 55307 MiB, 100 %, 0x0000000000000400
2026/09/22 11:06:23.260, 5, GPU-f93cb3ac-bea7-0586-9f2c-c0307696716e, NVIDIA RTX PRO 6000 Blackwell Max-Q Workstation Edition, 2310 MHz, 13365 MHz, 55330 MiB, 100 %, 0x0000000000000400
2026/09/22 11:06:23.260, 6, GPU-5a4ea3b7-bb73-9876-6f45-65769efc3066, NVIDIA RTX PRO 6000 Blackwell Max-Q Workstation Edition, 2317 MHz, 13365 MHz, 55307 MiB, 100 %, 0x0000000000000400
2026/09/22 11:06:24.261, 5, GPU-f93cb3ac-bea7-0586-9f2c-c0307696716e, NVIDIA RTX PRO 6000 Blackwell Max-Q Workstation Edition, 2310 MHz, 13365 MHz, 55330 MiB, 100 %, 0x0000000000000400
2026/09/22 11:06:24.261, 6, GPU-5a4ea3b7-bb73-9876-6f45-65769efc3066, NVIDIA RTX PRO 6000 Blackwell Max-Q Workstation Edition, 2317 MHz, 13365 MHz, 55307 MiB, 100 %, 0x0000000000000400
2026/09/22 11:06:25.261, 5, GPU-f93cb3ac-bea7-0586-9f2c-c0307696716e, NVIDIA RTX PRO 6000 Blackwell Max-Q Workstation Edition, 2310 MHz, 13365 MHz, 55330 MiB, 100 %, 0x0000000000000400
2026/09/22 11:06:25.261, 6, GPU-5a4ea3b7-bb73-9876-6f45-65769efc3066, NVIDIA RTX PRO 6000 Blackwell Max-Q Workstation Edition, 2317 MHz, 13365 MHz, 55307 MiB, 100 %, 0x0000000000000400
2026/09/22 11:06:26.261, 5, GPU-f93cb3ac-bea7-0586-9f2c-c0307696716e, NVIDIA RTX PRO 6000 Blackwell Max-Q Workstation Edition, 2310 MHz, 13365 MHz, 55330 MiB, 100 %, 0x0000000000000400
2026/09/22 11:06:26.261, 6, GPU-5a4ea3b7-bb73-9876-6f45-65769efc3066, NVIDIA RTX PRO 6000 Blackwell Max-Q Workstation Edition, 2317 MHz, 13365 MHz, 55307 MiB, 100 %, 0x0000000000000400
2026/09/22 11:06:27.261, 5, GPU-f93cb3ac-bea7-0586-9f2c-c0307696716e, NVIDIA RTX PRO 6000 Blackwell Max-Q Workstation Edition, 2310 MHz, 13365 MHz, 55330 MiB, 100 %, 0x0000000000000400
2026/09/22 11:06:27.261, 6, GPU-5a4ea3b7-bb73-9876-6f45-65769efc3066, NVIDIA RTX PRO 6000 Blackwell Max-Q Workstation Edition, 2325 MHz, 13365 MHz, 55307 MiB, 100 %, 0x0000000000000400
2026/09/22 11:06:28.262, 5, GPU-f93cb3ac-bea7-0586-9f2c-c0307696716e, NVIDIA RTX PRO 6000 Blackwell Max-Q Workstation Edition, 2310 MHz, 13365 MHz, 55330 MiB, 100 %, 0x0000000000000400
2026/09/22 11:06:28.262, 6, GPU-5a4ea3b7-bb73-9876-6f45-65769efc3066, NVIDIA RTX PRO 6000 Blackwell Max-Q Workstation Edition, 2317 MHz, 13365 MHz, 55307 MiB, 100 %, 0x0000000000000400
2026/09/22 11:06:29.262, 5, GPU-f93cb3ac-bea7-0586-9f2c-c0307696716e, NVIDIA RTX PRO 6000 Blackwell Max-Q Workstation Edition, 2347 MHz, 13365 MHz, 55330 MiB, 0 %, 0x0000000000000400
2026/09/22 11:06:29.262, 6, GPU-5a4ea3b7-bb73-9876-6f45-65769efc3066, NVIDIA RTX PRO 6000 Blackwell Max-Q Workstation Edition, 2355 MHz, 13365 MHz, 55307 MiB, 0 %, 0x0000000000000400
2026/09/22 11:06:30.262, 5, GPU-f93cb3ac-bea7-0586-9f2c-c0307696716e, NVIDIA RTX PRO 6000 Blackwell Max-Q Workstation Edition, 2347 MHz, 13365 MHz, 55330 MiB, 0 %, 0x0000000000000400
2026/09/22 11:06:30.262, 6, GPU-5a4ea3b7-bb73-9876-6f45-65769efc3066, NVIDIA RTX PRO 6000 Blackwell Max-Q Workstation Edition, 2355 MHz, 13365 MHz, 55307 MiB, 0 %, 0x0000000000000400
2026/09/22 11:06:31.262, 5, GPU-f93cb3ac-bea7-0586-9f2c-c0307696716e, NVIDIA RTX PRO 6000 Blackwell Max-Q Workstation Edition, 2295 MHz, 13365 MHz, 55330 MiB, 100 %, 0x0000000000000400
2026/09/22 11:06:31.262, 6, GPU-5a4ea3b7-bb73-9876-6f45-65769efc3066, NVIDIA RTX PRO 6000 Blackwell Max-Q Workstation Edition, 2272 MHz, 13365 MHz, 55307 MiB, 0 %, 0x0000000000000400
2026/09/22 11:06:32.263, 5, GPU-f93cb3ac-bea7-0586-9f2c-c0307696716e, NVIDIA RTX PRO 6000 Blackwell Max-Q Workstation Edition, 2310 MHz, 13365 MHz, 55330 MiB, 100 %, 0x0000000000000400
2026/09/22 11:06:32.263, 6, GPU-5a4ea3b7-bb73-9876-6f45-65769efc3066, NVIDIA RTX PRO 6000 Blackwell Max-Q Workstation Edition, 2317 MHz, 13365 MHz, 55307 MiB, 100 %, 0x0000000000000400
2026/09/22 11:06:33.263, 5, GPU-f93cb3ac-bea7-0586-9f2c-c0307696716e, NVIDIA RTX PRO 6000 Blackwell Max-Q Workstation Edition, 2310 MHz, 13365 MHz, 55330 MiB, 100 %, 0x0000000000000400
2026/09/22 11:06:33.263, 6, GPU-5a4ea3b7-bb73-9876-6f45-65769efc3066, NVIDIA RTX PRO 6000 Blackwell Max-Q Workstation Edition, 2317 MHz, 13365 MHz, 55307 MiB, 100 %, 0x0000000000000400
2026/09/22 11:06:34.263, 5, GPU-f93cb3ac-bea7-0586-9f2c-c0307696716e, NVIDIA RTX PRO 6000 Blackwell Max-Q Workstation Edition, 2310 MHz, 13365 MHz, 55330 MiB, 100 %, 0x0000000000000400
2026/09/22 11:06:34.263, 6, GPU-5a4ea3b7-bb73-9876-6f45-65769efc3066, NVIDIA RTX PRO 6000 Blackwell Max-Q Workstation Edition, 2317 MHz, 13365 MHz, 55307 MiB, 100 %, 0x0000000000000400
2026/09/22 11:06:35.263, 5, GPU-f93cb3ac-bea7-0586-9f2c-c0307696716e, NVIDIA RTX PRO 6000 Blackwell Max-Q Workstation Edition, 2310 MHz, 13365 MHz, 55330 MiB, 100 %, 0x0000000000000400
2026/09/22 11:06:35.263, 6, GPU-5a4ea3b7-bb73-9876-6f45-65769efc3066, NVIDIA RTX PRO 6000 Blackwell Max-Q Workstation Edition, 2317 MHz, 13365 MHz, 55307 MiB, 100 %, 0x0000000000000400
2026/09/22 11:06:36.263, 5, GPU-f93cb3ac-bea7-0586-9f2c-c0307696716e, NVIDIA RTX PRO 6000 Blackwell Max-Q Workstation Edition, 2310 MHz, 13365 MHz, 55330 MiB, 100 %, 0x0000000000000400
2026/09/22 11:06:36.264, 6, GPU-5a4ea3b7-bb73-9876-6f45-65769efc3066, NVIDIA RTX PRO 6000 Blackwell Max-Q Workstation Edition, 2317 MHz, 13365 MHz, 55307 MiB, 100 %, 0x0000000000000400
2026/09/22 11:06:37.264, 5, GPU-f93cb3ac-bea7-0586-9f2c-c0307696716e, NVIDIA RTX PRO 6000 Blackwell Max-Q Workstation Edition, 2310 MHz, 13365 MHz, 55330 MiB, 100 %, 0x0000000000000400
2026/09/22 11:06:37.264, 6, GPU-5a4ea3b7-bb73-9876-6f45-65769efc3066, NVIDIA RTX PRO 6000 Blackwell Max-Q Workstation Edition, 2317 MHz, 13365 MHz, 55307 MiB, 100 %, 0x0000000000000400
2026/09/22 11:06:38.264, 5, GPU-f93cb3ac-bea7-0586-9f2c-c0307696716e, NVIDIA RTX PRO 6000 Blackwell Max-Q Workstation Edition, 2310 MHz, 13365 MHz, 55330 MiB, 100 %, 0x0000000000000400
2026/09/22 11:06:38.264, 6, GPU-5a4ea3b7-bb73-9876-6f45-65769efc3066, NVIDIA RTX PRO 6000 Blackwell Max-Q Workstation Edition, 2317 MHz, 13365 MHz, 55307 MiB, 100 %, 0x0000000000000400
2026/09/22 11:06:39.264, 5, GPU-f93cb3ac-bea7-0586-9f2c-c0307696716e, NVIDIA RTX PRO 6000 Blackwell Max-Q Workstation Edition, 2310 MHz, 13365 MHz, 55330 MiB, 100 %, 0x0000000000000400
2026/09/22 11:06:39.264, 6, GPU-5a4ea3b7-bb73-9876-6f45-65769efc3066, NVIDIA RTX PRO 6000 Blackwell Max-Q Workstation Edition, 2317 MHz, 13365 MHz, 55307 MiB, 100 %, 0x0000000000000400
2026/09/22 11:06:40.264, 5, GPU-f93cb3ac-bea7-0586-9f2c-c0307696716e, NVIDIA RTX PRO 6000 Blackwell Max-Q Workstation Edition, 2310 MHz, 13365 MHz, 55330 MiB, 100 %, 0x0000000000000400
2026/09/22 11:06:40.265, 6, GPU-5a4ea3b7-bb73-9876-6f45-65769efc3066, NVIDIA RTX PRO 6000 Blackwell Max-Q Workstation Edition, 2317 MHz, 13365 MHz, 55307 MiB, 100 %, 0x0000000000000400
2026/09/22 11:06:41.265, 5, GPU-f93cb3ac-bea7-0586-9f2c-c0307696716e, NVIDIA RTX PRO 6000 Blackwell Max-Q Workstation Edition, 2310 MHz, 13365 MHz, 55330 MiB, 100 %, 0x0000000000000400
2026/09/22 11:06:41.265, 6, GPU-5a4ea3b7-bb73-9876-6f45-65769efc3066, NVIDIA RTX PRO 6000 Blackwell Max-Q Workstation Edition, 2317 MHz, 13365 MHz, 55307 MiB, 100 %, 0x0000000000000400
2026/09/22 11:06:42.265, 5, GPU-f93cb3ac-bea7-0586-9f2c-c0307696716e, NVIDIA RTX PRO 6000 Blackwell Max-Q Workstation Edition, 2310 MHz, 13365 MHz, 55330 MiB, 100 %, 0x0000000000000400
2026/09/22 11:06:42.265, 6, GPU-5a4ea3b7-bb73-9876-6f45-65769efc3066, NVIDIA RTX PRO 6000 Blackwell Max-Q Workstation Edition, 2317 MHz, 13365 MHz, 55307 MiB, 100 %, 0x0000000000000400
2026/09/22 11:06:43.265, 5, GPU-f93cb3ac-bea7-0586-9f2c-c0307696716e, NVIDIA RTX PRO 6000 Blackwell Max-Q Workstation Edition, 2310 MHz, 13365 MHz, 55330 MiB, 100 %, 0x0000000000000400
2026/09/22 11:06:43.265, 6, GPU-5a4ea3b7-bb73-9876-6f45-65769efc3066, NVIDIA RTX PRO 6000 Blackwell Max-Q Workstation Edition, 2317 MHz, 13365 MHz, 55307 MiB, 100 %, 0x0000000000000400
2026/09/22 11:06:44.265, 5, GPU-f93cb3ac-bea7-0586-9f2c-c0307696716e, NVIDIA RTX PRO 6000 Blackwell Max-Q Workstation Edition, 2310 MHz, 13365 MHz, 55330 MiB, 100 %, 0x0000000000000400
2026/09/22 11:06:44.266, 6, GPU-5a4ea3b7-bb73-9876-6f45-65769efc3066, NVIDIA RTX PRO 6000 Blackwell Max-Q Workstation Edition, 2317 MHz, 13365 MHz, 55307 MiB, 100 %, 0x0000000000000400
2026/09/22 11:06:45.266, 5, GPU-f93cb3ac-bea7-0586-9f2c-c0307696716e, NVIDIA RTX PRO 6000 Blackwell Max-Q Workstation Edition, 2310 MHz, 13365 MHz, 55330 MiB, 100 %, 0x0000000000000400
2026/09/22 11:06:45.266, 6, GPU-5a4ea3b7-bb73-9876-6f45-65769efc3066, NVIDIA RTX PRO 6000 Blackwell Max-Q Workstation Edition, 2317 MHz, 13365 MHz, 55307 MiB, 100 %, 0x0000000000000400
2026/09/22 11:06:46.266, 5, GPU-f93cb3ac-bea7-0586-9f2c-c0307696716e, NVIDIA RTX PRO 6000 Blackwell Max-Q Workstation Edition, 2310 MHz, 13365 MHz, 55330 MiB, 100 %, 0x0000000000000400
2026/09/22 11:06:46.266, 6, GPU-5a4ea3b7-bb73-9876-6f45-65769efc3066, NVIDIA RTX PRO 6000 Blackwell Max-Q Workstation Edition, 2317 MHz, 13365 MHz, 55307 MiB, 100 %, 0x0000000000000400
2026/09/22 11:06:47.266, 5, GPU-f93cb3ac-bea7-0586-9f2c-c0307696716e, NVIDIA RTX PRO 6000 Blackwell Max-Q Workstation Edition, 2310 MHz, 13365 MHz, 55330 MiB, 100 %, 0x0000000000000400
2026/09/22 11:06:47.266, 6, GPU-5a4ea3b7-bb73-9876-6f45-65769efc3066, NVIDIA RTX PRO 6000 Blackwell Max-Q Workstation Edition, 2317 MHz, 13365 MHz, 55307 MiB, 100 %, 0x0000000000000400
2026/09/22 11:06:48.266, 5, GPU-f93cb3ac-bea7-0586-9f2c-c0307696716e, NVIDIA RTX PRO 6000 Blackwell Max-Q Workstation Edition, 2310 MHz, 13365 MHz, 55330 MiB, 100 %, 0x0000000000000400
2026/09/22 11:06:48.267, 6, GPU-5a4ea3b7-bb73-9876-6f45-65769efc3066, NVIDIA RTX PRO 6000 Blackwell Max-Q Workstation Edition, 2317 MHz, 13365 MHz, 55307 MiB, 100 %, 0x0000000000000400
2026/09/22 11:06:49.267, 5, GPU-f93cb3ac-bea7-0586-9f2c-c0307696716e, NVIDIA RTX PRO 6000 Blackwell Max-Q Workstation Edition, 2310 MHz, 13365 MHz, 55330 MiB, 100 %, 0x0000000000000400
2026/09/22 11:06:49.267, 6, GPU-5a4ea3b7-bb73-9876-6f45-65769efc3066, NVIDIA RTX PRO 6000 Blackwell Max-Q Workstation Edition, 2317 MHz, 13365 MHz, 55307 MiB, 100 %, 0x0000000000000400
2026/09/22 11:06:50.267, 5, GPU-f93cb3ac-bea7-0586-9f2c-c0307696716e, NVIDIA RTX PRO 6000 Blackwell Max-Q Workstation Edition, 2310 MHz, 13365 MHz, 55330 MiB, 100 %, 0x0000000000000400
2026/09/22 11:06:50.267, 6, GPU-5a4ea3b7-bb73-9876-6f45-65769efc3066, NVIDIA RTX PRO 6000 Blackwell Max-Q Workstation Edition, 2317 MHz, 13365 MHz, 55307 MiB, 100 %, 0x0000000000000400
2026/09/22 11:06:51.267, 5, GPU-f93cb3ac-bea7-0586-9f2c-c0307696716e, NVIDIA RTX PRO 6000 Blackwell Max-Q Workstation Edition, 2310 MHz, 13365 MHz, 55330 MiB, 100 %, 0x0000000000000400
2026/09/22 11:06:51.267, 6, GPU-5a4ea3b7-bb73-9876-6f45-65769efc3066, NVIDIA RTX PRO 6000 Blackwell Max-Q Workstation Edition, 2317 MHz, 13365 MHz, 55307 MiB, 100 %, 0x0000000000000400
2026/09/22 11:06:52.267, 5, GPU-f93cb3ac-bea7-0586-9f2c-c0307696716e, NVIDIA RTX PRO 6000 Blackwell Max-Q Workstation Edition, 2310 MHz, 13365 MHz, 55330 MiB, 100 %, 0x0000000000000400
2026/09/22 11:06:52.267, 6, GPU-5a4ea3b7-bb73-9876-6f45-65769efc3066, NVIDIA RTX PRO 6000 Blackwell Max-Q Workstation Edition, 2317 MHz, 13365 MHz, 55307 MiB, 100 %, 0x0000000000000400
2026/09/22 11:06:53.268, 5, GPU-f93cb3ac-bea7-0586-9f2c-c0307696716e, NVIDIA RTX PRO 6000 Blackwell Max-Q Workstation Edition, 2310 MHz, 13365 MHz, 55330 MiB, 100 %, 0x0000000000000400
2026/09/22 11:06:53.268, 6, GPU-5a4ea3b7-bb73-9876-6f45-65769efc3066, NVIDIA RTX PRO 6000 Blackwell Max-Q Workstation Edition, 2317 MHz, 13365 MHz, 55307 MiB, 100 %, 0x0000000000000400
2026/09/22 11:06:54.268, 5, GPU-f93cb3ac-bea7-0586-9f2c-c0307696716e, NVIDIA RTX PRO 6000 Blackwell Max-Q Workstation Edition, 2310 MHz, 13365 MHz, 55330 MiB, 100 %, 0x0000000000000400
2026/09/22 11:06:54.268, 6, GPU-5a4ea3b7-bb73-9876-6f45-65769efc3066, NVIDIA RTX PRO 6000 Blackwell Max-Q Workstation Edition, 2317 MHz, 13365 MHz, 55307 MiB, 100 %, 0x0000000000000400
2026/09/22 11:06:55.268, 5, GPU-f93cb3ac-bea7-0586-9f2c-c0307696716e, NVIDIA RTX PRO 6000 Blackwell Max-Q Workstation Edition, 2310 MHz, 13365 MHz, 55330 MiB, 100 %, 0x0000000000000400
2026/09/22 11:06:55.268, 6, GPU-5a4ea3b7-bb73-9876-6f45-65769efc3066, NVIDIA RTX PRO 6000 Blackwell Max-Q Workstation Edition, 2317 MHz, 13365 MHz, 55307 MiB, 100 %, 0x0000000000000400
2026/09/22 11:06:56.268, 5, GPU-f93cb3ac-bea7-0586-9f2c-c0307696716e, NVIDIA RTX PRO 6000 Blackwell Max-Q Workstation Edition, 2310 MHz, 13365 MHz, 55330 MiB, 100 %, 0x0000000000000400
2026/09/22 11:06:56.268, 6, GPU-5a4ea3b7-bb73-9876-6f45-65769efc3066, NVIDIA RTX PRO 6000 Blackwell Max-Q Workstation Edition, 2317 MHz, 13365 MHz, 55307 MiB, 100 %, 0x0000000000000400
2026/09/22 11:06:57.269, 5, GPU-f93cb3ac-bea7-0586-9f2c-c0307696716e, NVIDIA RTX PRO 6000 Blackwell Max-Q Workstation Edition, 2310 MHz, 13365 MHz, 55330 MiB, 100 %, 0x0000000000000400
2026/09/22 11:06:57.269, 6, GPU-5a4ea3b7-bb73-9876-6f45-65769efc3066, NVIDIA RTX PRO 6000 Blackwell Max-Q Workstation Edition, 2317 MHz, 13365 MHz, 55307 MiB, 100 %, 0x0000000000000400
2026/09/22 11:06:58.269, 5, GPU-f93cb3ac-bea7-0586-9f2c-c0307696716e, NVIDIA RTX PRO 6000 Blackwell Max-Q Workstation Edition, 2310 MHz, 13365 MHz, 55330 MiB, 100 %, 0x0000000000000400
2026/09/22 11:06:58.269, 6, GPU-5a4ea3b7-bb73-9876-6f45-65769efc3066, NVIDIA RTX PRO 6000 Blackwell Max-Q Workstation Edition, 2317 MHz, 13365 MHz, 55307 MiB, 100 %, 0x0000000000000400
2026/09/22 11:06:59.269, 5, GPU-f93cb3ac-bea7-0586-9f2c-c0307696716e, NVIDIA RTX PRO 6000 Blackwell Max-Q Workstation Edition, 2310 MHz, 13365 MHz, 55330 MiB, 100 %, 0x0000000000000400
2026/09/22 11:06:59.269, 6, GPU-5a4ea3b7-bb73-9876-6f45-65769efc3066, NVIDIA RTX PRO 6000 Blackwell Max-Q Workstation Edition, 2317 MHz, 13365 MHz, 55307 MiB, 100 %, 0x0000000000000400
2026/09/22 11:07:00.269, 5, GPU-f93cb3ac-bea7-0586-9f2c-c0307696716e, NVIDIA RTX PRO 6000 Blackwell Max-Q Workstation Edition, 2310 MHz, 13365 MHz, 55330 MiB, 100 %, 0x0000000000000400
2026/09/22 11:07:00.269, 6, GPU-5a4ea3b7-bb73-9876-6f45-65769efc3066, NVIDIA RTX PRO 6000 Blackwell Max-Q Workstation Edition, 2317 MHz, 13365 MHz, 55307 MiB, 100 %, 0x0000000000000400
2026/09/22 11:07:01.270, 5, GPU-f93cb3ac-bea7-0586-9f2c-c0307696716e, NVIDIA RTX PRO 6000 Blackwell Max-Q Workstation Edition, 2310 MHz, 13365 MHz, 55330 MiB, 100 %, 0x0000000000000400
2026/09/22 11:07:01.270, 6, GPU-5a4ea3b7-bb73-9876-6f45-65769efc3066, NVIDIA RTX PRO 6000 Blackwell Max-Q Workstation Edition, 2317 MHz, 13365 MHz, 55307 MiB, 100 %, 0x0000000000000400
2026/09/22 11:07:02.270, 5, GPU-f93cb3ac-bea7-0586-9f2c-c0307696716e, NVIDIA RTX PRO 6000 Blackwell Max-Q Workstation Edition, 2310 MHz, 13365 MHz, 55330 MiB, 100 %, 0x0000000000000400
2026/09/22 11:07:02.270, 6, GPU-5a4ea3b7-bb73-9876-6f45-65769efc3066, NVIDIA RTX PRO 6000 Blackwell Max-Q Workstation Edition, 2317 MHz, 13365 MHz, 55307 MiB, 100 %, 0x0000000000000400
2026/09/22 11:07:03.270, 5, GPU-f93cb3ac-bea7-0586-9f2c-c0307696716e, NVIDIA RTX PRO 6000 Blackwell Max-Q Workstation Edition, 2310 MHz, 13365 MHz, 55330 MiB, 100 %, 0x0000000000000400
2026/09/22 11:07:03.270, 6, GPU-5a4ea3b7-bb73-9876-6f45-65769efc3066, NVIDIA RTX PRO 6000 Blackwell Max-Q Workstation Edition, 2317 MHz, 13365 MHz, 55307 MiB, 100 %, 0x0000000000000400
2026/09/22 11:07:04.270, 5, GPU-f93cb3ac-bea7-0586-9f2c-c0307696716e, NVIDIA RTX PRO 6000 Blackwell Max-Q Workstation Edition, 2310 MHz, 13365 MHz, 55330 MiB, 100 %, 0x0000000000000400
2026/09/22 11:07:04.270, 6, GPU-5a4ea3b7-bb73-9876-6f45-65769efc3066, NVIDIA RTX PRO 6000 Blackwell Max-Q Workstation Edition, 2317 MHz, 13365 MHz, 55307 MiB, 100 %, 0x0000000000000400
2026/09/22 11:07:05.271, 5, GPU-f93cb3ac-bea7-0586-9f2c-c0307696716e, NVIDIA RTX PRO 6000 Blackwell Max-Q Workstation Edition, 2310 MHz, 13365 MHz, 55330 MiB, 100 %, 0x0000000000000400
2026/09/22 11:07:05.271, 6, GPU-5a4ea3b7-bb73-9876-6f45-65769efc3066, NVIDIA RTX PRO 6000 Blackwell Max-Q Workstation Edition, 2317 MHz, 13365 MHz, 55307 MiB, 100 %, 0x0000000000000400
2026/09/22 11:07:06.271, 5, GPU-f93cb3ac-bea7-0586-9f2c-c0307696716e, NVIDIA RTX PRO 6000 Blackwell Max-Q Workstation Edition, 2310 MHz, 13365 MHz, 55330 MiB, 100 %, 0x0000000000000400
2026/09/22 11:07:06.271, 6, GPU-5a4ea3b7-bb73-9876-6f45-65769efc3066, NVIDIA RTX PRO 6000 Blackwell Max-Q Workstation Edition, 2317 MHz, 13365 MHz, 55307 MiB, 100 %, 0x0000000000000400
2026/09/22 11:07:07.271, 5, GPU-f93cb3ac-bea7-0586-9f2c-c0307696716e, NVIDIA RTX PRO 6000 Blackwell Max-Q Workstation Edition, 2347 MHz, 13365 MHz, 55330 MiB, 0 %, 0x0000000000000400
2026/09/22 11:07:07.271, 6, GPU-5a4ea3b7-bb73-9876-6f45-65769efc3066, NVIDIA RTX PRO 6000 Blackwell Max-Q Workstation Edition, 2355 MHz, 13365 MHz, 55307 MiB, 0 %, 0x0000000000000400
2026/09/22 11:07:08.271, 5, GPU-f93cb3ac-bea7-0586-9f2c-c0307696716e, NVIDIA RTX PRO 6000 Blackwell Max-Q Workstation Edition, 2347 MHz, 13365 MHz, 55330 MiB, 0 %, 0x0000000000000400
2026/09/22 11:07:08.271, 6, GPU-5a4ea3b7-bb73-9876-6f45-65769efc3066, NVIDIA RTX PRO 6000 Blackwell Max-Q Workstation Edition, 2355 MHz, 13365 MHz, 55307 MiB, 0 %, 0x0000000000000400
2026/09/22 11:07:09.272, 5, GPU-f93cb3ac-bea7-0586-9f2c-c0307696716e, NVIDIA RTX PRO 6000 Blackwell Max-Q Workstation Edition, 2347 MHz, 13365 MHz, 55330 MiB, 0 %, 0x0000000000000400
2026/09/22 11:07:09.272, 6, GPU-5a4ea3b7-bb73-9876-6f45-65769efc3066, NVIDIA RTX PRO 6000 Blackwell Max-Q Workstation Edition, 2340 MHz, 13365 MHz, 55307 MiB, 0 %, 0x0000000000000400
2026/09/22 11:07:10.272, 5, GPU-f93cb3ac-bea7-0586-9f2c-c0307696716e, NVIDIA RTX PRO 6000 Blackwell Max-Q Workstation Edition, 2257 MHz, 13365 MHz, 55330 MiB, 100 %, 0x0000000000000400
2026/09/22 11:07:10.272, 6, GPU-5a4ea3b7-bb73-9876-6f45-65769efc3066, NVIDIA RTX PRO 6000 Blackwell Max-Q Workstation Edition, 2265 MHz, 13365 MHz, 55307 MiB, 100 %, 0x0000000000000400
2026/09/22 11:07:11.272, 5, GPU-f93cb3ac-bea7-0586-9f2c-c0307696716e, NVIDIA RTX PRO 6000 Blackwell Max-Q Workstation Edition, 2250 MHz, 13365 MHz, 55330 MiB, 100 %, 0x0000000000000400
2026/09/22 11:07:11.272, 6, GPU-5a4ea3b7-bb73-9876-6f45-65769efc3066, NVIDIA RTX PRO 6000 Blackwell Max-Q Workstation Edition, 2265 MHz, 13365 MHz, 55307 MiB, 100 %, 0x0000000000000400
2026/09/22 11:07:12.272, 5, GPU-f93cb3ac-bea7-0586-9f2c-c0307696716e, NVIDIA RTX PRO 6000 Blackwell Max-Q Workstation Edition, 2250 MHz, 13365 MHz, 55330 MiB, 100 %, 0x0000000000000400
2026/09/22 11:07:12.272, 6, GPU-5a4ea3b7-bb73-9876-6f45-65769efc3066, NVIDIA RTX PRO 6000 Blackwell Max-Q Workstation Edition, 2265 MHz, 13365 MHz, 55307 MiB, 100 %, 0x0000000000000400
2026/09/22 11:07:13.273, 5, GPU-f93cb3ac-bea7-0586-9f2c-c0307696716e, NVIDIA RTX PRO 6000 Blackwell Max-Q Workstation Edition, 2257 MHz, 13365 MHz, 55330 MiB, 100 %, 0x0000000000000400
2026/09/22 11:07:13.273, 6, GPU-5a4ea3b7-bb73-9876-6f45-65769efc3066, NVIDIA RTX PRO 6000 Blackwell Max-Q Workstation Edition, 2265 MHz, 13365 MHz, 55307 MiB, 100 %, 0x0000000000000400
2026/09/22 11:07:14.273, 5, GPU-f93cb3ac-bea7-0586-9f2c-c0307696716e, NVIDIA RTX PRO 6000 Blackwell Max-Q Workstation Edition, 2250 MHz, 13365 MHz, 55330 MiB, 100 %, 0x0000000000000400
2026/09/22 11:07:14.273, 6, GPU-5a4ea3b7-bb73-9876-6f45-65769efc3066, NVIDIA RTX PRO 6000 Blackwell Max-Q Workstation Edition, 2257 MHz, 13365 MHz, 55307 MiB, 100 %, 0x0000000000000400
2026/09/22 11:07:15.273, 5, GPU-f93cb3ac-bea7-0586-9f2c-c0307696716e, NVIDIA RTX PRO 6000 Blackwell Max-Q Workstation Edition, 2250 MHz, 13365 MHz, 55330 MiB, 100 %, 0x0000000000000400
2026/09/22 11:07:15.273, 6, GPU-5a4ea3b7-bb73-9876-6f45-65769efc3066, NVIDIA RTX PRO 6000 Blackwell Max-Q Workstation Edition, 2257 MHz, 13365 MHz, 55307 MiB, 100 %, 0x0000000000000400
2026/09/22 11:07:16.273, 5, GPU-f93cb3ac-bea7-0586-9f2c-c0307696716e, NVIDIA RTX PRO 6000 Blackwell Max-Q Workstation Edition, 2250 MHz, 13365 MHz, 55330 MiB, 100 %, 0x0000000000000400
2026/09/22 11:07:16.273, 6, GPU-5a4ea3b7-bb73-9876-6f45-65769efc3066, NVIDIA RTX PRO 6000 Blackwell Max-Q Workstation Edition, 2257 MHz, 13365 MHz, 55307 MiB, 100 %, 0x0000000000000400
2026/09/22 11:07:17.274, 5, GPU-f93cb3ac-bea7-0586-9f2c-c0307696716e, NVIDIA RTX PRO 6000 Blackwell Max-Q Workstation Edition, 2257 MHz, 13365 MHz, 55330 MiB, 100 %, 0x0000000000000400
2026/09/22 11:07:17.274, 6, GPU-5a4ea3b7-bb73-9876-6f45-65769efc3066, NVIDIA RTX PRO 6000 Blackwell Max-Q Workstation Edition, 2265 MHz, 13365 MHz, 55307 MiB, 100 %, 0x0000000000000400
2026/09/22 11:07:18.274, 5, GPU-f93cb3ac-bea7-0586-9f2c-c0307696716e, NVIDIA RTX PRO 6000 Blackwell Max-Q Workstation Edition, 2250 MHz, 13365 MHz, 55330 MiB, 100 %, 0x0000000000000400
2026/09/22 11:07:18.274, 6, GPU-5a4ea3b7-bb73-9876-6f45-65769efc3066, NVIDIA RTX PRO 6000 Blackwell Max-Q Workstation Edition, 2257 MHz, 13365 MHz, 55307 MiB, 100 %, 0x0000000000000400
2026/09/22 11:07:19.274, 5, GPU-f93cb3ac-bea7-0586-9f2c-c0307696716e, NVIDIA RTX PRO 6000 Blackwell Max-Q Workstation Edition, 2250 MHz, 13365 MHz, 55330 MiB, 100 %, 0x0000000000000400
2026/09/22 11:07:19.274, 6, GPU-5a4ea3b7-bb73-9876-6f45-65769efc3066, NVIDIA RTX PRO 6000 Blackwell Max-Q Workstation Edition, 2257 MHz, 13365 MHz, 55307 MiB, 100 %, 0x0000000000000400
2026/09/22 11:07:20.274, 5, GPU-f93cb3ac-bea7-0586-9f2c-c0307696716e, NVIDIA RTX PRO 6000 Blackwell Max-Q Workstation Edition, 2250 MHz, 13365 MHz, 55330 MiB, 100 %, 0x0000000000000400
2026/09/22 11:07:20.274, 6, GPU-5a4ea3b7-bb73-9876-6f45-65769efc3066, NVIDIA RTX PRO 6000 Blackwell Max-Q Workstation Edition, 2257 MHz, 13365 MHz, 55307 MiB, 100 %, 0x0000000000000400
2026/09/22 11:07:21.275, 5, GPU-f93cb3ac-bea7-0586-9f2c-c0307696716e, NVIDIA RTX PRO 6000 Blackwell Max-Q Workstation Edition, 2250 MHz, 13365 MHz, 55330 MiB, 100 %, 0x0000000000000400
2026/09/22 11:07:21.275, 6, GPU-5a4ea3b7-bb73-9876-6f45-65769efc3066, NVIDIA RTX PRO 6000 Blackwell Max-Q Workstation Edition, 2257 MHz, 13365 MHz, 55307 MiB, 100 %, 0x0000000000000400
2026/09/22 11:07:22.275, 5, GPU-f93cb3ac-bea7-0586-9f2c-c0307696716e, NVIDIA RTX PRO 6000 Blackwell Max-Q Workstation Edition, 2250 MHz, 13365 MHz, 55330 MiB, 100 %, 0x0000000000000400
2026/09/22 11:07:22.275, 6, GPU-5a4ea3b7-bb73-9876-6f45-65769efc3066, NVIDIA RTX PRO 6000 Blackwell Max-Q Workstation Edition, 2265 MHz, 13365 MHz, 55307 MiB, 100 %, 0x0000000000000400
2026/09/22 11:07:23.275, 5, GPU-f93cb3ac-bea7-0586-9f2c-c0307696716e, NVIDIA RTX PRO 6000 Blackwell Max-Q Workstation Edition, 2250 MHz, 13365 MHz, 55330 MiB, 100 %, 0x0000000000000400
2026/09/22 11:07:23.275, 6, GPU-5a4ea3b7-bb73-9876-6f45-65769efc3066, NVIDIA RTX PRO 6000 Blackwell Max-Q Workstation Edition, 2265 MHz, 13365 MHz, 55307 MiB, 100 %, 0x0000000000000400
2026/09/22 11:07:24.275, 5, GPU-f93cb3ac-bea7-0586-9f2c-c0307696716e, NVIDIA RTX PRO 6000 Blackwell Max-Q Workstation Edition, 2250 MHz, 13365 MHz, 55330 MiB, 100 %, 0x0000000000000400
2026/09/22 11:07:24.275, 6, GPU-5a4ea3b7-bb73-9876-6f45-65769efc3066, NVIDIA RTX PRO 6000 Blackwell Max-Q Workstation Edition, 2265 MHz, 13365 MHz, 55307 MiB, 100 %, 0x0000000000000400
2026/09/22 11:07:25.276, 5, GPU-f93cb3ac-bea7-0586-9f2c-c0307696716e, NVIDIA RTX PRO 6000 Blackwell Max-Q Workstation Edition, 2250 MHz, 13365 MHz, 55330 MiB, 100 %, 0x0000000000000400
2026/09/22 11:07:25.276, 6, GPU-5a4ea3b7-bb73-9876-6f45-65769efc3066, NVIDIA RTX PRO 6000 Blackwell Max-Q Workstation Edition, 2265 MHz, 13365 MHz, 55307 MiB, 100 %, 0x0000000000000400
2026/09/22 11:07:26.276, 5, GPU-f93cb3ac-bea7-0586-9f2c-c0307696716e, NVIDIA RTX PRO 6000 Blackwell Max-Q Workstation Edition, 2250 MHz, 13365 MHz, 55330 MiB, 100 %, 0x0000000000000400
2026/09/22 11:07:26.276, 6, GPU-5a4ea3b7-bb73-9876-6f45-65769efc3066, NVIDIA RTX PRO 6000 Blackwell Max-Q Workstation Edition, 2265 MHz, 13365 MHz, 55307 MiB, 100 %, 0x0000000000000400
2026/09/22 11:07:27.276, 5, GPU-f93cb3ac-bea7-0586-9f2c-c0307696716e, NVIDIA RTX PRO 6000 Blackwell Max-Q Workstation Edition, 2250 MHz, 13365 MHz, 55330 MiB, 100 %, 0x0000000000000400
2026/09/22 11:07:27.276, 6, GPU-5a4ea3b7-bb73-9876-6f45-65769efc3066, NVIDIA RTX PRO 6000 Blackwell Max-Q Workstation Edition, 2265 MHz, 13365 MHz, 55307 MiB, 100 %, 0x0000000000000400
2026/09/22 11:07:28.276, 5, GPU-f93cb3ac-bea7-0586-9f2c-c0307696716e, NVIDIA RTX PRO 6000 Blackwell Max-Q Workstation Edition, 2250 MHz, 13365 MHz, 55330 MiB, 100 %, 0x0000000000000400
2026/09/22 11:07:28.276, 6, GPU-5a4ea3b7-bb73-9876-6f45-65769efc3066, NVIDIA RTX PRO 6000 Blackwell Max-Q Workstation Edition, 2265 MHz, 13365 MHz, 55307 MiB, 100 %, 0x0000000000000400
2026/09/22 11:07:29.277, 5, GPU-f93cb3ac-bea7-0586-9f2c-c0307696716e, NVIDIA RTX PRO 6000 Blackwell Max-Q Workstation Edition, 2250 MHz, 13365 MHz, 55330 MiB, 100 %, 0x0000000000000400
2026/09/22 11:07:29.277, 6, GPU-5a4ea3b7-bb73-9876-6f45-65769efc3066, NVIDIA RTX PRO 6000 Blackwell Max-Q Workstation Edition, 2265 MHz, 13365 MHz, 55307 MiB, 100 %, 0x0000000000000400
2026/09/22 11:07:30.277, 5, GPU-f93cb3ac-bea7-0586-9f2c-c0307696716e, NVIDIA RTX PRO 6000 Blackwell Max-Q Workstation Edition, 2250 MHz, 13365 MHz, 55330 MiB, 100 %, 0x0000000000000400
2026/09/22 11:07:30.277, 6, GPU-5a4ea3b7-bb73-9876-6f45-65769efc3066, NVIDIA RTX PRO 6000 Blackwell Max-Q Workstation Edition, 2265 MHz, 13365 MHz, 55307 MiB, 100 %, 0x0000000000000400
2026/09/22 11:07:31.277, 5, GPU-f93cb3ac-bea7-0586-9f2c-c0307696716e, NVIDIA RTX PRO 6000 Blackwell Max-Q Workstation Edition, 2250 MHz, 13365 MHz, 55330 MiB, 100 %, 0x0000000000000400
2026/09/22 11:07:31.277, 6, GPU-5a4ea3b7-bb73-9876-6f45-65769efc3066, NVIDIA RTX PRO 6000 Blackwell Max-Q Workstation Edition, 2265 MHz, 13365 MHz, 55307 MiB, 100 %, 0x0000000000000400
2026/09/22 11:07:32.277, 5, GPU-f93cb3ac-bea7-0586-9f2c-c0307696716e, NVIDIA RTX PRO 6000 Blackwell Max-Q Workstation Edition, 2250 MHz, 13365 MHz, 55330 MiB, 100 %, 0x0000000000000400
2026/09/22 11:07:32.278, 6, GPU-5a4ea3b7-bb73-9876-6f45-65769efc3066, NVIDIA RTX PRO 6000 Blackwell Max-Q Workstation Edition, 2265 MHz, 13365 MHz, 55307 MiB, 100 %, 0x0000000000000400
2026/09/22 11:07:33.278, 5, GPU-f93cb3ac-bea7-0586-9f2c-c0307696716e, NVIDIA RTX PRO 6000 Blackwell Max-Q Workstation Edition, 2250 MHz, 13365 MHz, 55330 MiB, 100 %, 0x0000000000000400
2026/09/22 11:07:33.278, 6, GPU-5a4ea3b7-bb73-9876-6f45-65769efc3066, NVIDIA RTX PRO 6000 Blackwell Max-Q Workstation Edition, 2257 MHz, 13365 MHz, 55307 MiB, 100 %, 0x0000000000000400
2026/09/22 11:07:34.278, 5, GPU-f93cb3ac-bea7-0586-9f2c-c0307696716e, NVIDIA RTX PRO 6000 Blackwell Max-Q Workstation Edition, 2250 MHz, 13365 MHz, 55330 MiB, 100 %, 0x0000000000000400
2026/09/22 11:07:34.278, 6, GPU-5a4ea3b7-bb73-9876-6f45-65769efc3066, NVIDIA RTX PRO 6000 Blackwell Max-Q Workstation Edition, 2265 MHz, 13365 MHz, 55307 MiB, 100 %, 0x0000000000000400
2026/09/22 11:07:35.278, 5, GPU-f93cb3ac-bea7-0586-9f2c-c0307696716e, NVIDIA RTX PRO 6000 Blackwell Max-Q Workstation Edition, 2250 MHz, 13365 MHz, 55330 MiB, 100 %, 0x0000000000000400
2026/09/22 11:07:35.278, 6, GPU-5a4ea3b7-bb73-9876-6f45-65769efc3066, NVIDIA RTX PRO 6000 Blackwell Max-Q Workstation Edition, 2265 MHz, 13365 MHz, 55307 MiB, 100 %, 0x0000000000000400
2026/09/22 11:07:36.278, 5, GPU-f93cb3ac-bea7-0586-9f2c-c0307696716e, NVIDIA RTX PRO 6000 Blackwell Max-Q Workstation Edition, 2250 MHz, 13365 MHz, 55330 MiB, 100 %, 0x0000000000000400
2026/09/22 11:07:36.278, 6, GPU-5a4ea3b7-bb73-9876-6f45-65769efc3066, NVIDIA RTX PRO 6000 Blackwell Max-Q Workstation Edition, 2265 MHz, 13365 MHz, 55307 MiB, 100 %, 0x0000000000000400
2026/09/22 11:07:37.279, 5, GPU-f93cb3ac-bea7-0586-9f2c-c0307696716e, NVIDIA RTX PRO 6000 Blackwell Max-Q Workstation Edition, 2250 MHz, 13365 MHz, 55330 MiB, 100 %, 0x0000000000000400
2026/09/22 11:07:37.279, 6, GPU-5a4ea3b7-bb73-9876-6f45-65769efc3066, NVIDIA RTX PRO 6000 Blackwell Max-Q Workstation Edition, 2265 MHz, 13365 MHz, 55307 MiB, 100 %, 0x0000000000000400
2026/09/22 11:07:38.279, 5, GPU-f93cb3ac-bea7-0586-9f2c-c0307696716e, NVIDIA RTX PRO 6000 Blackwell Max-Q Workstation Edition, 2250 MHz, 13365 MHz, 55330 MiB, 100 %, 0x0000000000000400
2026/09/22 11:07:38.279, 6, GPU-5a4ea3b7-bb73-9876-6f45-65769efc3066, NVIDIA RTX PRO 6000 Blackwell Max-Q Workstation Edition, 2265 MHz, 13365 MHz, 55307 MiB, 100 %, 0x0000000000000400
2026/09/22 11:07:39.279, 5, GPU-f93cb3ac-bea7-0586-9f2c-c0307696716e, NVIDIA RTX PRO 6000 Blackwell Max-Q Workstation Edition, 2250 MHz, 13365 MHz, 55330 MiB, 100 %, 0x0000000000000400
2026/09/22 11:07:39.279, 6, GPU-5a4ea3b7-bb73-9876-6f45-65769efc3066, NVIDIA RTX PRO 6000 Blackwell Max-Q Workstation Edition, 2257 MHz, 13365 MHz, 55307 MiB, 100 %, 0x0000000000000400
2026/09/22 11:07:40.279, 5, GPU-f93cb3ac-bea7-0586-9f2c-c0307696716e, NVIDIA RTX PRO 6000 Blackwell Max-Q Workstation Edition, 2250 MHz, 13365 MHz, 55330 MiB, 100 %, 0x0000000000000400
2026/09/22 11:07:40.279, 6, GPU-5a4ea3b7-bb73-9876-6f45-65769efc3066, NVIDIA RTX PRO 6000 Blackwell Max-Q Workstation Edition, 2265 MHz, 13365 MHz, 55307 MiB, 100 %, 0x0000000000000400
2026/09/22 11:07:41.280, 5, GPU-f93cb3ac-bea7-0586-9f2c-c0307696716e, NVIDIA RTX PRO 6000 Blackwell Max-Q Workstation Edition, 2250 MHz, 13365 MHz, 55330 MiB, 100 %, 0x0000000000000400
2026/09/22 11:07:41.280, 6, GPU-5a4ea3b7-bb73-9876-6f45-65769efc3066, NVIDIA RTX PRO 6000 Blackwell Max-Q Workstation Edition, 2265 MHz, 13365 MHz, 55307 MiB, 100 %, 0x0000000000000400
2026/09/22 11:07:42.280, 5, GPU-f93cb3ac-bea7-0586-9f2c-c0307696716e, NVIDIA RTX PRO 6000 Blackwell Max-Q Workstation Edition, 2250 MHz, 13365 MHz, 55330 MiB, 100 %, 0x0000000000000400
2026/09/22 11:07:42.280, 6, GPU-5a4ea3b7-bb73-9876-6f45-65769efc3066, NVIDIA RTX PRO 6000 Blackwell Max-Q Workstation Edition, 2257 MHz, 13365 MHz, 55307 MiB, 100 %, 0x0000000000000400
2026/09/22 11:07:43.280, 5, GPU-f93cb3ac-bea7-0586-9f2c-c0307696716e, NVIDIA RTX PRO 6000 Blackwell Max-Q Workstation Edition, 2250 MHz, 13365 MHz, 55330 MiB, 100 %, 0x0000000000000400
2026/09/22 11:07:43.280, 6, GPU-5a4ea3b7-bb73-9876-6f45-65769efc3066, NVIDIA RTX PRO 6000 Blackwell Max-Q Workstation Edition, 2265 MHz, 13365 MHz, 55307 MiB, 100 %, 0x0000000000000400
2026/09/22 11:07:44.280, 5, GPU-f93cb3ac-bea7-0586-9f2c-c0307696716e, NVIDIA RTX PRO 6000 Blackwell Max-Q Workstation Edition, 2250 MHz, 13365 MHz, 55330 MiB, 100 %, 0x0000000000000400
2026/09/22 11:07:44.280, 6, GPU-5a4ea3b7-bb73-9876-6f45-65769efc3066, NVIDIA RTX PRO 6000 Blackwell Max-Q Workstation Edition, 2257 MHz, 13365 MHz, 55307 MiB, 100 %, 0x0000000000000400
2026/09/22 11:07:45.281, 5, GPU-f93cb3ac-bea7-0586-9f2c-c0307696716e, NVIDIA RTX PRO 6000 Blackwell Max-Q Workstation Edition, 2317 MHz, 13365 MHz, 55330 MiB, 0 %, 0x0000000000000400
2026/09/22 11:07:45.281, 6, GPU-5a4ea3b7-bb73-9876-6f45-65769efc3066, NVIDIA RTX PRO 6000 Blackwell Max-Q Workstation Edition, 2265 MHz, 13365 MHz, 55307 MiB, 66 %, 0x0000000000000400
2026/09/22 11:07:46.281, 5, GPU-f93cb3ac-bea7-0586-9f2c-c0307696716e, NVIDIA RTX PRO 6000 Blackwell Max-Q Workstation Edition, 2347 MHz, 13365 MHz, 55330 MiB, 0 %, 0x0000000000000400
2026/09/22 11:07:46.281, 6, GPU-5a4ea3b7-bb73-9876-6f45-65769efc3066, NVIDIA RTX PRO 6000 Blackwell Max-Q Workstation Edition, 2355 MHz, 13365 MHz, 55307 MiB, 0 %, 0x0000000000000400
2026/09/22 11:07:47.281, 5, GPU-f93cb3ac-bea7-0586-9f2c-c0307696716e, NVIDIA RTX PRO 6000 Blackwell Max-Q Workstation Edition, 2340 MHz, 13365 MHz, 55330 MiB, 0 %, 0x0000000000000400
2026/09/22 11:07:47.281, 6, GPU-5a4ea3b7-bb73-9876-6f45-65769efc3066, NVIDIA RTX PRO 6000 Blackwell Max-Q Workstation Edition, 2310 MHz, 13365 MHz, 55307 MiB, 0 %, 0x0000000000000400
2026/09/22 11:07:48.281, 5, GPU-f93cb3ac-bea7-0586-9f2c-c0307696716e, NVIDIA RTX PRO 6000 Blackwell Max-Q Workstation Edition, 2272 MHz, 13365 MHz, 55330 MiB, 0 %, 0x0000000000000400
2026/09/22 11:07:48.281, 6, GPU-5a4ea3b7-bb73-9876-6f45-65769efc3066, NVIDIA RTX PRO 6000 Blackwell Max-Q Workstation Edition, 2272 MHz, 13365 MHz, 55307 MiB, 0 %, 0x0000000000000400
2026/09/22 11:07:49.281, 5, GPU-f93cb3ac-bea7-0586-9f2c-c0307696716e, NVIDIA RTX PRO 6000 Blackwell Max-Q Workstation Edition, 2272 MHz, 13365 MHz, 55330 MiB, 0 %, 0x0000000000000400
2026/09/22 11:07:49.282, 6, GPU-5a4ea3b7-bb73-9876-6f45-65769efc3066, NVIDIA RTX PRO 6000 Blackwell Max-Q Workstation Edition, 2272 MHz, 13365 MHz, 55307 MiB, 0 %, 0x0000000000000400
2026/09/22 11:07:50.282, 5, GPU-f93cb3ac-bea7-0586-9f2c-c0307696716e, NVIDIA RTX PRO 6000 Blackwell Max-Q Workstation Edition, 2272 MHz, 13365 MHz, 55330 MiB, 0 %, 0x0000000000000400
2026/09/22 11:07:50.282, 6, GPU-5a4ea3b7-bb73-9876-6f45-65769efc3066, NVIDIA RTX PRO 6000 Blackwell Max-Q Workstation Edition, 2272 MHz, 13365 MHz, 55307 MiB, 0 %, 0x0000000000000400
2026/09/22 11:07:51.282, 5, GPU-f93cb3ac-bea7-0586-9f2c-c0307696716e, NVIDIA RTX PRO 6000 Blackwell Max-Q Workstation Edition, 2272 MHz, 13365 MHz, 55330 MiB, 0 %, 0x0000000000000400
2026/09/22 11:07:51.282, 6, GPU-5a4ea3b7-bb73-9876-6f45-65769efc3066, NVIDIA RTX PRO 6000 Blackwell Max-Q Workstation Edition, 2272 MHz, 13365 MHz, 55307 MiB, 0 %, 0x0000000000000400
2026/09/22 11:07:52.282, 5, GPU-f93cb3ac-bea7-0586-9f2c-c0307696716e, NVIDIA RTX PRO 6000 Blackwell Max-Q Workstation Edition, 2272 MHz, 13365 MHz, 55330 MiB, 0 %, 0x0000000000000400
2026/09/22 11:07:52.282, 6, GPU-5a4ea3b7-bb73-9876-6f45-65769efc3066, NVIDIA RTX PRO 6000 Blackwell Max-Q Workstation Edition, 2272 MHz, 13365 MHz, 55307 MiB, 0 %, 0x0000000000000400
2026/09/22 11:07:53.283, 5, GPU-f93cb3ac-bea7-0586-9f2c-c0307696716e, NVIDIA RTX PRO 6000 Blackwell Max-Q Workstation Edition, 2272 MHz, 13365 MHz, 55330 MiB, 0 %, 0x0000000000000400
2026/09/22 11:07:53.283, 6, GPU-5a4ea3b7-bb73-9876-6f45-65769efc3066, NVIDIA RTX PRO 6000 Blackwell Max-Q Workstation Edition, 2272 MHz, 13365 MHz, 55307 MiB, 0 %, 0x0000000000000400
2026/09/22 11:07:54.283, 5, GPU-f93cb3ac-bea7-0586-9f2c-c0307696716e, NVIDIA RTX PRO 6000 Blackwell Max-Q Workstation Edition, 2310 MHz, 13365 MHz, 55330 MiB, 100 %, 0x0000000000000400
2026/09/22 11:07:54.283, 6, GPU-5a4ea3b7-bb73-9876-6f45-65769efc3066, NVIDIA RTX PRO 6000 Blackwell Max-Q Workstation Edition, 2317 MHz, 13365 MHz, 55307 MiB, 100 %, 0x0000000000000400
2026/09/22 11:07:55.283, 5, GPU-f93cb3ac-bea7-0586-9f2c-c0307696716e, NVIDIA RTX PRO 6000 Blackwell Max-Q Workstation Edition, 2310 MHz, 13365 MHz, 55330 MiB, 100 %, 0x0000000000000400
2026/09/22 11:07:55.283, 6, GPU-5a4ea3b7-bb73-9876-6f45-65769efc3066, NVIDIA RTX PRO 6000 Blackwell Max-Q Workstation Edition, 2317 MHz, 13365 MHz, 55307 MiB, 100 %, 0x0000000000000400
2026/09/22 11:07:56.283, 5, GPU-f93cb3ac-bea7-0586-9f2c-c0307696716e, NVIDIA RTX PRO 6000 Blackwell Max-Q Workstation Edition, 2310 MHz, 13365 MHz, 55330 MiB, 100 %, 0x0000000000000400
2026/09/22 11:07:56.283, 6, GPU-5a4ea3b7-bb73-9876-6f45-65769efc3066, NVIDIA RTX PRO 6000 Blackwell Max-Q Workstation Edition, 2317 MHz, 13365 MHz, 55307 MiB, 100 %, 0x0000000000000400
2026/09/22 11:07:57.284, 5, GPU-f93cb3ac-bea7-0586-9f2c-c0307696716e, NVIDIA RTX PRO 6000 Blackwell Max-Q Workstation Edition, 2310 MHz, 13365 MHz, 55330 MiB, 100 %, 0x0000000000000400
2026/09/22 11:07:57.284, 6, GPU-5a4ea3b7-bb73-9876-6f45-65769efc3066, NVIDIA RTX PRO 6000 Blackwell Max-Q Workstation Edition, 2317 MHz, 13365 MHz, 55307 MiB, 100 %, 0x0000000000000400
2026/09/22 11:07:58.284, 5, GPU-f93cb3ac-bea7-0586-9f2c-c0307696716e, NVIDIA RTX PRO 6000 Blackwell Max-Q Workstation Edition, 2310 MHz, 13365 MHz, 55330 MiB, 100 %, 0x0000000000000400
2026/09/22 11:07:58.284, 6, GPU-5a4ea3b7-bb73-9876-6f45-65769efc3066, NVIDIA RTX PRO 6000 Blackwell Max-Q Workstation Edition, 2317 MHz, 13365 MHz, 55307 MiB, 100 %, 0x0000000000000400
2026/09/22 11:07:59.284, 5, GPU-f93cb3ac-bea7-0586-9f2c-c0307696716e, NVIDIA RTX PRO 6000 Blackwell Max-Q Workstation Edition, 2310 MHz, 13365 MHz, 55330 MiB, 100 %, 0x0000000000000400
2026/09/22 11:07:59.284, 6, GPU-5a4ea3b7-bb73-9876-6f45-65769efc3066, NVIDIA RTX PRO 6000 Blackwell Max-Q Workstation Edition, 2317 MHz, 13365 MHz, 55307 MiB, 100 %, 0x0000000000000400
2026/09/22 11:08:00.284, 5, GPU-f93cb3ac-bea7-0586-9f2c-c0307696716e, NVIDIA RTX PRO 6000 Blackwell Max-Q Workstation Edition, 2310 MHz, 13365 MHz, 55330 MiB, 100 %, 0x0000000000000400
2026/09/22 11:08:00.284, 6, GPU-5a4ea3b7-bb73-9876-6f45-65769efc3066, NVIDIA RTX PRO 6000 Blackwell Max-Q Workstation Edition, 2317 MHz, 13365 MHz, 55307 MiB, 100 %, 0x0000000000000400
2026/09/22 11:08:01.285, 5, GPU-f93cb3ac-bea7-0586-9f2c-c0307696716e, NVIDIA RTX PRO 6000 Blackwell Max-Q Workstation Edition, 2310 MHz, 13365 MHz, 55330 MiB, 100 %, 0x0000000000000400
2026/09/22 11:08:01.285, 6, GPU-5a4ea3b7-bb73-9876-6f45-65769efc3066, NVIDIA RTX PRO 6000 Blackwell Max-Q Workstation Edition, 2317 MHz, 13365 MHz, 55307 MiB, 100 %, 0x0000000000000400
2026/09/22 11:08:02.285, 5, GPU-f93cb3ac-bea7-0586-9f2c-c0307696716e, NVIDIA RTX PRO 6000 Blackwell Max-Q Workstation Edition, 2310 MHz, 13365 MHz, 55330 MiB, 100 %, 0x0000000000000400
2026/09/22 11:08:02.285, 6, GPU-5a4ea3b7-bb73-9876-6f45-65769efc3066, NVIDIA RTX PRO 6000 Blackwell Max-Q Workstation Edition, 2317 MHz, 13365 MHz, 55307 MiB, 100 %, 0x0000000000000400
2026/09/22 11:08:03.285, 5, GPU-f93cb3ac-bea7-0586-9f2c-c0307696716e, NVIDIA RTX PRO 6000 Blackwell Max-Q Workstation Edition, 2310 MHz, 13365 MHz, 55330 MiB, 100 %, 0x0000000000000400
2026/09/22 11:08:03.285, 6, GPU-5a4ea3b7-bb73-9876-6f45-65769efc3066, NVIDIA RTX PRO 6000 Blackwell Max-Q Workstation Edition, 2317 MHz, 13365 MHz, 55307 MiB, 100 %, 0x0000000000000400
2026/09/22 11:08:04.285, 5, GPU-f93cb3ac-bea7-0586-9f2c-c0307696716e, NVIDIA RTX PRO 6000 Blackwell Max-Q Workstation Edition, 2310 MHz, 13365 MHz, 55330 MiB, 100 %, 0x0000000000000400
2026/09/22 11:08:04.285, 6, GPU-5a4ea3b7-bb73-9876-6f45-65769efc3066, NVIDIA RTX PRO 6000 Blackwell Max-Q Workstation Edition, 2317 MHz, 13365 MHz, 55307 MiB, 100 %, 0x0000000000000400
2026/09/22 11:08:05.286, 5, GPU-f93cb3ac-bea7-0586-9f2c-c0307696716e, NVIDIA RTX PRO 6000 Blackwell Max-Q Workstation Edition, 2310 MHz, 13365 MHz, 55330 MiB, 100 %, 0x0000000000000400
2026/09/22 11:08:05.286, 6, GPU-5a4ea3b7-bb73-9876-6f45-65769efc3066, NVIDIA RTX PRO 6000 Blackwell Max-Q Workstation Edition, 2317 MHz, 13365 MHz, 55307 MiB, 100 %, 0x0000000000000400
2026/09/22 11:08:06.286, 5, GPU-f93cb3ac-bea7-0586-9f2c-c0307696716e, NVIDIA RTX PRO 6000 Blackwell Max-Q Workstation Edition, 2302 MHz, 13365 MHz, 55330 MiB, 100 %, 0x0000000000000400
2026/09/22 11:08:06.286, 6, GPU-5a4ea3b7-bb73-9876-6f45-65769efc3066, NVIDIA RTX PRO 6000 Blackwell Max-Q Workstation Edition, 2317 MHz, 13365 MHz, 55307 MiB, 100 %, 0x0000000000000400
2026/09/22 11:08:07.286, 5, GPU-f93cb3ac-bea7-0586-9f2c-c0307696716e, NVIDIA RTX PRO 6000 Blackwell Max-Q Workstation Edition, 2310 MHz, 13365 MHz, 55330 MiB, 100 %, 0x0000000000000400
2026/09/22 11:08:07.286, 6, GPU-5a4ea3b7-bb73-9876-6f45-65769efc3066, NVIDIA RTX PRO 6000 Blackwell Max-Q Workstation Edition, 2317 MHz, 13365 MHz, 55307 MiB, 100 %, 0x0000000000000400
2026/09/22 11:08:08.286, 5, GPU-f93cb3ac-bea7-0586-9f2c-c0307696716e, NVIDIA RTX PRO 6000 Blackwell Max-Q Workstation Edition, 2310 MHz, 13365 MHz, 55330 MiB, 100 %, 0x0000000000000400
2026/09/22 11:08:08.286, 6, GPU-5a4ea3b7-bb73-9876-6f45-65769efc3066, NVIDIA RTX PRO 6000 Blackwell Max-Q Workstation Edition, 2317 MHz, 13365 MHz, 55307 MiB, 100 %, 0x0000000000000400
2026/09/22 11:08:09.287, 5, GPU-f93cb3ac-bea7-0586-9f2c-c0307696716e, NVIDIA RTX PRO 6000 Blackwell Max-Q Workstation Edition, 2325 MHz, 13365 MHz, 55330 MiB, 0 %, 0x0000000000000400
2026/09/22 11:08:09.287, 6, GPU-5a4ea3b7-bb73-9876-6f45-65769efc3066, NVIDIA RTX PRO 6000 Blackwell Max-Q Workstation Edition, 2317 MHz, 13365 MHz, 55307 MiB, 100 %, 0x0000000000000400
2026/09/22 11:08:10.287, 5, GPU-f93cb3ac-bea7-0586-9f2c-c0307696716e, NVIDIA RTX PRO 6000 Blackwell Max-Q Workstation Edition, 2347 MHz, 13365 MHz, 55330 MiB, 0 %, 0x0000000000000400
2026/09/22 11:08:10.287, 6, GPU-5a4ea3b7-bb73-9876-6f45-65769efc3066, NVIDIA RTX PRO 6000 Blackwell Max-Q Workstation Edition, 2355 MHz, 13365 MHz, 55307 MiB, 0 %, 0x0000000000000400
2026/09/22 11:08:11.287, 5, GPU-f93cb3ac-bea7-0586-9f2c-c0307696716e, NVIDIA RTX PRO 6000 Blackwell Max-Q Workstation Edition, 2340 MHz, 13365 MHz, 55330 MiB, 0 %, 0x0000000000000400
2026/09/22 11:08:11.287, 6, GPU-5a4ea3b7-bb73-9876-6f45-65769efc3066, NVIDIA RTX PRO 6000 Blackwell Max-Q Workstation Edition, 2310 MHz, 13365 MHz, 55307 MiB, 0 %, 0x0000000000000400
2026/09/22 11:08:12.287, 5, GPU-f93cb3ac-bea7-0586-9f2c-c0307696716e, NVIDIA RTX PRO 6000 Blackwell Max-Q Workstation Edition, 2302 MHz, 13365 MHz, 55330 MiB, 100 %, 0x0000000000000400
2026/09/22 11:08:12.287, 6, GPU-5a4ea3b7-bb73-9876-6f45-65769efc3066, NVIDIA RTX PRO 6000 Blackwell Max-Q Workstation Edition, 2287 MHz, 13365 MHz, 55307 MiB, 100 %, 0x0000000000000400
2026/09/22 11:08:13.287, 5, GPU-f93cb3ac-bea7-0586-9f2c-c0307696716e, NVIDIA RTX PRO 6000 Blackwell Max-Q Workstation Edition, 2310 MHz, 13365 MHz, 55330 MiB, 100 %, 0x0000000000000400
2026/09/22 11:08:13.288, 6, GPU-5a4ea3b7-bb73-9876-6f45-65769efc3066, NVIDIA RTX PRO 6000 Blackwell Max-Q Workstation Edition, 2317 MHz, 13365 MHz, 55307 MiB, 100 %, 0x0000000000000400
2026/09/22 11:08:14.288, 5, GPU-f93cb3ac-bea7-0586-9f2c-c0307696716e, NVIDIA RTX PRO 6000 Blackwell Max-Q Workstation Edition, 2310 MHz, 13365 MHz, 55330 MiB, 100 %, 0x0000000000000400
2026/09/22 11:08:14.288, 6, GPU-5a4ea3b7-bb73-9876-6f45-65769efc3066, NVIDIA RTX PRO 6000 Blackwell Max-Q Workstation Edition, 2317 MHz, 13365 MHz, 55307 MiB, 100 %, 0x0000000000000400
2026/09/22 11:08:15.288, 5, GPU-f93cb3ac-bea7-0586-9f2c-c0307696716e, NVIDIA RTX PRO 6000 Blackwell Max-Q Workstation Edition, 2310 MHz, 13365 MHz, 55330 MiB, 100 %, 0x0000000000000400
2026/09/22 11:08:15.288, 6, GPU-5a4ea3b7-bb73-9876-6f45-65769efc3066, NVIDIA RTX PRO 6000 Blackwell Max-Q Workstation Edition, 2317 MHz, 13365 MHz, 55307 MiB, 100 %, 0x0000000000000400
2026/09/22 11:08:16.288, 5, GPU-f93cb3ac-bea7-0586-9f2c-c0307696716e, NVIDIA RTX PRO 6000 Blackwell Max-Q Workstation Edition, 2310 MHz, 13365 MHz, 55330 MiB, 100 %, 0x0000000000000400
2026/09/22 11:08:16.288, 6, GPU-5a4ea3b7-bb73-9876-6f45-65769efc3066, NVIDIA RTX PRO 6000 Blackwell Max-Q Workstation Edition, 2317 MHz, 13365 MHz, 55307 MiB, 100 %, 0x0000000000000400
2026/09/22 11:08:17.288, 5, GPU-f93cb3ac-bea7-0586-9f2c-c0307696716e, NVIDIA RTX PRO 6000 Blackwell Max-Q Workstation Edition, 2310 MHz, 13365 MHz, 55330 MiB, 100 %, 0x0000000000000400
2026/09/22 11:08:17.289, 6, GPU-5a4ea3b7-bb73-9876-6f45-65769efc3066, NVIDIA RTX PRO 6000 Blackwell Max-Q Workstation Edition, 2317 MHz, 13365 MHz, 55307 MiB, 100 %, 0x0000000000000400
2026/09/22 11:08:18.289, 5, GPU-f93cb3ac-bea7-0586-9f2c-c0307696716e, NVIDIA RTX PRO 6000 Blackwell Max-Q Workstation Edition, 2310 MHz, 13365 MHz, 55330 MiB, 100 %, 0x0000000000000400
2026/09/22 11:08:18.289, 6, GPU-5a4ea3b7-bb73-9876-6f45-65769efc3066, NVIDIA RTX PRO 6000 Blackwell Max-Q Workstation Edition, 2317 MHz, 13365 MHz, 55307 MiB, 100 %, 0x0000000000000400
2026/09/22 11:08:19.289, 5, GPU-f93cb3ac-bea7-0586-9f2c-c0307696716e, NVIDIA RTX PRO 6000 Blackwell Max-Q Workstation Edition, 2310 MHz, 13365 MHz, 55330 MiB, 100 %, 0x0000000000000400
2026/09/22 11:08:19.289, 6, GPU-5a4ea3b7-bb73-9876-6f45-65769efc3066, NVIDIA RTX PRO 6000 Blackwell Max-Q Workstation Edition, 2317 MHz, 13365 MHz, 55307 MiB, 100 %, 0x0000000000000400
2026/09/22 11:08:20.289, 5, GPU-f93cb3ac-bea7-0586-9f2c-c0307696716e, NVIDIA RTX PRO 6000 Blackwell Max-Q Workstation Edition, 2310 MHz, 13365 MHz, 55330 MiB, 100 %, 0x0000000000000400
2026/09/22 11:08:20.289, 6, GPU-5a4ea3b7-bb73-9876-6f45-65769efc3066, NVIDIA RTX PRO 6000 Blackwell Max-Q Workstation Edition, 2317 MHz, 13365 MHz, 55307 MiB, 100 %, 0x0000000000000400
2026/09/22 11:08:21.289, 5, GPU-f93cb3ac-bea7-0586-9f2c-c0307696716e, NVIDIA RTX PRO 6000 Blackwell Max-Q Workstation Edition, 2310 MHz, 13365 MHz, 55330 MiB, 100 %, 0x0000000000000400
2026/09/22 11:08:21.290, 6, GPU-5a4ea3b7-bb73-9876-6f45-65769efc3066, NVIDIA RTX PRO 6000 Blackwell Max-Q Workstation Edition, 2317 MHz, 13365 MHz, 55307 MiB, 100 %, 0x0000000000000400
2026/09/22 11:08:22.290, 5, GPU-f93cb3ac-bea7-0586-9f2c-c0307696716e, NVIDIA RTX PRO 6000 Blackwell Max-Q Workstation Edition, 2310 MHz, 13365 MHz, 55330 MiB, 100 %, 0x0000000000000400
2026/09/22 11:08:22.290, 6, GPU-5a4ea3b7-bb73-9876-6f45-65769efc3066, NVIDIA RTX PRO 6000 Blackwell Max-Q Workstation Edition, 2317 MHz, 13365 MHz, 55307 MiB, 100 %, 0x0000000000000400
2026/09/22 11:08:23.290, 5, GPU-f93cb3ac-bea7-0586-9f2c-c0307696716e, NVIDIA RTX PRO 6000 Blackwell Max-Q Workstation Edition, 2310 MHz, 13365 MHz, 55330 MiB, 100 %, 0x0000000000000400
2026/09/22 11:08:23.290, 6, GPU-5a4ea3b7-bb73-9876-6f45-65769efc3066, NVIDIA RTX PRO 6000 Blackwell Max-Q Workstation Edition, 2317 MHz, 13365 MHz, 55307 MiB, 100 %, 0x0000000000000400
2026/09/22 11:08:24.290, 5, GPU-f93cb3ac-bea7-0586-9f2c-c0307696716e, NVIDIA RTX PRO 6000 Blackwell Max-Q Workstation Edition, 2310 MHz, 13365 MHz, 55330 MiB, 100 %, 0x0000000000000400
2026/09/22 11:08:24.290, 6, GPU-5a4ea3b7-bb73-9876-6f45-65769efc3066, NVIDIA RTX PRO 6000 Blackwell Max-Q Workstation Edition, 2317 MHz, 13365 MHz, 55307 MiB, 100 %, 0x0000000000000400
2026/09/22 11:08:25.290, 5, GPU-f93cb3ac-bea7-0586-9f2c-c0307696716e, NVIDIA RTX PRO 6000 Blackwell Max-Q Workstation Edition, 2310 MHz, 13365 MHz, 55330 MiB, 100 %, 0x0000000000000400
2026/09/22 11:08:25.291, 6, GPU-5a4ea3b7-bb73-9876-6f45-65769efc3066, NVIDIA RTX PRO 6000 Blackwell Max-Q Workstation Edition, 2317 MHz, 13365 MHz, 55307 MiB, 100 %, 0x0000000000000400
2026/09/22 11:08:26.291, 5, GPU-f93cb3ac-bea7-0586-9f2c-c0307696716e, NVIDIA RTX PRO 6000 Blackwell Max-Q Workstation Edition, 2310 MHz, 13365 MHz, 55330 MiB, 100 %, 0x0000000000000400
2026/09/22 11:08:26.291, 6, GPU-5a4ea3b7-bb73-9876-6f45-65769efc3066, NVIDIA RTX PRO 6000 Blackwell Max-Q Workstation Edition, 2317 MHz, 13365 MHz, 55307 MiB, 100 %, 0x0000000000000400
2026/09/22 11:08:27.291, 5, GPU-f93cb3ac-bea7-0586-9f2c-c0307696716e, NVIDIA RTX PRO 6000 Blackwell Max-Q Workstation Edition, 2310 MHz, 13365 MHz, 55330 MiB, 100 %, 0x0000000000000400
2026/09/22 11:08:27.291, 6, GPU-5a4ea3b7-bb73-9876-6f45-65769efc3066, NVIDIA RTX PRO 6000 Blackwell Max-Q Workstation Edition, 2317 MHz, 13365 MHz, 55307 MiB, 100 %, 0x0000000000000400
2026/09/22 11:08:28.291, 5, GPU-f93cb3ac-bea7-0586-9f2c-c0307696716e, NVIDIA RTX PRO 6000 Blackwell Max-Q Workstation Edition, 2310 MHz, 13365 MHz, 55330 MiB, 100 %, 0x0000000000000400
2026/09/22 11:08:28.291, 6, GPU-5a4ea3b7-bb73-9876-6f45-65769efc3066, NVIDIA RTX PRO 6000 Blackwell Max-Q Workstation Edition, 2317 MHz, 13365 MHz, 55307 MiB, 100 %, 0x0000000000000400
2026/09/22 11:08:29.291, 5, GPU-f93cb3ac-bea7-0586-9f2c-c0307696716e, NVIDIA RTX PRO 6000 Blackwell Max-Q Workstation Edition, 2310 MHz, 13365 MHz, 55330 MiB, 100 %, 0x0000000000000400
2026/09/22 11:08:29.292, 6, GPU-5a4ea3b7-bb73-9876-6f45-65769efc3066, NVIDIA RTX PRO 6000 Blackwell Max-Q Workstation Edition, 2317 MHz, 13365 MHz, 55307 MiB, 100 %, 0x0000000000000400
2026/09/22 11:08:30.292, 5, GPU-f93cb3ac-bea7-0586-9f2c-c0307696716e, NVIDIA RTX PRO 6000 Blackwell Max-Q Workstation Edition, 2310 MHz, 13365 MHz, 55330 MiB, 100 %, 0x0000000000000400
2026/09/22 11:08:30.292, 6, GPU-5a4ea3b7-bb73-9876-6f45-65769efc3066, NVIDIA RTX PRO 6000 Blackwell Max-Q Workstation Edition, 2317 MHz, 13365 MHz, 55307 MiB, 100 %, 0x0000000000000400
2026/09/22 11:08:31.292, 5, GPU-f93cb3ac-bea7-0586-9f2c-c0307696716e, NVIDIA RTX PRO 6000 Blackwell Max-Q Workstation Edition, 2310 MHz, 13365 MHz, 55330 MiB, 100 %, 0x0000000000000400
2026/09/22 11:08:31.292, 6, GPU-5a4ea3b7-bb73-9876-6f45-65769efc3066, NVIDIA RTX PRO 6000 Blackwell Max-Q Workstation Edition, 2317 MHz, 13365 MHz, 55307 MiB, 100 %, 0x0000000000000400
2026/09/22 11:08:32.292, 5, GPU-f93cb3ac-bea7-0586-9f2c-c0307696716e, NVIDIA RTX PRO 6000 Blackwell Max-Q Workstation Edition, 2310 MHz, 13365 MHz, 55330 MiB, 100 %, 0x0000000000000400
2026/09/22 11:08:32.292, 6, GPU-5a4ea3b7-bb73-9876-6f45-65769efc3066, NVIDIA RTX PRO 6000 Blackwell Max-Q Workstation Edition, 2317 MHz, 13365 MHz, 55307 MiB, 100 %, 0x0000000000000400
2026/09/22 11:08:33.292, 5, GPU-f93cb3ac-bea7-0586-9f2c-c0307696716e, NVIDIA RTX PRO 6000 Blackwell Max-Q Workstation Edition, 2310 MHz, 13365 MHz, 55330 MiB, 100 %, 0x0000000000000400
2026/09/22 11:08:33.293, 6, GPU-5a4ea3b7-bb73-9876-6f45-65769efc3066, NVIDIA RTX PRO 6000 Blackwell Max-Q Workstation Edition, 2317 MHz, 13365 MHz, 55307 MiB, 100 %, 0x0000000000000400
2026/09/22 11:08:34.293, 5, GPU-f93cb3ac-bea7-0586-9f2c-c0307696716e, NVIDIA RTX PRO 6000 Blackwell Max-Q Workstation Edition, 2310 MHz, 13365 MHz, 55330 MiB, 100 %, 0x0000000000000400
2026/09/22 11:08:34.293, 6, GPU-5a4ea3b7-bb73-9876-6f45-65769efc3066, NVIDIA RTX PRO 6000 Blackwell Max-Q Workstation Edition, 2317 MHz, 13365 MHz, 55307 MiB, 100 %, 0x0000000000000400
2026/09/22 11:08:35.293, 5, GPU-f93cb3ac-bea7-0586-9f2c-c0307696716e, NVIDIA RTX PRO 6000 Blackwell Max-Q Workstation Edition, 2310 MHz, 13365 MHz, 55330 MiB, 100 %, 0x0000000000000400
2026/09/22 11:08:35.293, 6, GPU-5a4ea3b7-bb73-9876-6f45-65769efc3066, NVIDIA RTX PRO 6000 Blackwell Max-Q Workstation Edition, 2317 MHz, 13365 MHz, 55307 MiB, 100 %, 0x0000000000000400
2026/09/22 11:08:36.293, 5, GPU-f93cb3ac-bea7-0586-9f2c-c0307696716e, NVIDIA RTX PRO 6000 Blackwell Max-Q Workstation Edition, 2310 MHz, 13365 MHz, 55330 MiB, 100 %, 0x0000000000000400
2026/09/22 11:08:36.293, 6, GPU-5a4ea3b7-bb73-9876-6f45-65769efc3066, NVIDIA RTX PRO 6000 Blackwell Max-Q Workstation Edition, 2317 MHz, 13365 MHz, 55307 MiB, 100 %, 0x0000000000000400
2026/09/22 11:08:37.293, 5, GPU-f93cb3ac-bea7-0586-9f2c-c0307696716e, NVIDIA RTX PRO 6000 Blackwell Max-Q Workstation Edition, 2310 MHz, 13365 MHz, 55330 MiB, 100 %, 0x0000000000000400
2026/09/22 11:08:37.293, 6, GPU-5a4ea3b7-bb73-9876-6f45-65769efc3066, NVIDIA RTX PRO 6000 Blackwell Max-Q Workstation Edition, 2317 MHz, 13365 MHz, 55307 MiB, 100 %, 0x0000000000000400
2026/09/22 11:08:38.294, 5, GPU-f93cb3ac-bea7-0586-9f2c-c0307696716e, NVIDIA RTX PRO 6000 Blackwell Max-Q Workstation Edition, 2310 MHz, 13365 MHz, 55330 MiB, 100 %, 0x0000000000000400
2026/09/22 11:08:38.294, 6, GPU-5a4ea3b7-bb73-9876-6f45-65769efc3066, NVIDIA RTX PRO 6000 Blackwell Max-Q Workstation Edition, 2317 MHz, 13365 MHz, 55307 MiB, 100 %, 0x0000000000000400
2026/09/22 11:08:39.294, 5, GPU-f93cb3ac-bea7-0586-9f2c-c0307696716e, NVIDIA RTX PRO 6000 Blackwell Max-Q Workstation Edition, 2310 MHz, 13365 MHz, 55330 MiB, 100 %, 0x0000000000000400
2026/09/22 11:08:39.294, 6, GPU-5a4ea3b7-bb73-9876-6f45-65769efc3066, NVIDIA RTX PRO 6000 Blackwell Max-Q Workstation Edition, 2317 MHz, 13365 MHz, 55307 MiB, 100 %, 0x0000000000000400
2026/09/22 11:08:40.294, 5, GPU-f93cb3ac-bea7-0586-9f2c-c0307696716e, NVIDIA RTX PRO 6000 Blackwell Max-Q Workstation Edition, 2310 MHz, 13365 MHz, 55330 MiB, 100 %, 0x0000000000000400
2026/09/22 11:08:40.294, 6, GPU-5a4ea3b7-bb73-9876-6f45-65769efc3066, NVIDIA RTX PRO 6000 Blackwell Max-Q Workstation Edition, 2317 MHz, 13365 MHz, 55307 MiB, 100 %, 0x0000000000000400
2026/09/22 11:08:41.294, 5, GPU-f93cb3ac-bea7-0586-9f2c-c0307696716e, NVIDIA RTX PRO 6000 Blackwell Max-Q Workstation Edition, 2310 MHz, 13365 MHz, 55330 MiB, 100 %, 0x0000000000000400
2026/09/22 11:08:41.294, 6, GPU-5a4ea3b7-bb73-9876-6f45-65769efc3066, NVIDIA RTX PRO 6000 Blackwell Max-Q Workstation Edition, 2317 MHz, 13365 MHz, 55307 MiB, 100 %, 0x0000000000000400
2026/09/22 11:08:42.295, 5, GPU-f93cb3ac-bea7-0586-9f2c-c0307696716e, NVIDIA RTX PRO 6000 Blackwell Max-Q Workstation Edition, 2310 MHz, 13365 MHz, 55330 MiB, 100 %, 0x0000000000000400
2026/09/22 11:08:42.295, 6, GPU-5a4ea3b7-bb73-9876-6f45-65769efc3066, NVIDIA RTX PRO 6000 Blackwell Max-Q Workstation Edition, 2325 MHz, 13365 MHz, 55307 MiB, 100 %, 0x0000000000000400
2026/09/22 11:08:43.295, 5, GPU-f93cb3ac-bea7-0586-9f2c-c0307696716e, NVIDIA RTX PRO 6000 Blackwell Max-Q Workstation Edition, 2310 MHz, 13365 MHz, 55330 MiB, 100 %, 0x0000000000000400
2026/09/22 11:08:43.295, 6, GPU-5a4ea3b7-bb73-9876-6f45-65769efc3066, NVIDIA RTX PRO 6000 Blackwell Max-Q Workstation Edition, 2325 MHz, 13365 MHz, 55307 MiB, 100 %, 0x0000000000000400
2026/09/22 11:08:44.295, 5, GPU-f93cb3ac-bea7-0586-9f2c-c0307696716e, NVIDIA RTX PRO 6000 Blackwell Max-Q Workstation Edition, 2310 MHz, 13365 MHz, 55330 MiB, 100 %, 0x0000000000000400
2026/09/22 11:08:44.295, 6, GPU-5a4ea3b7-bb73-9876-6f45-65769efc3066, NVIDIA RTX PRO 6000 Blackwell Max-Q Workstation Edition, 2317 MHz, 13365 MHz, 55307 MiB, 100 %, 0x0000000000000400
2026/09/22 11:08:45.295, 5, GPU-f93cb3ac-bea7-0586-9f2c-c0307696716e, NVIDIA RTX PRO 6000 Blackwell Max-Q Workstation Edition, 2310 MHz, 13365 MHz, 55330 MiB, 100 %, 0x0000000000000400
2026/09/22 11:08:45.295, 6, GPU-5a4ea3b7-bb73-9876-6f45-65769efc3066, NVIDIA RTX PRO 6000 Blackwell Max-Q Workstation Edition, 2325 MHz, 13365 MHz, 55307 MiB, 100 %, 0x0000000000000400
2026/09/22 11:08:46.296, 5, GPU-f93cb3ac-bea7-0586-9f2c-c0307696716e, NVIDIA RTX PRO 6000 Blackwell Max-Q Workstation Edition, 2310 MHz, 13365 MHz, 55330 MiB, 100 %, 0x0000000000000400
2026/09/22 11:08:46.296, 6, GPU-5a4ea3b7-bb73-9876-6f45-65769efc3066, NVIDIA RTX PRO 6000 Blackwell Max-Q Workstation Edition, 2317 MHz, 13365 MHz, 55307 MiB, 100 %, 0x0000000000000400
2026/09/22 11:08:47.296, 5, GPU-f93cb3ac-bea7-0586-9f2c-c0307696716e, NVIDIA RTX PRO 6000 Blackwell Max-Q Workstation Edition, 2310 MHz, 13365 MHz, 55330 MiB, 100 %, 0x0000000000000400
2026/09/22 11:08:47.296, 6, GPU-5a4ea3b7-bb73-9876-6f45-65769efc3066, NVIDIA RTX PRO 6000 Blackwell Max-Q Workstation Edition, 2317 MHz, 13365 MHz, 55307 MiB, 100 %, 0x0000000000000400
2026/09/22 11:08:48.296, 5, GPU-f93cb3ac-bea7-0586-9f2c-c0307696716e, NVIDIA RTX PRO 6000 Blackwell Max-Q Workstation Edition, 2347 MHz, 13365 MHz, 55330 MiB, 0 %, 0x0000000000000400
2026/09/22 11:08:48.296, 6, GPU-5a4ea3b7-bb73-9876-6f45-65769efc3066, NVIDIA RTX PRO 6000 Blackwell Max-Q Workstation Edition, 2347 MHz, 13365 MHz, 55307 MiB, 0 %, 0x0000000000000400
2026/09/22 11:08:49.296, 5, GPU-f93cb3ac-bea7-0586-9f2c-c0307696716e, NVIDIA RTX PRO 6000 Blackwell Max-Q Workstation Edition, 2347 MHz, 13365 MHz, 55330 MiB, 0 %, 0x0000000000000400
2026/09/22 11:08:49.296, 6, GPU-5a4ea3b7-bb73-9876-6f45-65769efc3066, NVIDIA RTX PRO 6000 Blackwell Max-Q Workstation Edition, 2347 MHz, 13365 MHz, 55307 MiB, 0 %, 0x0000000000000400
2026/09/22 11:08:50.297, 5, GPU-f93cb3ac-bea7-0586-9f2c-c0307696716e, NVIDIA RTX PRO 6000 Blackwell Max-Q Workstation Edition, 2310 MHz, 13365 MHz, 55330 MiB, 0 %, 0x0000000000000400
2026/09/22 11:08:50.297, 6, GPU-5a4ea3b7-bb73-9876-6f45-65769efc3066, NVIDIA RTX PRO 6000 Blackwell Max-Q Workstation Edition, 2347 MHz, 13365 MHz, 55307 MiB, 0 %, 0x0000000000000400
2026/09/22 11:08:51.297, 5, GPU-f93cb3ac-bea7-0586-9f2c-c0307696716e, NVIDIA RTX PRO 6000 Blackwell Max-Q Workstation Edition, 2250 MHz, 13365 MHz, 55330 MiB, 100 %, 0x0000000000000400
2026/09/22 11:08:51.300, 6, GPU-5a4ea3b7-bb73-9876-6f45-65769efc3066, NVIDIA RTX PRO 6000 Blackwell Max-Q Workstation Edition, 2265 MHz, 13365 MHz, 55307 MiB, 100 %, 0x0000000000000400
2026/09/22 11:08:52.300, 5, GPU-f93cb3ac-bea7-0586-9f2c-c0307696716e, NVIDIA RTX PRO 6000 Blackwell Max-Q Workstation Edition, 2250 MHz, 13365 MHz, 55330 MiB, 100 %, 0x0000000000000400
2026/09/22 11:08:52.300, 6, GPU-5a4ea3b7-bb73-9876-6f45-65769efc3066, NVIDIA RTX PRO 6000 Blackwell Max-Q Workstation Edition, 2265 MHz, 13365 MHz, 55307 MiB, 100 %, 0x0000000000000400
2026/09/22 11:08:53.300, 5, GPU-f93cb3ac-bea7-0586-9f2c-c0307696716e, NVIDIA RTX PRO 6000 Blackwell Max-Q Workstation Edition, 2257 MHz, 13365 MHz, 55330 MiB, 100 %, 0x0000000000000400
2026/09/22 11:08:53.300, 6, GPU-5a4ea3b7-bb73-9876-6f45-65769efc3066, NVIDIA RTX PRO 6000 Blackwell Max-Q Workstation Edition, 2265 MHz, 13365 MHz, 55307 MiB, 100 %, 0x0000000000000400
2026/09/22 11:08:54.300, 5, GPU-f93cb3ac-bea7-0586-9f2c-c0307696716e, NVIDIA RTX PRO 6000 Blackwell Max-Q Workstation Edition, 2257 MHz, 13365 MHz, 55330 MiB, 100 %, 0x0000000000000400
2026/09/22 11:08:54.300, 6, GPU-5a4ea3b7-bb73-9876-6f45-65769efc3066, NVIDIA RTX PRO 6000 Blackwell Max-Q Workstation Edition, 2265 MHz, 13365 MHz, 55307 MiB, 100 %, 0x0000000000000400
2026/09/22 11:08:55.301, 5, GPU-f93cb3ac-bea7-0586-9f2c-c0307696716e, NVIDIA RTX PRO 6000 Blackwell Max-Q Workstation Edition, 2250 MHz, 13365 MHz, 55330 MiB, 100 %, 0x0000000000000400
2026/09/22 11:08:55.301, 6, GPU-5a4ea3b7-bb73-9876-6f45-65769efc3066, NVIDIA RTX PRO 6000 Blackwell Max-Q Workstation Edition, 2265 MHz, 13365 MHz, 55307 MiB, 100 %, 0x0000000000000400
2026/09/22 11:08:56.301, 5, GPU-f93cb3ac-bea7-0586-9f2c-c0307696716e, NVIDIA RTX PRO 6000 Blackwell Max-Q Workstation Edition, 2257 MHz, 13365 MHz, 55330 MiB, 100 %, 0x0000000000000400
2026/09/22 11:08:56.301, 6, GPU-5a4ea3b7-bb73-9876-6f45-65769efc3066, NVIDIA RTX PRO 6000 Blackwell Max-Q Workstation Edition, 2265 MHz, 13365 MHz, 55307 MiB, 100 %, 0x0000000000000400
2026/09/22 11:08:57.301, 5, GPU-f93cb3ac-bea7-0586-9f2c-c0307696716e, NVIDIA RTX PRO 6000 Blackwell Max-Q Workstation Edition, 2257 MHz, 13365 MHz, 55330 MiB, 100 %, 0x0000000000000400
2026/09/22 11:08:57.301, 6, GPU-5a4ea3b7-bb73-9876-6f45-65769efc3066, NVIDIA RTX PRO 6000 Blackwell Max-Q Workstation Edition, 2265 MHz, 13365 MHz, 55307 MiB, 100 %, 0x0000000000000400
2026/09/22 11:08:58.301, 5, GPU-f93cb3ac-bea7-0586-9f2c-c0307696716e, NVIDIA RTX PRO 6000 Blackwell Max-Q Workstation Edition, 2250 MHz, 13365 MHz, 55330 MiB, 100 %, 0x0000000000000400
2026/09/22 11:08:58.301, 6, GPU-5a4ea3b7-bb73-9876-6f45-65769efc3066, NVIDIA RTX PRO 6000 Blackwell Max-Q Workstation Edition, 2265 MHz, 13365 MHz, 55307 MiB, 100 %, 0x0000000000000400
2026/09/22 11:08:59.302, 5, GPU-f93cb3ac-bea7-0586-9f2c-c0307696716e, NVIDIA RTX PRO 6000 Blackwell Max-Q Workstation Edition, 2250 MHz, 13365 MHz, 55330 MiB, 100 %, 0x0000000000000400
2026/09/22 11:08:59.302, 6, GPU-5a4ea3b7-bb73-9876-6f45-65769efc3066, NVIDIA RTX PRO 6000 Blackwell Max-Q Workstation Edition, 2265 MHz, 13365 MHz, 55307 MiB, 100 %, 0x0000000000000400
2026/09/22 11:09:00.302, 5, GPU-f93cb3ac-bea7-0586-9f2c-c0307696716e, NVIDIA RTX PRO 6000 Blackwell Max-Q Workstation Edition, 2250 MHz, 13365 MHz, 55330 MiB, 100 %, 0x0000000000000400
2026/09/22 11:09:00.302, 6, GPU-5a4ea3b7-bb73-9876-6f45-65769efc3066, NVIDIA RTX PRO 6000 Blackwell Max-Q Workstation Edition, 2257 MHz, 13365 MHz, 55307 MiB, 100 %, 0x0000000000000400
2026/09/22 11:09:01.302, 5, GPU-f93cb3ac-bea7-0586-9f2c-c0307696716e, NVIDIA RTX PRO 6000 Blackwell Max-Q Workstation Edition, 2250 MHz, 13365 MHz, 55330 MiB, 100 %, 0x0000000000000400
2026/09/22 11:09:01.302, 6, GPU-5a4ea3b7-bb73-9876-6f45-65769efc3066, NVIDIA RTX PRO 6000 Blackwell Max-Q Workstation Edition, 2265 MHz, 13365 MHz, 55307 MiB, 100 %, 0x0000000000000400
2026/09/22 11:09:02.302, 5, GPU-f93cb3ac-bea7-0586-9f2c-c0307696716e, NVIDIA RTX PRO 6000 Blackwell Max-Q Workstation Edition, 2257 MHz, 13365 MHz, 55330 MiB, 100 %, 0x0000000000000400
2026/09/22 11:09:02.303, 6, GPU-5a4ea3b7-bb73-9876-6f45-65769efc3066, NVIDIA RTX PRO 6000 Blackwell Max-Q Workstation Edition, 2265 MHz, 13365 MHz, 55307 MiB, 100 %, 0x0000000000000400
2026/09/22 11:09:03.303, 5, GPU-f93cb3ac-bea7-0586-9f2c-c0307696716e, NVIDIA RTX PRO 6000 Blackwell Max-Q Workstation Edition, 2250 MHz, 13365 MHz, 55330 MiB, 100 %, 0x0000000000000400
2026/09/22 11:09:03.303, 6, GPU-5a4ea3b7-bb73-9876-6f45-65769efc3066, NVIDIA RTX PRO 6000 Blackwell Max-Q Workstation Edition, 2265 MHz, 13365 MHz, 55307 MiB, 100 %, 0x0000000000000400
2026/09/22 11:09:04.303, 5, GPU-f93cb3ac-bea7-0586-9f2c-c0307696716e, NVIDIA RTX PRO 6000 Blackwell Max-Q Workstation Edition, 2250 MHz, 13365 MHz, 55330 MiB, 100 %, 0x0000000000000400
2026/09/22 11:09:04.303, 6, GPU-5a4ea3b7-bb73-9876-6f45-65769efc3066, NVIDIA RTX PRO 6000 Blackwell Max-Q Workstation Edition, 2265 MHz, 13365 MHz, 55307 MiB, 100 %, 0x0000000000000400
2026/09/22 11:09:05.303, 5, GPU-f93cb3ac-bea7-0586-9f2c-c0307696716e, NVIDIA RTX PRO 6000 Blackwell Max-Q Workstation Edition, 2250 MHz, 13365 MHz, 55330 MiB, 100 %, 0x0000000000000400
2026/09/22 11:09:05.303, 6, GPU-5a4ea3b7-bb73-9876-6f45-65769efc3066, NVIDIA RTX PRO 6000 Blackwell Max-Q Workstation Edition, 2265 MHz, 13365 MHz, 55307 MiB, 100 %, 0x0000000000000400
2026/09/22 11:09:06.304, 5, GPU-f93cb3ac-bea7-0586-9f2c-c0307696716e, NVIDIA RTX PRO 6000 Blackwell Max-Q Workstation Edition, 2257 MHz, 13365 MHz, 55330 MiB, 100 %, 0x0000000000000400
2026/09/22 11:09:06.304, 6, GPU-5a4ea3b7-bb73-9876-6f45-65769efc3066, NVIDIA RTX PRO 6000 Blackwell Max-Q Workstation Edition, 2265 MHz, 13365 MHz, 55307 MiB, 100 %, 0x0000000000000400
2026/09/22 11:09:07.304, 5, GPU-f93cb3ac-bea7-0586-9f2c-c0307696716e, NVIDIA RTX PRO 6000 Blackwell Max-Q Workstation Edition, 2250 MHz, 13365 MHz, 55330 MiB, 100 %, 0x0000000000000400
2026/09/22 11:09:07.304, 6, GPU-5a4ea3b7-bb73-9876-6f45-65769efc3066, NVIDIA RTX PRO 6000 Blackwell Max-Q Workstation Edition, 2265 MHz, 13365 MHz, 55307 MiB, 100 %, 0x0000000000000400
2026/09/22 11:09:08.304, 5, GPU-f93cb3ac-bea7-0586-9f2c-c0307696716e, NVIDIA RTX PRO 6000 Blackwell Max-Q Workstation Edition, 2250 MHz, 13365 MHz, 55330 MiB, 100 %, 0x0000000000000400
2026/09/22 11:09:08.304, 6, GPU-5a4ea3b7-bb73-9876-6f45-65769efc3066, NVIDIA RTX PRO 6000 Blackwell Max-Q Workstation Edition, 2265 MHz, 13365 MHz, 55307 MiB, 100 %, 0x0000000000000400
2026/09/22 11:09:09.304, 5, GPU-f93cb3ac-bea7-0586-9f2c-c0307696716e, NVIDIA RTX PRO 6000 Blackwell Max-Q Workstation Edition, 2250 MHz, 13365 MHz, 55330 MiB, 100 %, 0x0000000000000400
2026/09/22 11:09:09.305, 6, GPU-5a4ea3b7-bb73-9876-6f45-65769efc3066, NVIDIA RTX PRO 6000 Blackwell Max-Q Workstation Edition, 2265 MHz, 13365 MHz, 55307 MiB, 100 %, 0x0000000000000400
2026/09/22 11:09:10.305, 5, GPU-f93cb3ac-bea7-0586-9f2c-c0307696716e, NVIDIA RTX PRO 6000 Blackwell Max-Q Workstation Edition, 2250 MHz, 13365 MHz, 55330 MiB, 100 %, 0x0000000000000400
2026/09/22 11:09:10.305, 6, GPU-5a4ea3b7-bb73-9876-6f45-65769efc3066, NVIDIA RTX PRO 6000 Blackwell Max-Q Workstation Edition, 2265 MHz, 13365 MHz, 55307 MiB, 100 %, 0x0000000000000400
2026/09/22 11:09:11.305, 5, GPU-f93cb3ac-bea7-0586-9f2c-c0307696716e, NVIDIA RTX PRO 6000 Blackwell Max-Q Workstation Edition, 2257 MHz, 13365 MHz, 55330 MiB, 100 %, 0x0000000000000400
2026/09/22 11:09:11.305, 6, GPU-5a4ea3b7-bb73-9876-6f45-65769efc3066, NVIDIA RTX PRO 6000 Blackwell Max-Q Workstation Edition, 2265 MHz, 13365 MHz, 55307 MiB, 100 %, 0x0000000000000400
2026/09/22 11:09:12.305, 5, GPU-f93cb3ac-bea7-0586-9f2c-c0307696716e, NVIDIA RTX PRO 6000 Blackwell Max-Q Workstation Edition, 2250 MHz, 13365 MHz, 55330 MiB, 100 %, 0x0000000000000400
2026/09/22 11:09:12.317, 6, GPU-5a4ea3b7-bb73-9876-6f45-65769efc3066, NVIDIA RTX PRO 6000 Blackwell Max-Q Workstation Edition, 2265 MHz, 13365 MHz, 55307 MiB, 100 %, 0x0000000000000400
2026/09/22 11:09:13.326, 5, GPU-f93cb3ac-bea7-0586-9f2c-c0307696716e, NVIDIA RTX PRO 6000 Blackwell Max-Q Workstation Edition, 2250 MHz, 13365 MHz, 55330 MiB, 100 %, 0x0000000000000400
2026/09/22 11:09:13.327, 6, GPU-5a4ea3b7-bb73-9876-6f45-65769efc3066, NVIDIA RTX PRO 6000 Blackwell Max-Q Workstation Edition, 2265 MHz, 13365 MHz, 55307 MiB, 100 %, 0x0000000000000400
2026/09/22 11:09:14.327, 5, GPU-f93cb3ac-bea7-0586-9f2c-c0307696716e, NVIDIA RTX PRO 6000 Blackwell Max-Q Workstation Edition, 2250 MHz, 13365 MHz, 55330 MiB, 100 %, 0x0000000000000400
2026/09/22 11:09:14.327, 6, GPU-5a4ea3b7-bb73-9876-6f45-65769efc3066, NVIDIA RTX PRO 6000 Blackwell Max-Q Workstation Edition, 2265 MHz, 13365 MHz, 55307 MiB, 100 %, 0x0000000000000400
2026/09/22 11:09:15.327, 5, GPU-f93cb3ac-bea7-0586-9f2c-c0307696716e, NVIDIA RTX PRO 6000 Blackwell Max-Q Workstation Edition, 2250 MHz, 13365 MHz, 55330 MiB, 100 %, 0x0000000000000400
2026/09/22 11:09:15.327, 6, GPU-5a4ea3b7-bb73-9876-6f45-65769efc3066, NVIDIA RTX PRO 6000 Blackwell Max-Q Workstation Edition, 2257 MHz, 13365 MHz, 55307 MiB, 100 %, 0x0000000000000400
2026/09/22 11:09:16.327, 5, GPU-f93cb3ac-bea7-0586-9f2c-c0307696716e, NVIDIA RTX PRO 6000 Blackwell Max-Q Workstation Edition, 2250 MHz, 13365 MHz, 55330 MiB, 100 %, 0x0000000000000400
2026/09/22 11:09:16.327, 6, GPU-5a4ea3b7-bb73-9876-6f45-65769efc3066, NVIDIA RTX PRO 6000 Blackwell Max-Q Workstation Edition, 2265 MHz, 13365 MHz, 55307 MiB, 100 %, 0x0000000000000400
2026/09/22 11:09:17.327, 5, GPU-f93cb3ac-bea7-0586-9f2c-c0307696716e, NVIDIA RTX PRO 6000 Blackwell Max-Q Workstation Edition, 2250 MHz, 13365 MHz, 55330 MiB, 100 %, 0x0000000000000400
2026/09/22 11:09:17.328, 6, GPU-5a4ea3b7-bb73-9876-6f45-65769efc3066, NVIDIA RTX PRO 6000 Blackwell Max-Q Workstation Edition, 2265 MHz, 13365 MHz, 55307 MiB, 100 %, 0x0000000000000400
2026/09/22 11:09:18.328, 5, GPU-f93cb3ac-bea7-0586-9f2c-c0307696716e, NVIDIA RTX PRO 6000 Blackwell Max-Q Workstation Edition, 2250 MHz, 13365 MHz, 55330 MiB, 100 %, 0x0000000000000400
2026/09/22 11:09:18.328, 6, GPU-5a4ea3b7-bb73-9876-6f45-65769efc3066, NVIDIA RTX PRO 6000 Blackwell Max-Q Workstation Edition, 2257 MHz, 13365 MHz, 55307 MiB, 100 %, 0x0000000000000400
2026/09/22 11:09:19.328, 5, GPU-f93cb3ac-bea7-0586-9f2c-c0307696716e, NVIDIA RTX PRO 6000 Blackwell Max-Q Workstation Edition, 2250 MHz, 13365 MHz, 55330 MiB, 100 %, 0x0000000000000400
2026/09/22 11:09:19.328, 6, GPU-5a4ea3b7-bb73-9876-6f45-65769efc3066, NVIDIA RTX PRO 6000 Blackwell Max-Q Workstation Edition, 2257 MHz, 13365 MHz, 55307 MiB, 100 %, 0x0000000000000400
2026/09/22 11:09:20.328, 5, GPU-f93cb3ac-bea7-0586-9f2c-c0307696716e, NVIDIA RTX PRO 6000 Blackwell Max-Q Workstation Edition, 2250 MHz, 13365 MHz, 55330 MiB, 100 %, 0x0000000000000400
2026/09/22 11:09:20.328, 6, GPU-5a4ea3b7-bb73-9876-6f45-65769efc3066, NVIDIA RTX PRO 6000 Blackwell Max-Q Workstation Edition, 2265 MHz, 13365 MHz, 55307 MiB, 100 %, 0x0000000000000400
2026/09/22 11:09:21.328, 5, GPU-f93cb3ac-bea7-0586-9f2c-c0307696716e, NVIDIA RTX PRO 6000 Blackwell Max-Q Workstation Edition, 2250 MHz, 13365 MHz, 55330 MiB, 100 %, 0x0000000000000400
2026/09/22 11:09:21.329, 6, GPU-5a4ea3b7-bb73-9876-6f45-65769efc3066, NVIDIA RTX PRO 6000 Blackwell Max-Q Workstation Edition, 2257 MHz, 13365 MHz, 55307 MiB, 100 %, 0x0000000000000400
2026/09/22 11:09:22.329, 5, GPU-f93cb3ac-bea7-0586-9f2c-c0307696716e, NVIDIA RTX PRO 6000 Blackwell Max-Q Workstation Edition, 2250 MHz, 13365 MHz, 55330 MiB, 100 %, 0x0000000000000400
2026/09/22 11:09:22.329, 6, GPU-5a4ea3b7-bb73-9876-6f45-65769efc3066, NVIDIA RTX PRO 6000 Blackwell Max-Q Workstation Edition, 2257 MHz, 13365 MHz, 55307 MiB, 100 %, 0x0000000000000400
2026/09/22 11:09:23.329, 5, GPU-f93cb3ac-bea7-0586-9f2c-c0307696716e, NVIDIA RTX PRO 6000 Blackwell Max-Q Workstation Edition, 2250 MHz, 13365 MHz, 55330 MiB, 100 %, 0x0000000000000400
2026/09/22 11:09:23.329, 6, GPU-5a4ea3b7-bb73-9876-6f45-65769efc3066, NVIDIA RTX PRO 6000 Blackwell Max-Q Workstation Edition, 2257 MHz, 13365 MHz, 55307 MiB, 100 %, 0x0000000000000400
2026/09/22 11:09:24.329, 5, GPU-f93cb3ac-bea7-0586-9f2c-c0307696716e, NVIDIA RTX PRO 6000 Blackwell Max-Q Workstation Edition, 2250 MHz, 13365 MHz, 55330 MiB, 100 %, 0x0000000000000400
2026/09/22 11:09:24.329, 6, GPU-5a4ea3b7-bb73-9876-6f45-65769efc3066, NVIDIA RTX PRO 6000 Blackwell Max-Q Workstation Edition, 2257 MHz, 13365 MHz, 55307 MiB, 100 %, 0x0000000000000400
2026/09/22 11:09:25.329, 5, GPU-f93cb3ac-bea7-0586-9f2c-c0307696716e, NVIDIA RTX PRO 6000 Blackwell Max-Q Workstation Edition, 2250 MHz, 13365 MHz, 55330 MiB, 100 %, 0x0000000000000400
2026/09/22 11:09:25.329, 6, GPU-5a4ea3b7-bb73-9876-6f45-65769efc3066, NVIDIA RTX PRO 6000 Blackwell Max-Q Workstation Edition, 2265 MHz, 13365 MHz, 55307 MiB, 100 %, 0x0000000000000400
2026/09/22 11:09:26.330, 5, GPU-f93cb3ac-bea7-0586-9f2c-c0307696716e, NVIDIA RTX PRO 6000 Blackwell Max-Q Workstation Edition, 2347 MHz, 13365 MHz, 55330 MiB, 0 %, 0x0000000000000400
2026/09/22 11:09:26.330, 6, GPU-5a4ea3b7-bb73-9876-6f45-65769efc3066, NVIDIA RTX PRO 6000 Blackwell Max-Q Workstation Edition, 2302 MHz, 13365 MHz, 55307 MiB, 0 %, 0x0000000000000400
2026/09/22 11:09:27.330, 5, GPU-f93cb3ac-bea7-0586-9f2c-c0307696716e, NVIDIA RTX PRO 6000 Blackwell Max-Q Workstation Edition, 2347 MHz, 13365 MHz, 55330 MiB, 0 %, 0x0000000000000400
2026/09/22 11:09:27.330, 6, GPU-5a4ea3b7-bb73-9876-6f45-65769efc3066, NVIDIA RTX PRO 6000 Blackwell Max-Q Workstation Edition, 2355 MHz, 13365 MHz, 55307 MiB, 0 %, 0x0000000000000400
2026/09/22 11:09:28.330, 5, GPU-f93cb3ac-bea7-0586-9f2c-c0307696716e, NVIDIA RTX PRO 6000 Blackwell Max-Q Workstation Edition, 2347 MHz, 13365 MHz, 55330 MiB, 0 %, 0x0000000000000400
2026/09/22 11:09:28.330, 6, GPU-5a4ea3b7-bb73-9876-6f45-65769efc3066, NVIDIA RTX PRO 6000 Blackwell Max-Q Workstation Edition, 2332 MHz, 13365 MHz, 55307 MiB, 0 %, 0x0000000000000400
