timestamp, index, uuid, name, clocks.current.sm [MHz], clocks.current.memory [MHz], memory.used [MiB], utilization.gpu [%], clocks_event_reasons.active
2026/09/22 10:50:30.613, 5, GPU-f93cb3ac-bea7-0586-9f2c-c0307696716e, NVIDIA RTX PRO 6000 Blackwell Max-Q Workstation Edition, 180 MHz, 405 MHz, 54564 MiB, 0 %, 0x0000000000000400
2026/09/22 10:50:30.644, 6, GPU-5a4ea3b7-bb73-9876-6f45-65769efc3066, NVIDIA RTX PRO 6000 Blackwell Max-Q Workstation Edition, 180 MHz, 405 MHz, 54519 MiB, 0 %, 0x0000000000000400
2026/09/22 10:50:31.670, 5, GPU-f93cb3ac-bea7-0586-9f2c-c0307696716e, NVIDIA RTX PRO 6000 Blackwell Max-Q Workstation Edition, 180 MHz, 405 MHz, 54564 MiB, 0 %, 0x0000000000000400
2026/09/22 10:50:31.670, 6, GPU-5a4ea3b7-bb73-9876-6f45-65769efc3066, NVIDIA RTX PRO 6000 Blackwell Max-Q Workstation Edition, 180 MHz, 405 MHz, 54519 MiB, 0 %, 0x0000000000000400
2026/09/22 10:50:32.670, 5, GPU-f93cb3ac-bea7-0586-9f2c-c0307696716e, NVIDIA RTX PRO 6000 Blackwell Max-Q Workstation Edition, 180 MHz, 405 MHz, 54564 MiB, 0 %, 0x0000000000000400
2026/09/22 10:50:32.670, 6, GPU-5a4ea3b7-bb73-9876-6f45-65769efc3066, NVIDIA RTX PRO 6000 Blackwell Max-Q Workstation Edition, 180 MHz, 405 MHz, 54519 MiB, 0 %, 0x0000000000000400
2026/09/22 10:50:33.670, 5, GPU-f93cb3ac-bea7-0586-9f2c-c0307696716e, NVIDIA RTX PRO 6000 Blackwell Max-Q Workstation Edition, 180 MHz, 405 MHz, 54564 MiB, 0 %, 0x0000000000000400
2026/09/22 10:50:33.670, 6, GPU-5a4ea3b7-bb73-9876-6f45-65769efc3066, NVIDIA RTX PRO 6000 Blackwell Max-Q Workstation Edition, 180 MHz, 405 MHz, 54519 MiB, 0 %, 0x0000000000000400
2026/09/22 10:50:34.671, 5, GPU-f93cb3ac-bea7-0586-9f2c-c0307696716e, NVIDIA RTX PRO 6000 Blackwell Max-Q Workstation Edition, 180 MHz, 13365 MHz, 54564 MiB, 47 %, 0x0000000000000400
2026/09/22 10:50:34.671, 6, GPU-5a4ea3b7-bb73-9876-6f45-65769efc3066, NVIDIA RTX PRO 6000 Blackwell Max-Q Workstation Edition, 420 MHz, 13365 MHz, 54519 MiB, 0 %, 0x0000000000000400
2026/09/22 10:50:35.671, 5, GPU-f93cb3ac-bea7-0586-9f2c-c0307696716e, NVIDIA RTX PRO 6000 Blackwell Max-Q Workstation Edition, 2302 MHz, 13365 MHz, 54564 MiB, 100 %, 0x0000000000000400
2026/09/22 10:50:35.671, 6, GPU-5a4ea3b7-bb73-9876-6f45-65769efc3066, NVIDIA RTX PRO 6000 Blackwell Max-Q Workstation Edition, 2295 MHz, 13365 MHz, 54519 MiB, 100 %, 0x0000000000000400
2026/09/22 10:50:36.671, 5, GPU-f93cb3ac-bea7-0586-9f2c-c0307696716e, NVIDIA RTX PRO 6000 Blackwell Max-Q Workstation Edition, 2302 MHz, 13365 MHz, 54564 MiB, 100 %, 0x0000000000000400
2026/09/22 10:50:36.671, 6, GPU-5a4ea3b7-bb73-9876-6f45-65769efc3066, NVIDIA RTX PRO 6000 Blackwell Max-Q Workstation Edition, 2302 MHz, 13365 MHz, 54519 MiB, 100 %, 0x0000000000000400
2026/09/22 10:50:37.671, 5, GPU-f93cb3ac-bea7-0586-9f2c-c0307696716e, NVIDIA RTX PRO 6000 Blackwell Max-Q Workstation Edition, 2302 MHz, 13365 MHz, 54564 MiB, 100 %, 0x0000000000000400
2026/09/22 10:50:37.671, 6, GPU-5a4ea3b7-bb73-9876-6f45-65769efc3066, NVIDIA RTX PRO 6000 Blackwell Max-Q Workstation Edition, 2302 MHz, 13365 MHz, 54519 MiB, 100 %, 0x0000000000000400
2026/09/22 10:50:38.671, 5, GPU-f93cb3ac-bea7-0586-9f2c-c0307696716e, NVIDIA RTX PRO 6000 Blackwell Max-Q Workstation Edition, 2302 MHz, 13365 MHz, 54564 MiB, 100 %, 0x0000000000000400
2026/09/22 10:50:38.672, 6, GPU-5a4ea3b7-bb73-9876-6f45-65769efc3066, NVIDIA RTX PRO 6000 Blackwell Max-Q Workstation Edition, 2302 MHz, 13365 MHz, 54519 MiB, 100 %, 0x0000000000000400
2026/09/22 10:50:39.672, 5, GPU-f93cb3ac-bea7-0586-9f2c-c0307696716e, NVIDIA RTX PRO 6000 Blackwell Max-Q Workstation Edition, 2310 MHz, 13365 MHz, 54564 MiB, 100 %, 0x0000000000000400
2026/09/22 10:50:39.672, 6, GPU-5a4ea3b7-bb73-9876-6f45-65769efc3066, NVIDIA RTX PRO 6000 Blackwell Max-Q Workstation Edition, 2302 MHz, 13365 MHz, 54519 MiB, 100 %, 0x0000000000000400
2026/09/22 10:50:40.672, 5, GPU-f93cb3ac-bea7-0586-9f2c-c0307696716e, NVIDIA RTX PRO 6000 Blackwell Max-Q Workstation Edition, 2302 MHz, 13365 MHz, 54564 MiB, 100 %, 0x0000000000000400
2026/09/22 10:50:40.672, 6, GPU-5a4ea3b7-bb73-9876-6f45-65769efc3066, NVIDIA RTX PRO 6000 Blackwell Max-Q Workstation Edition, 2302 MHz, 13365 MHz, 54519 MiB, 100 %, 0x0000000000000400
2026/09/22 10:50:41.672, 5, GPU-f93cb3ac-bea7-0586-9f2c-c0307696716e, NVIDIA RTX PRO 6000 Blackwell Max-Q Workstation Edition, 2302 MHz, 13365 MHz, 54564 MiB, 100 %, 0x0000000000000400
2026/09/22 10:50:41.673, 6, GPU-5a4ea3b7-bb73-9876-6f45-65769efc3066, NVIDIA RTX PRO 6000 Blackwell Max-Q Workstation Edition, 2310 MHz, 13365 MHz, 54519 MiB, 100 %, 0x0000000000000400
2026/09/22 10:50:42.673, 5, GPU-f93cb3ac-bea7-0586-9f2c-c0307696716e, NVIDIA RTX PRO 6000 Blackwell Max-Q Workstation Edition, 2310 MHz, 13365 MHz, 54564 MiB, 100 %, 0x0000000000000400
2026/09/22 10:50:42.673, 6, GPU-5a4ea3b7-bb73-9876-6f45-65769efc3066, NVIDIA RTX PRO 6000 Blackwell Max-Q Workstation Edition, 2310 MHz, 13365 MHz, 54519 MiB, 100 %, 0x0000000000000400
2026/09/22 10:50:43.673, 5, GPU-f93cb3ac-bea7-0586-9f2c-c0307696716e, NVIDIA RTX PRO 6000 Blackwell Max-Q Workstation Edition, 2310 MHz, 13365 MHz, 54564 MiB, 100 %, 0x0000000000000400
2026/09/22 10:50:43.673, 6, GPU-5a4ea3b7-bb73-9876-6f45-65769efc3066, NVIDIA RTX PRO 6000 Blackwell Max-Q Workstation Edition, 2310 MHz, 13365 MHz, 54519 MiB, 100 %, 0x0000000000000400
2026/09/22 10:50:44.673, 5, GPU-f93cb3ac-bea7-0586-9f2c-c0307696716e, NVIDIA RTX PRO 6000 Blackwell Max-Q Workstation Edition, 2310 MHz, 13365 MHz, 54564 MiB, 100 %, 0x0000000000000400
2026/09/22 10:50:44.673, 6, GPU-5a4ea3b7-bb73-9876-6f45-65769efc3066, NVIDIA RTX PRO 6000 Blackwell Max-Q Workstation Edition, 2310 MHz, 13365 MHz, 54519 MiB, 100 %, 0x0000000000000400
2026/09/22 10:50:45.673, 5, GPU-f93cb3ac-bea7-0586-9f2c-c0307696716e, NVIDIA RTX PRO 6000 Blackwell Max-Q Workstation Edition, 2310 MHz, 13365 MHz, 54564 MiB, 100 %, 0x0000000000000400
2026/09/22 10:50:45.674, 6, GPU-5a4ea3b7-bb73-9876-6f45-65769efc3066, NVIDIA RTX PRO 6000 Blackwell Max-Q Workstation Edition, 2310 MHz, 13365 MHz, 54519 MiB, 100 %, 0x0000000000000400
2026/09/22 10:50:46.674, 5, GPU-f93cb3ac-bea7-0586-9f2c-c0307696716e, NVIDIA RTX PRO 6000 Blackwell Max-Q Workstation Edition, 2310 MHz, 13365 MHz, 54564 MiB, 100 %, 0x0000000000000400
2026/09/22 10:50:46.674, 6, GPU-5a4ea3b7-bb73-9876-6f45-65769efc3066, NVIDIA RTX PRO 6000 Blackwell Max-Q Workstation Edition, 2310 MHz, 13365 MHz, 54519 MiB, 100 %, 0x0000000000000400
2026/09/22 10:50:47.674, 5, GPU-f93cb3ac-bea7-0586-9f2c-c0307696716e, NVIDIA RTX PRO 6000 Blackwell Max-Q Workstation Edition, 2310 MHz, 13365 MHz, 54564 MiB, 100 %, 0x0000000000000400
2026/09/22 10:50:47.674, 6, GPU-5a4ea3b7-bb73-9876-6f45-65769efc3066, NVIDIA RTX PRO 6000 Blackwell Max-Q Workstation Edition, 2310 MHz, 13365 MHz, 54519 MiB, 100 %, 0x0000000000000400
2026/09/22 10:50:48.674, 5, GPU-f93cb3ac-bea7-0586-9f2c-c0307696716e, NVIDIA RTX PRO 6000 Blackwell Max-Q Workstation Edition, 2310 MHz, 13365 MHz, 54564 MiB, 100 %, 0x0000000000000400
2026/09/22 10:50:48.674, 6, GPU-5a4ea3b7-bb73-9876-6f45-65769efc3066, NVIDIA RTX PRO 6000 Blackwell Max-Q Workstation Edition, 2310 MHz, 13365 MHz, 54519 MiB, 100 %, 0x0000000000000400
2026/09/22 10:50:49.674, 5, GPU-f93cb3ac-bea7-0586-9f2c-c0307696716e, NVIDIA RTX PRO 6000 Blackwell Max-Q Workstation Edition, 2310 MHz, 13365 MHz, 54564 MiB, 100 %, 0x0000000000000400
2026/09/22 10:50:49.675, 6, GPU-5a4ea3b7-bb73-9876-6f45-65769efc3066, NVIDIA RTX PRO 6000 Blackwell Max-Q Workstation Edition, 2310 MHz, 13365 MHz, 54519 MiB, 100 %, 0x0000000000000400
2026/09/22 10:50:50.675, 5, GPU-f93cb3ac-bea7-0586-9f2c-c0307696716e, NVIDIA RTX PRO 6000 Blackwell Max-Q Workstation Edition, 2332 MHz, 13365 MHz, 54564 MiB, 0 %, 0x0000000000000400
2026/09/22 10:50:50.675, 6, GPU-5a4ea3b7-bb73-9876-6f45-65769efc3066, NVIDIA RTX PRO 6000 Blackwell Max-Q Workstation Edition, 2332 MHz, 13365 MHz, 54519 MiB, 0 %, 0x0000000000000400
2026/09/22 10:50:51.675, 5, GPU-f93cb3ac-bea7-0586-9f2c-c0307696716e, NVIDIA RTX PRO 6000 Blackwell Max-Q Workstation Edition, 2340 MHz, 13365 MHz, 54564 MiB, 0 %, 0x0000000000000400
2026/09/22 10:50:51.675, 6, GPU-5a4ea3b7-bb73-9876-6f45-65769efc3066, NVIDIA RTX PRO 6000 Blackwell Max-Q Workstation Edition, 2340 MHz, 13365 MHz, 54519 MiB, 0 %, 0x0000000000000400
2026/09/22 10:50:52.675, 5, GPU-f93cb3ac-bea7-0586-9f2c-c0307696716e, NVIDIA RTX PRO 6000 Blackwell Max-Q Workstation Edition, 2317 MHz, 13365 MHz, 54564 MiB, 0 %, 0x0000000000000400
2026/09/22 10:50:52.676, 6, GPU-5a4ea3b7-bb73-9876-6f45-65769efc3066, NVIDIA RTX PRO 6000 Blackwell Max-Q Workstation Edition, 2287 MHz, 13365 MHz, 54519 MiB, 0 %, 0x0000000000000400
2026/09/22 10:50:53.676, 5, GPU-f93cb3ac-bea7-0586-9f2c-c0307696716e, NVIDIA RTX PRO 6000 Blackwell Max-Q Workstation Edition, 2310 MHz, 13365 MHz, 54644 MiB, 100 %, 0x0000000000000400
2026/09/22 10:50:53.676, 6, GPU-5a4ea3b7-bb73-9876-6f45-65769efc3066, NVIDIA RTX PRO 6000 Blackwell Max-Q Workstation Edition, 2310 MHz, 13365 MHz, 54599 MiB, 100 %, 0x0000000000000400
2026/09/22 10:50:54.676, 5, GPU-f93cb3ac-bea7-0586-9f2c-c0307696716e, NVIDIA RTX PRO 6000 Blackwell Max-Q Workstation Edition, 2310 MHz, 13365 MHz, 54644 MiB, 100 %, 0x0000000000000400
2026/09/22 10:50:54.676, 6, GPU-5a4ea3b7-bb73-9876-6f45-65769efc3066, NVIDIA RTX PRO 6000 Blackwell Max-Q Workstation Edition, 2310 MHz, 13365 MHz, 54599 MiB, 100 %, 0x0000000000000400
2026/09/22 10:50:55.676, 5, GPU-f93cb3ac-bea7-0586-9f2c-c0307696716e, NVIDIA RTX PRO 6000 Blackwell Max-Q Workstation Edition, 2310 MHz, 13365 MHz, 54644 MiB, 100 %, 0x0000000000000400
2026/09/22 10:50:55.676, 6, GPU-5a4ea3b7-bb73-9876-6f45-65769efc3066, NVIDIA RTX PRO 6000 Blackwell Max-Q Workstation Edition, 2310 MHz, 13365 MHz, 54599 MiB, 100 %, 0x0000000000000400
2026/09/22 10:50:56.676, 5, GPU-f93cb3ac-bea7-0586-9f2c-c0307696716e, NVIDIA RTX PRO 6000 Blackwell Max-Q Workstation Edition, 2302 MHz, 13365 MHz, 54644 MiB, 100 %, 0x0000000000000400
2026/09/22 10:50:56.677, 6, GPU-5a4ea3b7-bb73-9876-6f45-65769efc3066, NVIDIA RTX PRO 6000 Blackwell Max-Q Workstation Edition, 2310 MHz, 13365 MHz, 54599 MiB, 100 %, 0x0000000000000400
2026/09/22 10:50:57.677, 5, GPU-f93cb3ac-bea7-0586-9f2c-c0307696716e, NVIDIA RTX PRO 6000 Blackwell Max-Q Workstation Edition, 2310 MHz, 13365 MHz, 54644 MiB, 100 %, 0x0000000000000400
2026/09/22 10:50:57.677, 6, GPU-5a4ea3b7-bb73-9876-6f45-65769efc3066, NVIDIA RTX PRO 6000 Blackwell Max-Q Workstation Edition, 2310 MHz, 13365 MHz, 54599 MiB, 100 %, 0x0000000000000400
2026/09/22 10:50:58.677, 5, GPU-f93cb3ac-bea7-0586-9f2c-c0307696716e, NVIDIA RTX PRO 6000 Blackwell Max-Q Workstation Edition, 2310 MHz, 13365 MHz, 54644 MiB, 100 %, 0x0000000000000400
2026/09/22 10:50:58.677, 6, GPU-5a4ea3b7-bb73-9876-6f45-65769efc3066, NVIDIA RTX PRO 6000 Blackwell Max-Q Workstation Edition, 2310 MHz, 13365 MHz, 54599 MiB, 100 %, 0x0000000000000400
2026/09/22 10:50:59.677, 5, GPU-f93cb3ac-bea7-0586-9f2c-c0307696716e, NVIDIA RTX PRO 6000 Blackwell Max-Q Workstation Edition, 2310 MHz, 13365 MHz, 54644 MiB, 100 %, 0x0000000000000400
2026/09/22 10:50:59.677, 6, GPU-5a4ea3b7-bb73-9876-6f45-65769efc3066, NVIDIA RTX PRO 6000 Blackwell Max-Q Workstation Edition, 2310 MHz, 13365 MHz, 54599 MiB, 100 %, 0x0000000000000400
2026/09/22 10:51:00.678, 5, GPU-f93cb3ac-bea7-0586-9f2c-c0307696716e, NVIDIA RTX PRO 6000 Blackwell Max-Q Workstation Edition, 2310 MHz, 13365 MHz, 54644 MiB, 100 %, 0x0000000000000400
2026/09/22 10:51:00.678, 6, GPU-5a4ea3b7-bb73-9876-6f45-65769efc3066, NVIDIA RTX PRO 6000 Blackwell Max-Q Workstation Edition, 2317 MHz, 13365 MHz, 54599 MiB, 100 %, 0x0000000000000400
2026/09/22 10:51:01.678, 5, GPU-f93cb3ac-bea7-0586-9f2c-c0307696716e, NVIDIA RTX PRO 6000 Blackwell Max-Q Workstation Edition, 2310 MHz, 13365 MHz, 54644 MiB, 100 %, 0x0000000000000400
2026/09/22 10:51:01.678, 6, GPU-5a4ea3b7-bb73-9876-6f45-65769efc3066, NVIDIA RTX PRO 6000 Blackwell Max-Q Workstation Edition, 2310 MHz, 13365 MHz, 54599 MiB, 100 %, 0x0000000000000400
2026/09/22 10:51:02.678, 5, GPU-f93cb3ac-bea7-0586-9f2c-c0307696716e, NVIDIA RTX PRO 6000 Blackwell Max-Q Workstation Edition, 2310 MHz, 13365 MHz, 54644 MiB, 100 %, 0x0000000000000400
2026/09/22 10:51:02.678, 6, GPU-5a4ea3b7-bb73-9876-6f45-65769efc3066, NVIDIA RTX PRO 6000 Blackwell Max-Q Workstation Edition, 2317 MHz, 13365 MHz, 54599 MiB, 100 %, 0x0000000000000400
2026/09/22 10:51:03.679, 5, GPU-f93cb3ac-bea7-0586-9f2c-c0307696716e, NVIDIA RTX PRO 6000 Blackwell Max-Q Workstation Edition, 2310 MHz, 13365 MHz, 54644 MiB, 100 %, 0x0000000000000400
2026/09/22 10:51:03.679, 6, GPU-5a4ea3b7-bb73-9876-6f45-65769efc3066, NVIDIA RTX PRO 6000 Blackwell Max-Q Workstation Edition, 2317 MHz, 13365 MHz, 54599 MiB, 100 %, 0x0000000000000400
2026/09/22 10:51:04.679, 5, GPU-f93cb3ac-bea7-0586-9f2c-c0307696716e, NVIDIA RTX PRO 6000 Blackwell Max-Q Workstation Edition, 2310 MHz, 13365 MHz, 54644 MiB, 100 %, 0x0000000000000400
2026/09/22 10:51:04.679, 6, GPU-5a4ea3b7-bb73-9876-6f45-65769efc3066, NVIDIA RTX PRO 6000 Blackwell Max-Q Workstation Edition, 2317 MHz, 13365 MHz, 54599 MiB, 100 %, 0x0000000000000400
2026/09/22 10:51:05.679, 5, GPU-f93cb3ac-bea7-0586-9f2c-c0307696716e, NVIDIA RTX PRO 6000 Blackwell Max-Q Workstation Edition, 2302 MHz, 13365 MHz, 54644 MiB, 100 %, 0x0000000000000400
2026/09/22 10:51:05.679, 6, GPU-5a4ea3b7-bb73-9876-6f45-65769efc3066, NVIDIA RTX PRO 6000 Blackwell Max-Q Workstation Edition, 2310 MHz, 13365 MHz, 54599 MiB, 100 %, 0x0000000000000400
2026/09/22 10:51:06.679, 5, GPU-f93cb3ac-bea7-0586-9f2c-c0307696716e, NVIDIA RTX PRO 6000 Blackwell Max-Q Workstation Edition, 2310 MHz, 13365 MHz, 54644 MiB, 100 %, 0x0000000000000400
2026/09/22 10:51:06.679, 6, GPU-5a4ea3b7-bb73-9876-6f45-65769efc3066, NVIDIA RTX PRO 6000 Blackwell Max-Q Workstation Edition, 2317 MHz, 13365 MHz, 54599 MiB, 100 %, 0x0000000000000400
2026/09/22 10:51:07.680, 5, GPU-f93cb3ac-bea7-0586-9f2c-c0307696716e, NVIDIA RTX PRO 6000 Blackwell Max-Q Workstation Edition, 2310 MHz, 13365 MHz, 54644 MiB, 100 %, 0x0000000000000400
2026/09/22 10:51:07.680, 6, GPU-5a4ea3b7-bb73-9876-6f45-65769efc3066, NVIDIA RTX PRO 6000 Blackwell Max-Q Workstation Edition, 2317 MHz, 13365 MHz, 54599 MiB, 100 %, 0x0000000000000400
2026/09/22 10:51:08.680, 5, GPU-f93cb3ac-bea7-0586-9f2c-c0307696716e, NVIDIA RTX PRO 6000 Blackwell Max-Q Workstation Edition, 2310 MHz, 13365 MHz, 54644 MiB, 100 %, 0x0000000000000400
2026/09/22 10:51:08.680, 6, GPU-5a4ea3b7-bb73-9876-6f45-65769efc3066, NVIDIA RTX PRO 6000 Blackwell Max-Q Workstation Edition, 2310 MHz, 13365 MHz, 54599 MiB, 100 %, 0x0000000000000400
2026/09/22 10:51:09.680, 5, GPU-f93cb3ac-bea7-0586-9f2c-c0307696716e, NVIDIA RTX PRO 6000 Blackwell Max-Q Workstation Edition, 2310 MHz, 13365 MHz, 54644 MiB, 100 %, 0x0000000000000400
2026/09/22 10:51:09.680, 6, GPU-5a4ea3b7-bb73-9876-6f45-65769efc3066, NVIDIA RTX PRO 6000 Blackwell Max-Q Workstation Edition, 2310 MHz, 13365 MHz, 54599 MiB, 100 %, 0x0000000000000400
2026/09/22 10:51:10.680, 5, GPU-f93cb3ac-bea7-0586-9f2c-c0307696716e, NVIDIA RTX PRO 6000 Blackwell Max-Q Workstation Edition, 2310 MHz, 13365 MHz, 54644 MiB, 100 %, 0x0000000000000400
2026/09/22 10:51:10.680, 6, GPU-5a4ea3b7-bb73-9876-6f45-65769efc3066, NVIDIA RTX PRO 6000 Blackwell Max-Q Workstation Edition, 2317 MHz, 13365 MHz, 54599 MiB, 100 %, 0x0000000000000400
2026/09/22 10:51:11.680, 5, GPU-f93cb3ac-bea7-0586-9f2c-c0307696716e, NVIDIA RTX PRO 6000 Blackwell Max-Q Workstation Edition, 2310 MHz, 13365 MHz, 54644 MiB, 100 %, 0x0000000000000400
2026/09/22 10:51:11.681, 6, GPU-5a4ea3b7-bb73-9876-6f45-65769efc3066, NVIDIA RTX PRO 6000 Blackwell Max-Q Workstation Edition, 2310 MHz, 13365 MHz, 54599 MiB, 100 %, 0x0000000000000400
2026/09/22 10:51:12.681, 5, GPU-f93cb3ac-bea7-0586-9f2c-c0307696716e, NVIDIA RTX PRO 6000 Blackwell Max-Q Workstation Edition, 2310 MHz, 13365 MHz, 54644 MiB, 100 %, 0x0000000000000400
2026/09/22 10:51:12.681, 6, GPU-5a4ea3b7-bb73-9876-6f45-65769efc3066, NVIDIA RTX PRO 6000 Blackwell Max-Q Workstation Edition, 2317 MHz, 13365 MHz, 54599 MiB, 100 %, 0x0000000000000400
2026/09/22 10:51:13.681, 5, GPU-f93cb3ac-bea7-0586-9f2c-c0307696716e, NVIDIA RTX PRO 6000 Blackwell Max-Q Workstation Edition, 2310 MHz, 13365 MHz, 54644 MiB, 100 %, 0x0000000000000400
2026/09/22 10:51:13.681, 6, GPU-5a4ea3b7-bb73-9876-6f45-65769efc3066, NVIDIA RTX PRO 6000 Blackwell Max-Q Workstation Edition, 2317 MHz, 13365 MHz, 54599 MiB, 100 %, 0x0000000000000400
2026/09/22 10:51:14.681, 5, GPU-f93cb3ac-bea7-0586-9f2c-c0307696716e, NVIDIA RTX PRO 6000 Blackwell Max-Q Workstation Edition, 2310 MHz, 13365 MHz, 54644 MiB, 100 %, 0x0000000000000400
2026/09/22 10:51:14.681, 6, GPU-5a4ea3b7-bb73-9876-6f45-65769efc3066, NVIDIA RTX PRO 6000 Blackwell Max-Q Workstation Edition, 2317 MHz, 13365 MHz, 54599 MiB, 100 %, 0x0000000000000400
2026/09/22 10:51:15.681, 5, GPU-f93cb3ac-bea7-0586-9f2c-c0307696716e, NVIDIA RTX PRO 6000 Blackwell Max-Q Workstation Edition, 2310 MHz, 13365 MHz, 54644 MiB, 100 %, 0x0000000000000400
2026/09/22 10:51:15.682, 6, GPU-5a4ea3b7-bb73-9876-6f45-65769efc3066, NVIDIA RTX PRO 6000 Blackwell Max-Q Workstation Edition, 2310 MHz, 13365 MHz, 54599 MiB, 100 %, 0x0000000000000400
2026/09/22 10:51:16.682, 5, GPU-f93cb3ac-bea7-0586-9f2c-c0307696716e, NVIDIA RTX PRO 6000 Blackwell Max-Q Workstation Edition, 2310 MHz, 13365 MHz, 54644 MiB, 100 %, 0x0000000000000400
2026/09/22 10:51:16.682, 6, GPU-5a4ea3b7-bb73-9876-6f45-65769efc3066, NVIDIA RTX PRO 6000 Blackwell Max-Q Workstation Edition, 2317 MHz, 13365 MHz, 54599 MiB, 100 %, 0x0000000000000400
2026/09/22 10:51:17.682, 5, GPU-f93cb3ac-bea7-0586-9f2c-c0307696716e, NVIDIA RTX PRO 6000 Blackwell Max-Q Workstation Edition, 2310 MHz, 13365 MHz, 54644 MiB, 100 %, 0x0000000000000400
2026/09/22 10:51:17.682, 6, GPU-5a4ea3b7-bb73-9876-6f45-65769efc3066, NVIDIA RTX PRO 6000 Blackwell Max-Q Workstation Edition, 2317 MHz, 13365 MHz, 54599 MiB, 100 %, 0x0000000000000400
2026/09/22 10:51:18.682, 5, GPU-f93cb3ac-bea7-0586-9f2c-c0307696716e, NVIDIA RTX PRO 6000 Blackwell Max-Q Workstation Edition, 2310 MHz, 13365 MHz, 54644 MiB, 100 %, 0x0000000000000400
2026/09/22 10:51:18.682, 6, GPU-5a4ea3b7-bb73-9876-6f45-65769efc3066, NVIDIA RTX PRO 6000 Blackwell Max-Q Workstation Edition, 2317 MHz, 13365 MHz, 54599 MiB, 100 %, 0x0000000000000400
2026/09/22 10:51:19.682, 5, GPU-f93cb3ac-bea7-0586-9f2c-c0307696716e, NVIDIA RTX PRO 6000 Blackwell Max-Q Workstation Edition, 2310 MHz, 13365 MHz, 54644 MiB, 100 %, 0x0000000000000400
2026/09/22 10:51:19.682, 6, GPU-5a4ea3b7-bb73-9876-6f45-65769efc3066, NVIDIA RTX PRO 6000 Blackwell Max-Q Workstation Edition, 2317 MHz, 13365 MHz, 54599 MiB, 100 %, 0x0000000000000400
2026/09/22 10:51:20.683, 5, GPU-f93cb3ac-bea7-0586-9f2c-c0307696716e, NVIDIA RTX PRO 6000 Blackwell Max-Q Workstation Edition, 2310 MHz, 13365 MHz, 54644 MiB, 100 %, 0x0000000000000400
2026/09/22 10:51:20.683, 6, GPU-5a4ea3b7-bb73-9876-6f45-65769efc3066, NVIDIA RTX PRO 6000 Blackwell Max-Q Workstation Edition, 2317 MHz, 13365 MHz, 54599 MiB, 100 %, 0x0000000000000400
2026/09/22 10:51:21.683, 5, GPU-f93cb3ac-bea7-0586-9f2c-c0307696716e, NVIDIA RTX PRO 6000 Blackwell Max-Q Workstation Edition, 2310 MHz, 13365 MHz, 54644 MiB, 100 %, 0x0000000000000400
2026/09/22 10:51:21.683, 6, GPU-5a4ea3b7-bb73-9876-6f45-65769efc3066, NVIDIA RTX PRO 6000 Blackwell Max-Q Workstation Edition, 2317 MHz, 13365 MHz, 54599 MiB, 100 %, 0x0000000000000400
2026/09/22 10:51:22.683, 5, GPU-f93cb3ac-bea7-0586-9f2c-c0307696716e, NVIDIA RTX PRO 6000 Blackwell Max-Q Workstation Edition, 2310 MHz, 13365 MHz, 54644 MiB, 100 %, 0x0000000000000400
2026/09/22 10:51:22.683, 6, GPU-5a4ea3b7-bb73-9876-6f45-65769efc3066, NVIDIA RTX PRO 6000 Blackwell Max-Q Workstation Edition, 2317 MHz, 13365 MHz, 54599 MiB, 100 %, 0x0000000000000400
2026/09/22 10:51:23.683, 5, GPU-f93cb3ac-bea7-0586-9f2c-c0307696716e, NVIDIA RTX PRO 6000 Blackwell Max-Q Workstation Edition, 2310 MHz, 13365 MHz, 54644 MiB, 100 %, 0x0000000000000400
2026/09/22 10:51:23.684, 6, GPU-5a4ea3b7-bb73-9876-6f45-65769efc3066, NVIDIA RTX PRO 6000 Blackwell Max-Q Workstation Edition, 2317 MHz, 13365 MHz, 54599 MiB, 100 %, 0x0000000000000400
2026/09/22 10:51:24.684, 5, GPU-f93cb3ac-bea7-0586-9f2c-c0307696716e, NVIDIA RTX PRO 6000 Blackwell Max-Q Workstation Edition, 2310 MHz, 13365 MHz, 54644 MiB, 100 %, 0x0000000000000400
2026/09/22 10:51:24.684, 6, GPU-5a4ea3b7-bb73-9876-6f45-65769efc3066, NVIDIA RTX PRO 6000 Blackwell Max-Q Workstation Edition, 2317 MHz, 13365 MHz, 54599 MiB, 100 %, 0x0000000000000400
2026/09/22 10:51:25.684, 5, GPU-f93cb3ac-bea7-0586-9f2c-c0307696716e, NVIDIA RTX PRO 6000 Blackwell Max-Q Workstation Edition, 2310 MHz, 13365 MHz, 54644 MiB, 100 %, 0x0000000000000400
2026/09/22 10:51:25.684, 6, GPU-5a4ea3b7-bb73-9876-6f45-65769efc3066, NVIDIA RTX PRO 6000 Blackwell Max-Q Workstation Edition, 2317 MHz, 13365 MHz, 54599 MiB, 100 %, 0x0000000000000400
2026/09/22 10:51:26.684, 5, GPU-f93cb3ac-bea7-0586-9f2c-c0307696716e, NVIDIA RTX PRO 6000 Blackwell Max-Q Workstation Edition, 2310 MHz, 13365 MHz, 54644 MiB, 100 %, 0x0000000000000400
2026/09/22 10:51:26.684, 6, GPU-5a4ea3b7-bb73-9876-6f45-65769efc3066, NVIDIA RTX PRO 6000 Blackwell Max-Q Workstation Edition, 2317 MHz, 13365 MHz, 54599 MiB, 100 %, 0x0000000000000400
2026/09/22 10:51:27.685, 5, GPU-f93cb3ac-bea7-0586-9f2c-c0307696716e, NVIDIA RTX PRO 6000 Blackwell Max-Q Workstation Edition, 2310 MHz, 13365 MHz, 54644 MiB, 100 %, 0x0000000000000400
2026/09/22 10:51:27.685, 6, GPU-5a4ea3b7-bb73-9876-6f45-65769efc3066, NVIDIA RTX PRO 6000 Blackwell Max-Q Workstation Edition, 2317 MHz, 13365 MHz, 54599 MiB, 100 %, 0x0000000000000400
2026/09/22 10:51:28.685, 5, GPU-f93cb3ac-bea7-0586-9f2c-c0307696716e, NVIDIA RTX PRO 6000 Blackwell Max-Q Workstation Edition, 2310 MHz, 13365 MHz, 54644 MiB, 0 %, 0x0000000000000400
2026/09/22 10:51:28.685, 6, GPU-5a4ea3b7-bb73-9876-6f45-65769efc3066, NVIDIA RTX PRO 6000 Blackwell Max-Q Workstation Edition, 2317 MHz, 13365 MHz, 54599 MiB, 100 %, 0x0000000000000400
2026/09/22 10:51:29.685, 5, GPU-f93cb3ac-bea7-0586-9f2c-c0307696716e, NVIDIA RTX PRO 6000 Blackwell Max-Q Workstation Edition, 2347 MHz, 13365 MHz, 54644 MiB, 0 %, 0x0000000000000400
2026/09/22 10:51:29.685, 6, GPU-5a4ea3b7-bb73-9876-6f45-65769efc3066, NVIDIA RTX PRO 6000 Blackwell Max-Q Workstation Edition, 2347 MHz, 13365 MHz, 54599 MiB, 0 %, 0x0000000000000400
2026/09/22 10:51:30.685, 5, GPU-f93cb3ac-bea7-0586-9f2c-c0307696716e, NVIDIA RTX PRO 6000 Blackwell Max-Q Workstation Edition, 2310 MHz, 13365 MHz, 54644 MiB, 0 %, 0x0000000000000400
2026/09/22 10:51:30.685, 6, GPU-5a4ea3b7-bb73-9876-6f45-65769efc3066, NVIDIA RTX PRO 6000 Blackwell Max-Q Workstation Edition, 2347 MHz, 13365 MHz, 54599 MiB, 0 %, 0x0000000000000400
2026/09/22 10:51:31.686, 5, GPU-f93cb3ac-bea7-0586-9f2c-c0307696716e, NVIDIA RTX PRO 6000 Blackwell Max-Q Workstation Edition, 2295 MHz, 13365 MHz, 54644 MiB, 45 %, 0x0000000000000400
2026/09/22 10:51:31.686, 6, GPU-5a4ea3b7-bb73-9876-6f45-65769efc3066, NVIDIA RTX PRO 6000 Blackwell Max-Q Workstation Edition, 2295 MHz, 13365 MHz, 54599 MiB, 25 %, 0x0000000000000400
2026/09/22 10:51:32.686, 5, GPU-f93cb3ac-bea7-0586-9f2c-c0307696716e, NVIDIA RTX PRO 6000 Blackwell Max-Q Workstation Edition, 2257 MHz, 13365 MHz, 54644 MiB, 100 %, 0x0000000000000400
2026/09/22 10:51:32.686, 6, GPU-5a4ea3b7-bb73-9876-6f45-65769efc3066, NVIDIA RTX PRO 6000 Blackwell Max-Q Workstation Edition, 2265 MHz, 13365 MHz, 54599 MiB, 100 %, 0x0000000000000400
2026/09/22 10:51:33.686, 5, GPU-f93cb3ac-bea7-0586-9f2c-c0307696716e, NVIDIA RTX PRO 6000 Blackwell Max-Q Workstation Edition, 2250 MHz, 13365 MHz, 54644 MiB, 100 %, 0x0000000000000400
2026/09/22 10:51:33.686, 6, GPU-5a4ea3b7-bb73-9876-6f45-65769efc3066, NVIDIA RTX PRO 6000 Blackwell Max-Q Workstation Edition, 2257 MHz, 13365 MHz, 54599 MiB, 100 %, 0x0000000000000400
2026/09/22 10:51:34.686, 5, GPU-f93cb3ac-bea7-0586-9f2c-c0307696716e, NVIDIA RTX PRO 6000 Blackwell Max-Q Workstation Edition, 2257 MHz, 13365 MHz, 54644 MiB, 100 %, 0x0000000000000400
2026/09/22 10:51:34.687, 6, GPU-5a4ea3b7-bb73-9876-6f45-65769efc3066, NVIDIA RTX PRO 6000 Blackwell Max-Q Workstation Edition, 2265 MHz, 13365 MHz, 54599 MiB, 100 %, 0x0000000000000400
2026/09/22 10:51:35.687, 5, GPU-f93cb3ac-bea7-0586-9f2c-c0307696716e, NVIDIA RTX PRO 6000 Blackwell Max-Q Workstation Edition, 2250 MHz, 13365 MHz, 54644 MiB, 100 %, 0x0000000000000400
2026/09/22 10:51:35.687, 6, GPU-5a4ea3b7-bb73-9876-6f45-65769efc3066, NVIDIA RTX PRO 6000 Blackwell Max-Q Workstation Edition, 2257 MHz, 13365 MHz, 54599 MiB, 100 %, 0x0000000000000400
2026/09/22 10:51:36.687, 5, GPU-f93cb3ac-bea7-0586-9f2c-c0307696716e, NVIDIA RTX PRO 6000 Blackwell Max-Q Workstation Edition, 2250 MHz, 13365 MHz, 54644 MiB, 100 %, 0x0000000000000400
2026/09/22 10:51:36.687, 6, GPU-5a4ea3b7-bb73-9876-6f45-65769efc3066, NVIDIA RTX PRO 6000 Blackwell Max-Q Workstation Edition, 2257 MHz, 13365 MHz, 54599 MiB, 100 %, 0x0000000000000400
2026/09/22 10:51:37.687, 5, GPU-f93cb3ac-bea7-0586-9f2c-c0307696716e, NVIDIA RTX PRO 6000 Blackwell Max-Q Workstation Edition, 2257 MHz, 13365 MHz, 54644 MiB, 100 %, 0x0000000000000400
2026/09/22 10:51:37.687, 6, GPU-5a4ea3b7-bb73-9876-6f45-65769efc3066, NVIDIA RTX PRO 6000 Blackwell Max-Q Workstation Edition, 2257 MHz, 13365 MHz, 54599 MiB, 100 %, 0x0000000000000400
2026/09/22 10:51:38.687, 5, GPU-f93cb3ac-bea7-0586-9f2c-c0307696716e, NVIDIA RTX PRO 6000 Blackwell Max-Q Workstation Edition, 2257 MHz, 13365 MHz, 54644 MiB, 100 %, 0x0000000000000400
2026/09/22 10:51:38.688, 6, GPU-5a4ea3b7-bb73-9876-6f45-65769efc3066, NVIDIA RTX PRO 6000 Blackwell Max-Q Workstation Edition, 2257 MHz, 13365 MHz, 54599 MiB, 100 %, 0x0000000000000400
2026/09/22 10:51:39.688, 5, GPU-f93cb3ac-bea7-0586-9f2c-c0307696716e, NVIDIA RTX PRO 6000 Blackwell Max-Q Workstation Edition, 2257 MHz, 13365 MHz, 54644 MiB, 100 %, 0x0000000000000400
2026/09/22 10:51:39.688, 6, GPU-5a4ea3b7-bb73-9876-6f45-65769efc3066, NVIDIA RTX PRO 6000 Blackwell Max-Q Workstation Edition, 2257 MHz, 13365 MHz, 54599 MiB, 100 %, 0x0000000000000400
2026/09/22 10:51:40.688, 5, GPU-f93cb3ac-bea7-0586-9f2c-c0307696716e, NVIDIA RTX PRO 6000 Blackwell Max-Q Workstation Edition, 2257 MHz, 13365 MHz, 54644 MiB, 100 %, 0x0000000000000400
2026/09/22 10:51:40.688, 6, GPU-5a4ea3b7-bb73-9876-6f45-65769efc3066, NVIDIA RTX PRO 6000 Blackwell Max-Q Workstation Edition, 2257 MHz, 13365 MHz, 54599 MiB, 100 %, 0x0000000000000400
2026/09/22 10:51:41.688, 5, GPU-f93cb3ac-bea7-0586-9f2c-c0307696716e, NVIDIA RTX PRO 6000 Blackwell Max-Q Workstation Edition, 2257 MHz, 13365 MHz, 54644 MiB, 100 %, 0x0000000000000400
2026/09/22 10:51:41.688, 6, GPU-5a4ea3b7-bb73-9876-6f45-65769efc3066, NVIDIA RTX PRO 6000 Blackwell Max-Q Workstation Edition, 2257 MHz, 13365 MHz, 54599 MiB, 100 %, 0x0000000000000400
2026/09/22 10:51:42.688, 5, GPU-f93cb3ac-bea7-0586-9f2c-c0307696716e, NVIDIA RTX PRO 6000 Blackwell Max-Q Workstation Edition, 2257 MHz, 13365 MHz, 54644 MiB, 100 %, 0x0000000000000400
2026/09/22 10:51:42.688, 6, GPU-5a4ea3b7-bb73-9876-6f45-65769efc3066, NVIDIA RTX PRO 6000 Blackwell Max-Q Workstation Edition, 2257 MHz, 13365 MHz, 54599 MiB, 100 %, 0x0000000000000400
2026/09/22 10:51:43.689, 5, GPU-f93cb3ac-bea7-0586-9f2c-c0307696716e, NVIDIA RTX PRO 6000 Blackwell Max-Q Workstation Edition, 2257 MHz, 13365 MHz, 54644 MiB, 100 %, 0x0000000000000400
2026/09/22 10:51:43.689, 6, GPU-5a4ea3b7-bb73-9876-6f45-65769efc3066, NVIDIA RTX PRO 6000 Blackwell Max-Q Workstation Edition, 2257 MHz, 13365 MHz, 54599 MiB, 100 %, 0x0000000000000400
2026/09/22 10:51:44.689, 5, GPU-f93cb3ac-bea7-0586-9f2c-c0307696716e, NVIDIA RTX PRO 6000 Blackwell Max-Q Workstation Edition, 2257 MHz, 13365 MHz, 54644 MiB, 100 %, 0x0000000000000400
2026/09/22 10:51:44.689, 6, GPU-5a4ea3b7-bb73-9876-6f45-65769efc3066, NVIDIA RTX PRO 6000 Blackwell Max-Q Workstation Edition, 2257 MHz, 13365 MHz, 54599 MiB, 100 %, 0x0000000000000400
2026/09/22 10:51:45.689, 5, GPU-f93cb3ac-bea7-0586-9f2c-c0307696716e, NVIDIA RTX PRO 6000 Blackwell Max-Q Workstation Edition, 2257 MHz, 13365 MHz, 54644 MiB, 100 %, 0x0000000000000400
2026/09/22 10:51:45.689, 6, GPU-5a4ea3b7-bb73-9876-6f45-65769efc3066, NVIDIA RTX PRO 6000 Blackwell Max-Q Workstation Edition, 2257 MHz, 13365 MHz, 54599 MiB, 100 %, 0x0000000000000400
2026/09/22 10:51:46.689, 5, GPU-f93cb3ac-bea7-0586-9f2c-c0307696716e, NVIDIA RTX PRO 6000 Blackwell Max-Q Workstation Edition, 2257 MHz, 13365 MHz, 54644 MiB, 100 %, 0x0000000000000400
2026/09/22 10:51:46.689, 6, GPU-5a4ea3b7-bb73-9876-6f45-65769efc3066, NVIDIA RTX PRO 6000 Blackwell Max-Q Workstation Edition, 2257 MHz, 13365 MHz, 54599 MiB, 100 %, 0x0000000000000400
2026/09/22 10:51:47.690, 5, GPU-f93cb3ac-bea7-0586-9f2c-c0307696716e, NVIDIA RTX PRO 6000 Blackwell Max-Q Workstation Edition, 2257 MHz, 13365 MHz, 54644 MiB, 100 %, 0x0000000000000400
2026/09/22 10:51:47.690, 6, GPU-5a4ea3b7-bb73-9876-6f45-65769efc3066, NVIDIA RTX PRO 6000 Blackwell Max-Q Workstation Edition, 2257 MHz, 13365 MHz, 54599 MiB, 100 %, 0x0000000000000400
2026/09/22 10:51:48.690, 5, GPU-f93cb3ac-bea7-0586-9f2c-c0307696716e, NVIDIA RTX PRO 6000 Blackwell Max-Q Workstation Edition, 2257 MHz, 13365 MHz, 54644 MiB, 100 %, 0x0000000000000400
2026/09/22 10:51:48.690, 6, GPU-5a4ea3b7-bb73-9876-6f45-65769efc3066, NVIDIA RTX PRO 6000 Blackwell Max-Q Workstation Edition, 2265 MHz, 13365 MHz, 54599 MiB, 100 %, 0x0000000000000400
2026/09/22 10:51:49.690, 5, GPU-f93cb3ac-bea7-0586-9f2c-c0307696716e, NVIDIA RTX PRO 6000 Blackwell Max-Q Workstation Edition, 2257 MHz, 13365 MHz, 54644 MiB, 100 %, 0x0000000000000400
2026/09/22 10:51:49.690, 6, GPU-5a4ea3b7-bb73-9876-6f45-65769efc3066, NVIDIA RTX PRO 6000 Blackwell Max-Q Workstation Edition, 2257 MHz, 13365 MHz, 54599 MiB, 100 %, 0x0000000000000400
2026/09/22 10:51:50.690, 5, GPU-f93cb3ac-bea7-0586-9f2c-c0307696716e, NVIDIA RTX PRO 6000 Blackwell Max-Q Workstation Edition, 2257 MHz, 13365 MHz, 54644 MiB, 100 %, 0x0000000000000400
2026/09/22 10:51:50.690, 6, GPU-5a4ea3b7-bb73-9876-6f45-65769efc3066, NVIDIA RTX PRO 6000 Blackwell Max-Q Workstation Edition, 2265 MHz, 13365 MHz, 54599 MiB, 100 %, 0x0000000000000400
2026/09/22 10:51:51.691, 5, GPU-f93cb3ac-bea7-0586-9f2c-c0307696716e, NVIDIA RTX PRO 6000 Blackwell Max-Q Workstation Edition, 2257 MHz, 13365 MHz, 54644 MiB, 100 %, 0x0000000000000400
2026/09/22 10:51:51.691, 6, GPU-5a4ea3b7-bb73-9876-6f45-65769efc3066, NVIDIA RTX PRO 6000 Blackwell Max-Q Workstation Edition, 2265 MHz, 13365 MHz, 54599 MiB, 100 %, 0x0000000000000400
2026/09/22 10:51:52.691, 5, GPU-f93cb3ac-bea7-0586-9f2c-c0307696716e, NVIDIA RTX PRO 6000 Blackwell Max-Q Workstation Edition, 2257 MHz, 13365 MHz, 54644 MiB, 100 %, 0x0000000000000400
2026/09/22 10:51:52.691, 6, GPU-5a4ea3b7-bb73-9876-6f45-65769efc3066, NVIDIA RTX PRO 6000 Blackwell Max-Q Workstation Edition, 2265 MHz, 13365 MHz, 54599 MiB, 100 %, 0x0000000000000400
2026/09/22 10:51:53.691, 5, GPU-f93cb3ac-bea7-0586-9f2c-c0307696716e, NVIDIA RTX PRO 6000 Blackwell Max-Q Workstation Edition, 2257 MHz, 13365 MHz, 54644 MiB, 100 %, 0x0000000000000400
2026/09/22 10:51:53.691, 6, GPU-5a4ea3b7-bb73-9876-6f45-65769efc3066, NVIDIA RTX PRO 6000 Blackwell Max-Q Workstation Edition, 2265 MHz, 13365 MHz, 54599 MiB, 100 %, 0x0000000000000400
2026/09/22 10:51:54.691, 5, GPU-f93cb3ac-bea7-0586-9f2c-c0307696716e, NVIDIA RTX PRO 6000 Blackwell Max-Q Workstation Edition, 2257 MHz, 13365 MHz, 54644 MiB, 100 %, 0x0000000000000400
2026/09/22 10:51:54.691, 6, GPU-5a4ea3b7-bb73-9876-6f45-65769efc3066, NVIDIA RTX PRO 6000 Blackwell Max-Q Workstation Edition, 2265 MHz, 13365 MHz, 54599 MiB, 100 %, 0x0000000000000400
2026/09/22 10:51:55.692, 5, GPU-f93cb3ac-bea7-0586-9f2c-c0307696716e, NVIDIA RTX PRO 6000 Blackwell Max-Q Workstation Edition, 2257 MHz, 13365 MHz, 54644 MiB, 100 %, 0x0000000000000400
2026/09/22 10:51:55.692, 6, GPU-5a4ea3b7-bb73-9876-6f45-65769efc3066, NVIDIA RTX PRO 6000 Blackwell Max-Q Workstation Edition, 2265 MHz, 13365 MHz, 54599 MiB, 100 %, 0x0000000000000400
2026/09/22 10:51:56.692, 5, GPU-f93cb3ac-bea7-0586-9f2c-c0307696716e, NVIDIA RTX PRO 6000 Blackwell Max-Q Workstation Edition, 2257 MHz, 13365 MHz, 54644 MiB, 100 %, 0x0000000000000400
2026/09/22 10:51:56.692, 6, GPU-5a4ea3b7-bb73-9876-6f45-65769efc3066, NVIDIA RTX PRO 6000 Blackwell Max-Q Workstation Edition, 2265 MHz, 13365 MHz, 54599 MiB, 100 %, 0x0000000000000400
2026/09/22 10:51:57.692, 5, GPU-f93cb3ac-bea7-0586-9f2c-c0307696716e, NVIDIA RTX PRO 6000 Blackwell Max-Q Workstation Edition, 2257 MHz, 13365 MHz, 54644 MiB, 100 %, 0x0000000000000400
2026/09/22 10:51:57.692, 6, GPU-5a4ea3b7-bb73-9876-6f45-65769efc3066, NVIDIA RTX PRO 6000 Blackwell Max-Q Workstation Edition, 2265 MHz, 13365 MHz, 54599 MiB, 100 %, 0x0000000000000400
2026/09/22 10:51:58.692, 5, GPU-f93cb3ac-bea7-0586-9f2c-c0307696716e, NVIDIA RTX PRO 6000 Blackwell Max-Q Workstation Edition, 2257 MHz, 13365 MHz, 54644 MiB, 100 %, 0x0000000000000400
2026/09/22 10:51:58.692, 6, GPU-5a4ea3b7-bb73-9876-6f45-65769efc3066, NVIDIA RTX PRO 6000 Blackwell Max-Q Workstation Edition, 2265 MHz, 13365 MHz, 54599 MiB, 100 %, 0x0000000000000400
2026/09/22 10:51:59.692, 5, GPU-f93cb3ac-bea7-0586-9f2c-c0307696716e, NVIDIA RTX PRO 6000 Blackwell Max-Q Workstation Edition, 2257 MHz, 13365 MHz, 54644 MiB, 100 %, 0x0000000000000400
2026/09/22 10:51:59.693, 6, GPU-5a4ea3b7-bb73-9876-6f45-65769efc3066, NVIDIA RTX PRO 6000 Blackwell Max-Q Workstation Edition, 2265 MHz, 13365 MHz, 54599 MiB, 100 %, 0x0000000000000400
2026/09/22 10:52:00.693, 5, GPU-f93cb3ac-bea7-0586-9f2c-c0307696716e, NVIDIA RTX PRO 6000 Blackwell Max-Q Workstation Edition, 2250 MHz, 13365 MHz, 54644 MiB, 100 %, 0x0000000000000400
2026/09/22 10:52:00.693, 6, GPU-5a4ea3b7-bb73-9876-6f45-65769efc3066, NVIDIA RTX PRO 6000 Blackwell Max-Q Workstation Edition, 2265 MHz, 13365 MHz, 54599 MiB, 100 %, 0x0000000000000400
2026/09/22 10:52:01.693, 5, GPU-f93cb3ac-bea7-0586-9f2c-c0307696716e, NVIDIA RTX PRO 6000 Blackwell Max-Q Workstation Edition, 2250 MHz, 13365 MHz, 54644 MiB, 100 %, 0x0000000000000400
2026/09/22 10:52:01.693, 6, GPU-5a4ea3b7-bb73-9876-6f45-65769efc3066, NVIDIA RTX PRO 6000 Blackwell Max-Q Workstation Edition, 2265 MHz, 13365 MHz, 54599 MiB, 100 %, 0x0000000000000400
2026/09/22 10:52:02.693, 5, GPU-f93cb3ac-bea7-0586-9f2c-c0307696716e, NVIDIA RTX PRO 6000 Blackwell Max-Q Workstation Edition, 2257 MHz, 13365 MHz, 54644 MiB, 100 %, 0x0000000000000400
2026/09/22 10:52:02.694, 6, GPU-5a4ea3b7-bb73-9876-6f45-65769efc3066, NVIDIA RTX PRO 6000 Blackwell Max-Q Workstation Edition, 2265 MHz, 13365 MHz, 54599 MiB, 100 %, 0x0000000000000400
2026/09/22 10:52:03.694, 5, GPU-f93cb3ac-bea7-0586-9f2c-c0307696716e, NVIDIA RTX PRO 6000 Blackwell Max-Q Workstation Edition, 2250 MHz, 13365 MHz, 54644 MiB, 100 %, 0x0000000000000400
2026/09/22 10:52:03.694, 6, GPU-5a4ea3b7-bb73-9876-6f45-65769efc3066, NVIDIA RTX PRO 6000 Blackwell Max-Q Workstation Edition, 2265 MHz, 13365 MHz, 54599 MiB, 100 %, 0x0000000000000400
2026/09/22 10:52:04.694, 5, GPU-f93cb3ac-bea7-0586-9f2c-c0307696716e, NVIDIA RTX PRO 6000 Blackwell Max-Q Workstation Edition, 2250 MHz, 13365 MHz, 54644 MiB, 100 %, 0x0000000000000400
2026/09/22 10:52:04.694, 6, GPU-5a4ea3b7-bb73-9876-6f45-65769efc3066, NVIDIA RTX PRO 6000 Blackwell Max-Q Workstation Edition, 2265 MHz, 13365 MHz, 54599 MiB, 100 %, 0x0000000000000400
2026/09/22 10:52:05.694, 5, GPU-f93cb3ac-bea7-0586-9f2c-c0307696716e, NVIDIA RTX PRO 6000 Blackwell Max-Q Workstation Edition, 2250 MHz, 13365 MHz, 54644 MiB, 100 %, 0x0000000000000400
2026/09/22 10:52:05.695, 6, GPU-5a4ea3b7-bb73-9876-6f45-65769efc3066, NVIDIA RTX PRO 6000 Blackwell Max-Q Workstation Edition, 2265 MHz, 13365 MHz, 54599 MiB, 100 %, 0x0000000000000400
2026/09/22 10:52:06.695, 5, GPU-f93cb3ac-bea7-0586-9f2c-c0307696716e, NVIDIA RTX PRO 6000 Blackwell Max-Q Workstation Edition, 2257 MHz, 13365 MHz, 54644 MiB, 100 %, 0x0000000000000400
2026/09/22 10:52:06.695, 6, GPU-5a4ea3b7-bb73-9876-6f45-65769efc3066, NVIDIA RTX PRO 6000 Blackwell Max-Q Workstation Edition, 2265 MHz, 13365 MHz, 54599 MiB, 100 %, 0x0000000000000400
2026/09/22 10:52:07.695, 5, GPU-f93cb3ac-bea7-0586-9f2c-c0307696716e, NVIDIA RTX PRO 6000 Blackwell Max-Q Workstation Edition, 2347 MHz, 13365 MHz, 54644 MiB, 0 %, 0x0000000000000400
2026/09/22 10:52:07.695, 6, GPU-5a4ea3b7-bb73-9876-6f45-65769efc3066, NVIDIA RTX PRO 6000 Blackwell Max-Q Workstation Edition, 2355 MHz, 13365 MHz, 54599 MiB, 0 %, 0x0000000000000400
2026/09/22 10:52:08.695, 5, GPU-f93cb3ac-bea7-0586-9f2c-c0307696716e, NVIDIA RTX PRO 6000 Blackwell Max-Q Workstation Edition, 2347 MHz, 13365 MHz, 54644 MiB, 0 %, 0x0000000000000400
2026/09/22 10:52:08.695, 6, GPU-5a4ea3b7-bb73-9876-6f45-65769efc3066, NVIDIA RTX PRO 6000 Blackwell Max-Q Workstation Edition, 2355 MHz, 13365 MHz, 54599 MiB, 0 %, 0x0000000000000400
2026/09/22 10:52:09.696, 5, GPU-f93cb3ac-bea7-0586-9f2c-c0307696716e, NVIDIA RTX PRO 6000 Blackwell Max-Q Workstation Edition, 2347 MHz, 13365 MHz, 54644 MiB, 0 %, 0x0000000000000400
2026/09/22 10:52:09.696, 6, GPU-5a4ea3b7-bb73-9876-6f45-65769efc3066, NVIDIA RTX PRO 6000 Blackwell Max-Q Workstation Edition, 2332 MHz, 13365 MHz, 54599 MiB, 0 %, 0x0000000000000400
2026/09/22 10:52:10.696, 5, GPU-f93cb3ac-bea7-0586-9f2c-c0307696716e, NVIDIA RTX PRO 6000 Blackwell Max-Q Workstation Edition, 2272 MHz, 13365 MHz, 54644 MiB, 0 %, 0x0000000000000400
2026/09/22 10:52:10.696, 6, GPU-5a4ea3b7-bb73-9876-6f45-65769efc3066, NVIDIA RTX PRO 6000 Blackwell Max-Q Workstation Edition, 2272 MHz, 13365 MHz, 54599 MiB, 0 %, 0x0000000000000400
2026/09/22 10:52:11.696, 5, GPU-f93cb3ac-bea7-0586-9f2c-c0307696716e, NVIDIA RTX PRO 6000 Blackwell Max-Q Workstation Edition, 2272 MHz, 13365 MHz, 54644 MiB, 0 %, 0x0000000000000400
2026/09/22 10:52:11.696, 6, GPU-5a4ea3b7-bb73-9876-6f45-65769efc3066, NVIDIA RTX PRO 6000 Blackwell Max-Q Workstation Edition, 2272 MHz, 13365 MHz, 54599 MiB, 0 %, 0x0000000000000400
2026/09/22 10:52:12.696, 5, GPU-f93cb3ac-bea7-0586-9f2c-c0307696716e, NVIDIA RTX PRO 6000 Blackwell Max-Q Workstation Edition, 2272 MHz, 13365 MHz, 54644 MiB, 0 %, 0x0000000000000400
2026/09/22 10:52:12.696, 6, GPU-5a4ea3b7-bb73-9876-6f45-65769efc3066, NVIDIA RTX PRO 6000 Blackwell Max-Q Workstation Edition, 2272 MHz, 13365 MHz, 54599 MiB, 0 %, 0x0000000000000400
2026/09/22 10:52:13.697, 5, GPU-f93cb3ac-bea7-0586-9f2c-c0307696716e, NVIDIA RTX PRO 6000 Blackwell Max-Q Workstation Edition, 2272 MHz, 13365 MHz, 54644 MiB, 0 %, 0x0000000000000400
2026/09/22 10:52:13.697, 6, GPU-5a4ea3b7-bb73-9876-6f45-65769efc3066, NVIDIA RTX PRO 6000 Blackwell Max-Q Workstation Edition, 2272 MHz, 13365 MHz, 54599 MiB, 0 %, 0x0000000000000400
2026/09/22 10:52:14.697, 5, GPU-f93cb3ac-bea7-0586-9f2c-c0307696716e, NVIDIA RTX PRO 6000 Blackwell Max-Q Workstation Edition, 2272 MHz, 13365 MHz, 54644 MiB, 0 %, 0x0000000000000400
2026/09/22 10:52:14.697, 6, GPU-5a4ea3b7-bb73-9876-6f45-65769efc3066, NVIDIA RTX PRO 6000 Blackwell Max-Q Workstation Edition, 2272 MHz, 13365 MHz, 54599 MiB, 0 %, 0x0000000000000400
2026/09/22 10:52:15.697, 5, GPU-f93cb3ac-bea7-0586-9f2c-c0307696716e, NVIDIA RTX PRO 6000 Blackwell Max-Q Workstation Edition, 2310 MHz, 13365 MHz, 54644 MiB, 100 %, 0x0000000000000400
2026/09/22 10:52:15.697, 6, GPU-5a4ea3b7-bb73-9876-6f45-65769efc3066, NVIDIA RTX PRO 6000 Blackwell Max-Q Workstation Edition, 2310 MHz, 13365 MHz, 54599 MiB, 100 %, 0x0000000000000400
2026/09/22 10:52:16.697, 5, GPU-f93cb3ac-bea7-0586-9f2c-c0307696716e, NVIDIA RTX PRO 6000 Blackwell Max-Q Workstation Edition, 2310 MHz, 13365 MHz, 54644 MiB, 100 %, 0x0000000000000400
2026/09/22 10:52:16.697, 6, GPU-5a4ea3b7-bb73-9876-6f45-65769efc3066, NVIDIA RTX PRO 6000 Blackwell Max-Q Workstation Edition, 2317 MHz, 13365 MHz, 54599 MiB, 100 %, 0x0000000000000400
2026/09/22 10:52:17.698, 5, GPU-f93cb3ac-bea7-0586-9f2c-c0307696716e, NVIDIA RTX PRO 6000 Blackwell Max-Q Workstation Edition, 2310 MHz, 13365 MHz, 54644 MiB, 100 %, 0x0000000000000400
2026/09/22 10:52:17.698, 6, GPU-5a4ea3b7-bb73-9876-6f45-65769efc3066, NVIDIA RTX PRO 6000 Blackwell Max-Q Workstation Edition, 2317 MHz, 13365 MHz, 54599 MiB, 100 %, 0x0000000000000400
2026/09/22 10:52:18.698, 5, GPU-f93cb3ac-bea7-0586-9f2c-c0307696716e, NVIDIA RTX PRO 6000 Blackwell Max-Q Workstation Edition, 2310 MHz, 13365 MHz, 54644 MiB, 100 %, 0x0000000000000400
2026/09/22 10:52:18.698, 6, GPU-5a4ea3b7-bb73-9876-6f45-65769efc3066, NVIDIA RTX PRO 6000 Blackwell Max-Q Workstation Edition, 2317 MHz, 13365 MHz, 54599 MiB, 100 %, 0x0000000000000400
2026/09/22 10:52:19.698, 5, GPU-f93cb3ac-bea7-0586-9f2c-c0307696716e, NVIDIA RTX PRO 6000 Blackwell Max-Q Workstation Edition, 2310 MHz, 13365 MHz, 54644 MiB, 100 %, 0x0000000000000400
2026/09/22 10:52:19.698, 6, GPU-5a4ea3b7-bb73-9876-6f45-65769efc3066, NVIDIA RTX PRO 6000 Blackwell Max-Q Workstation Edition, 2317 MHz, 13365 MHz, 54599 MiB, 100 %, 0x0000000000000400
2026/09/22 10:52:20.698, 5, GPU-f93cb3ac-bea7-0586-9f2c-c0307696716e, NVIDIA RTX PRO 6000 Blackwell Max-Q Workstation Edition, 2310 MHz, 13365 MHz, 54644 MiB, 100 %, 0x0000000000000400
2026/09/22 10:52:20.699, 6, GPU-5a4ea3b7-bb73-9876-6f45-65769efc3066, NVIDIA RTX PRO 6000 Blackwell Max-Q Workstation Edition, 2317 MHz, 13365 MHz, 54599 MiB, 100 %, 0x0000000000000400
2026/09/22 10:52:21.699, 5, GPU-f93cb3ac-bea7-0586-9f2c-c0307696716e, NVIDIA RTX PRO 6000 Blackwell Max-Q Workstation Edition, 2310 MHz, 13365 MHz, 54644 MiB, 100 %, 0x0000000000000400
2026/09/22 10:52:21.699, 6, GPU-5a4ea3b7-bb73-9876-6f45-65769efc3066, NVIDIA RTX PRO 6000 Blackwell Max-Q Workstation Edition, 2317 MHz, 13365 MHz, 54599 MiB, 100 %, 0x0000000000000400
2026/09/22 10:52:22.699, 5, GPU-f93cb3ac-bea7-0586-9f2c-c0307696716e, NVIDIA RTX PRO 6000 Blackwell Max-Q Workstation Edition, 2310 MHz, 13365 MHz, 54644 MiB, 100 %, 0x0000000000000400
2026/09/22 10:52:22.700, 6, GPU-5a4ea3b7-bb73-9876-6f45-65769efc3066, NVIDIA RTX PRO 6000 Blackwell Max-Q Workstation Edition, 2325 MHz, 13365 MHz, 54599 MiB, 100 %, 0x0000000000000400
2026/09/22 10:52:23.700, 5, GPU-f93cb3ac-bea7-0586-9f2c-c0307696716e, NVIDIA RTX PRO 6000 Blackwell Max-Q Workstation Edition, 2310 MHz, 13365 MHz, 54644 MiB, 100 %, 0x0000000000000400
2026/09/22 10:52:23.700, 6, GPU-5a4ea3b7-bb73-9876-6f45-65769efc3066, NVIDIA RTX PRO 6000 Blackwell Max-Q Workstation Edition, 2317 MHz, 13365 MHz, 54599 MiB, 100 %, 0x0000000000000400
2026/09/22 10:52:24.700, 5, GPU-f93cb3ac-bea7-0586-9f2c-c0307696716e, NVIDIA RTX PRO 6000 Blackwell Max-Q Workstation Edition, 2310 MHz, 13365 MHz, 54644 MiB, 100 %, 0x0000000000000400
2026/09/22 10:52:24.700, 6, GPU-5a4ea3b7-bb73-9876-6f45-65769efc3066, NVIDIA RTX PRO 6000 Blackwell Max-Q Workstation Edition, 2317 MHz, 13365 MHz, 54599 MiB, 100 %, 0x0000000000000400
2026/09/22 10:52:25.700, 5, GPU-f93cb3ac-bea7-0586-9f2c-c0307696716e, NVIDIA RTX PRO 6000 Blackwell Max-Q Workstation Edition, 2310 MHz, 13365 MHz, 54644 MiB, 100 %, 0x0000000000000400
2026/09/22 10:52:25.700, 6, GPU-5a4ea3b7-bb73-9876-6f45-65769efc3066, NVIDIA RTX PRO 6000 Blackwell Max-Q Workstation Edition, 2317 MHz, 13365 MHz, 54599 MiB, 100 %, 0x0000000000000400
2026/09/22 10:52:26.700, 5, GPU-f93cb3ac-bea7-0586-9f2c-c0307696716e, NVIDIA RTX PRO 6000 Blackwell Max-Q Workstation Edition, 2310 MHz, 13365 MHz, 54644 MiB, 100 %, 0x0000000000000400
2026/09/22 10:52:26.701, 6, GPU-5a4ea3b7-bb73-9876-6f45-65769efc3066, NVIDIA RTX PRO 6000 Blackwell Max-Q Workstation Edition, 2317 MHz, 13365 MHz, 54599 MiB, 100 %, 0x0000000000000400
2026/09/22 10:52:27.701, 5, GPU-f93cb3ac-bea7-0586-9f2c-c0307696716e, NVIDIA RTX PRO 6000 Blackwell Max-Q Workstation Edition, 2310 MHz, 13365 MHz, 54644 MiB, 100 %, 0x0000000000000400
2026/09/22 10:52:27.701, 6, GPU-5a4ea3b7-bb73-9876-6f45-65769efc3066, NVIDIA RTX PRO 6000 Blackwell Max-Q Workstation Edition, 2317 MHz, 13365 MHz, 54599 MiB, 100 %, 0x0000000000000400
2026/09/22 10:52:28.701, 5, GPU-f93cb3ac-bea7-0586-9f2c-c0307696716e, NVIDIA RTX PRO 6000 Blackwell Max-Q Workstation Edition, 2310 MHz, 13365 MHz, 54644 MiB, 100 %, 0x0000000000000400
2026/09/22 10:52:28.701, 6, GPU-5a4ea3b7-bb73-9876-6f45-65769efc3066, NVIDIA RTX PRO 6000 Blackwell Max-Q Workstation Edition, 2317 MHz, 13365 MHz, 54599 MiB, 100 %, 0x0000000000000400
2026/09/22 10:52:29.701, 5, GPU-f93cb3ac-bea7-0586-9f2c-c0307696716e, NVIDIA RTX PRO 6000 Blackwell Max-Q Workstation Edition, 2302 MHz, 13365 MHz, 54644 MiB, 100 %, 0x0000000000000400
2026/09/22 10:52:29.701, 6, GPU-5a4ea3b7-bb73-9876-6f45-65769efc3066, NVIDIA RTX PRO 6000 Blackwell Max-Q Workstation Edition, 2317 MHz, 13365 MHz, 54599 MiB, 100 %, 0x0000000000000400
2026/09/22 10:52:30.701, 5, GPU-f93cb3ac-bea7-0586-9f2c-c0307696716e, NVIDIA RTX PRO 6000 Blackwell Max-Q Workstation Edition, 2317 MHz, 13365 MHz, 54644 MiB, 0 %, 0x0000000000000400
2026/09/22 10:52:30.702, 6, GPU-5a4ea3b7-bb73-9876-6f45-65769efc3066, NVIDIA RTX PRO 6000 Blackwell Max-Q Workstation Edition, 2325 MHz, 13365 MHz, 54599 MiB, 58 %, 0x0000000000000400
2026/09/22 10:52:31.702, 5, GPU-f93cb3ac-bea7-0586-9f2c-c0307696716e, NVIDIA RTX PRO 6000 Blackwell Max-Q Workstation Edition, 2347 MHz, 13365 MHz, 54644 MiB, 0 %, 0x0000000000000400
2026/09/22 10:52:31.702, 6, GPU-5a4ea3b7-bb73-9876-6f45-65769efc3066, NVIDIA RTX PRO 6000 Blackwell Max-Q Workstation Edition, 2355 MHz, 13365 MHz, 54599 MiB, 0 %, 0x0000000000000400
2026/09/22 10:52:32.702, 5, GPU-f93cb3ac-bea7-0586-9f2c-c0307696716e, NVIDIA RTX PRO 6000 Blackwell Max-Q Workstation Edition, 2347 MHz, 13365 MHz, 54644 MiB, 0 %, 0x0000000000000400
2026/09/22 10:52:32.702, 6, GPU-5a4ea3b7-bb73-9876-6f45-65769efc3066, NVIDIA RTX PRO 6000 Blackwell Max-Q Workstation Edition, 2355 MHz, 13365 MHz, 54599 MiB, 0 %, 0x0000000000000400
2026/09/22 10:52:33.702, 5, GPU-f93cb3ac-bea7-0586-9f2c-c0307696716e, NVIDIA RTX PRO 6000 Blackwell Max-Q Workstation Edition, 2302 MHz, 13365 MHz, 54644 MiB, 100 %, 0x0000000000000400
2026/09/22 10:52:33.702, 6, GPU-5a4ea3b7-bb73-9876-6f45-65769efc3066, NVIDIA RTX PRO 6000 Blackwell Max-Q Workstation Edition, 2310 MHz, 13365 MHz, 54599 MiB, 100 %, 0x0000000000000400
2026/09/22 10:52:34.702, 5, GPU-f93cb3ac-bea7-0586-9f2c-c0307696716e, NVIDIA RTX PRO 6000 Blackwell Max-Q Workstation Edition, 2310 MHz, 13365 MHz, 54644 MiB, 100 %, 0x0000000000000400
2026/09/22 10:52:34.703, 6, GPU-5a4ea3b7-bb73-9876-6f45-65769efc3066, NVIDIA RTX PRO 6000 Blackwell Max-Q Workstation Edition, 2317 MHz, 13365 MHz, 54599 MiB, 100 %, 0x0000000000000400
2026/09/22 10:52:35.703, 5, GPU-f93cb3ac-bea7-0586-9f2c-c0307696716e, NVIDIA RTX PRO 6000 Blackwell Max-Q Workstation Edition, 2310 MHz, 13365 MHz, 54644 MiB, 100 %, 0x0000000000000400
2026/09/22 10:52:35.703, 6, GPU-5a4ea3b7-bb73-9876-6f45-65769efc3066, NVIDIA RTX PRO 6000 Blackwell Max-Q Workstation Edition, 2317 MHz, 13365 MHz, 54599 MiB, 100 %, 0x0000000000000400
2026/09/22 10:52:36.703, 5, GPU-f93cb3ac-bea7-0586-9f2c-c0307696716e, NVIDIA RTX PRO 6000 Blackwell Max-Q Workstation Edition, 2310 MHz, 13365 MHz, 54644 MiB, 100 %, 0x0000000000000400
2026/09/22 10:52:36.705, 6, GPU-5a4ea3b7-bb73-9876-6f45-65769efc3066, NVIDIA RTX PRO 6000 Blackwell Max-Q Workstation Edition, 2317 MHz, 13365 MHz, 54599 MiB, 100 %, 0x0000000000000400
2026/09/22 10:52:37.705, 5, GPU-f93cb3ac-bea7-0586-9f2c-c0307696716e, NVIDIA RTX PRO 6000 Blackwell Max-Q Workstation Edition, 2310 MHz, 13365 MHz, 54644 MiB, 100 %, 0x0000000000000400
2026/09/22 10:52:37.705, 6, GPU-5a4ea3b7-bb73-9876-6f45-65769efc3066, NVIDIA RTX PRO 6000 Blackwell Max-Q Workstation Edition, 2317 MHz, 13365 MHz, 54599 MiB, 100 %, 0x0000000000000400
2026/09/22 10:52:38.705, 5, GPU-f93cb3ac-bea7-0586-9f2c-c0307696716e, NVIDIA RTX PRO 6000 Blackwell Max-Q Workstation Edition, 2310 MHz, 13365 MHz, 54644 MiB, 100 %, 0x0000000000000400
2026/09/22 10:52:38.705, 6, GPU-5a4ea3b7-bb73-9876-6f45-65769efc3066, NVIDIA RTX PRO 6000 Blackwell Max-Q Workstation Edition, 2317 MHz, 13365 MHz, 54599 MiB, 100 %, 0x0000000000000400
2026/09/22 10:52:39.706, 5, GPU-f93cb3ac-bea7-0586-9f2c-c0307696716e, NVIDIA RTX PRO 6000 Blackwell Max-Q Workstation Edition, 2310 MHz, 13365 MHz, 54644 MiB, 100 %, 0x0000000000000400
2026/09/22 10:52:39.706, 6, GPU-5a4ea3b7-bb73-9876-6f45-65769efc3066, NVIDIA RTX PRO 6000 Blackwell Max-Q Workstation Edition, 2317 MHz, 13365 MHz, 54599 MiB, 100 %, 0x0000000000000400
2026/09/22 10:52:40.706, 5, GPU-f93cb3ac-bea7-0586-9f2c-c0307696716e, NVIDIA RTX PRO 6000 Blackwell Max-Q Workstation Edition, 2310 MHz, 13365 MHz, 54644 MiB, 100 %, 0x0000000000000400
2026/09/22 10:52:40.706, 6, GPU-5a4ea3b7-bb73-9876-6f45-65769efc3066, NVIDIA RTX PRO 6000 Blackwell Max-Q Workstation Edition, 2317 MHz, 13365 MHz, 54599 MiB, 100 %, 0x0000000000000400
2026/09/22 10:52:41.706, 5, GPU-f93cb3ac-bea7-0586-9f2c-c0307696716e, NVIDIA RTX PRO 6000 Blackwell Max-Q Workstation Edition, 2310 MHz, 13365 MHz, 54644 MiB, 100 %, 0x0000000000000400
2026/09/22 10:52:41.706, 6, GPU-5a4ea3b7-bb73-9876-6f45-65769efc3066, NVIDIA RTX PRO 6000 Blackwell Max-Q Workstation Edition, 2317 MHz, 13365 MHz, 54599 MiB, 100 %, 0x0000000000000400
2026/09/22 10:52:42.706, 5, GPU-f93cb3ac-bea7-0586-9f2c-c0307696716e, NVIDIA RTX PRO 6000 Blackwell Max-Q Workstation Edition, 2310 MHz, 13365 MHz, 54644 MiB, 100 %, 0x0000000000000400
2026/09/22 10:52:42.706, 6, GPU-5a4ea3b7-bb73-9876-6f45-65769efc3066, NVIDIA RTX PRO 6000 Blackwell Max-Q Workstation Edition, 2317 MHz, 13365 MHz, 54599 MiB, 100 %, 0x0000000000000400
2026/09/22 10:52:43.706, 5, GPU-f93cb3ac-bea7-0586-9f2c-c0307696716e, NVIDIA RTX PRO 6000 Blackwell Max-Q Workstation Edition, 2310 MHz, 13365 MHz, 54644 MiB, 100 %, 0x0000000000000400
2026/09/22 10:52:43.707, 6, GPU-5a4ea3b7-bb73-9876-6f45-65769efc3066, NVIDIA RTX PRO 6000 Blackwell Max-Q Workstation Edition, 2317 MHz, 13365 MHz, 54599 MiB, 100 %, 0x0000000000000400
2026/09/22 10:52:44.707, 5, GPU-f93cb3ac-bea7-0586-9f2c-c0307696716e, NVIDIA RTX PRO 6000 Blackwell Max-Q Workstation Edition, 2310 MHz, 13365 MHz, 54644 MiB, 100 %, 0x0000000000000400
2026/09/22 10:52:44.707, 6, GPU-5a4ea3b7-bb73-9876-6f45-65769efc3066, NVIDIA RTX PRO 6000 Blackwell Max-Q Workstation Edition, 2317 MHz, 13365 MHz, 54599 MiB, 100 %, 0x0000000000000400
2026/09/22 10:52:45.707, 5, GPU-f93cb3ac-bea7-0586-9f2c-c0307696716e, NVIDIA RTX PRO 6000 Blackwell Max-Q Workstation Edition, 2310 MHz, 13365 MHz, 54644 MiB, 100 %, 0x0000000000000400
2026/09/22 10:52:45.707, 6, GPU-5a4ea3b7-bb73-9876-6f45-65769efc3066, NVIDIA RTX PRO 6000 Blackwell Max-Q Workstation Edition, 2317 MHz, 13365 MHz, 54599 MiB, 100 %, 0x0000000000000400
2026/09/22 10:52:46.707, 5, GPU-f93cb3ac-bea7-0586-9f2c-c0307696716e, NVIDIA RTX PRO 6000 Blackwell Max-Q Workstation Edition, 2310 MHz, 13365 MHz, 54644 MiB, 100 %, 0x0000000000000400
2026/09/22 10:52:46.707, 6, GPU-5a4ea3b7-bb73-9876-6f45-65769efc3066, NVIDIA RTX PRO 6000 Blackwell Max-Q Workstation Edition, 2317 MHz, 13365 MHz, 54599 MiB, 100 %, 0x0000000000000400
2026/09/22 10:52:47.707, 5, GPU-f93cb3ac-bea7-0586-9f2c-c0307696716e, NVIDIA RTX PRO 6000 Blackwell Max-Q Workstation Edition, 2310 MHz, 13365 MHz, 54644 MiB, 100 %, 0x0000000000000400
2026/09/22 10:52:47.708, 6, GPU-5a4ea3b7-bb73-9876-6f45-65769efc3066, NVIDIA RTX PRO 6000 Blackwell Max-Q Workstation Edition, 2317 MHz, 13365 MHz, 54599 MiB, 100 %, 0x0000000000000400
2026/09/22 10:52:48.708, 5, GPU-f93cb3ac-bea7-0586-9f2c-c0307696716e, NVIDIA RTX PRO 6000 Blackwell Max-Q Workstation Edition, 2310 MHz, 13365 MHz, 54644 MiB, 100 %, 0x0000000000000400
2026/09/22 10:52:48.708, 6, GPU-5a4ea3b7-bb73-9876-6f45-65769efc3066, NVIDIA RTX PRO 6000 Blackwell Max-Q Workstation Edition, 2317 MHz, 13365 MHz, 54599 MiB, 100 %, 0x0000000000000400
2026/09/22 10:52:49.708, 5, GPU-f93cb3ac-bea7-0586-9f2c-c0307696716e, NVIDIA RTX PRO 6000 Blackwell Max-Q Workstation Edition, 2310 MHz, 13365 MHz, 54644 MiB, 100 %, 0x0000000000000400
2026/09/22 10:52:49.708, 6, GPU-5a4ea3b7-bb73-9876-6f45-65769efc3066, NVIDIA RTX PRO 6000 Blackwell Max-Q Workstation Edition, 2317 MHz, 13365 MHz, 54599 MiB, 100 %, 0x0000000000000400
2026/09/22 10:52:50.708, 5, GPU-f93cb3ac-bea7-0586-9f2c-c0307696716e, NVIDIA RTX PRO 6000 Blackwell Max-Q Workstation Edition, 2310 MHz, 13365 MHz, 54644 MiB, 100 %, 0x0000000000000400
2026/09/22 10:52:50.708, 6, GPU-5a4ea3b7-bb73-9876-6f45-65769efc3066, NVIDIA RTX PRO 6000 Blackwell Max-Q Workstation Edition, 2317 MHz, 13365 MHz, 54599 MiB, 100 %, 0x0000000000000400
2026/09/22 10:52:51.709, 5, GPU-f93cb3ac-bea7-0586-9f2c-c0307696716e, NVIDIA RTX PRO 6000 Blackwell Max-Q Workstation Edition, 2310 MHz, 13365 MHz, 54644 MiB, 100 %, 0x0000000000000400
2026/09/22 10:52:51.709, 6, GPU-5a4ea3b7-bb73-9876-6f45-65769efc3066, NVIDIA RTX PRO 6000 Blackwell Max-Q Workstation Edition, 2325 MHz, 13365 MHz, 54599 MiB, 100 %, 0x0000000000000400
2026/09/22 10:52:52.709, 5, GPU-f93cb3ac-bea7-0586-9f2c-c0307696716e, NVIDIA RTX PRO 6000 Blackwell Max-Q Workstation Edition, 2310 MHz, 13365 MHz, 54644 MiB, 100 %, 0x0000000000000400
2026/09/22 10:52:52.709, 6, GPU-5a4ea3b7-bb73-9876-6f45-65769efc3066, NVIDIA RTX PRO 6000 Blackwell Max-Q Workstation Edition, 2317 MHz, 13365 MHz, 54599 MiB, 100 %, 0x0000000000000400
2026/09/22 10:52:53.709, 5, GPU-f93cb3ac-bea7-0586-9f2c-c0307696716e, NVIDIA RTX PRO 6000 Blackwell Max-Q Workstation Edition, 2310 MHz, 13365 MHz, 54644 MiB, 100 %, 0x0000000000000400
2026/09/22 10:52:53.709, 6, GPU-5a4ea3b7-bb73-9876-6f45-65769efc3066, NVIDIA RTX PRO 6000 Blackwell Max-Q Workstation Edition, 2317 MHz, 13365 MHz, 54599 MiB, 100 %, 0x0000000000000400
2026/09/22 10:52:54.709, 5, GPU-f93cb3ac-bea7-0586-9f2c-c0307696716e, NVIDIA RTX PRO 6000 Blackwell Max-Q Workstation Edition, 2310 MHz, 13365 MHz, 54644 MiB, 100 %, 0x0000000000000400
2026/09/22 10:52:54.709, 6, GPU-5a4ea3b7-bb73-9876-6f45-65769efc3066, NVIDIA RTX PRO 6000 Blackwell Max-Q Workstation Edition, 2317 MHz, 13365 MHz, 54599 MiB, 100 %, 0x0000000000000400
2026/09/22 10:52:55.710, 5, GPU-f93cb3ac-bea7-0586-9f2c-c0307696716e, NVIDIA RTX PRO 6000 Blackwell Max-Q Workstation Edition, 2310 MHz, 13365 MHz, 54644 MiB, 100 %, 0x0000000000000400
2026/09/22 10:52:55.710, 6, GPU-5a4ea3b7-bb73-9876-6f45-65769efc3066, NVIDIA RTX PRO 6000 Blackwell Max-Q Workstation Edition, 2317 MHz, 13365 MHz, 54599 MiB, 100 %, 0x0000000000000400
2026/09/22 10:52:56.710, 5, GPU-f93cb3ac-bea7-0586-9f2c-c0307696716e, NVIDIA RTX PRO 6000 Blackwell Max-Q Workstation Edition, 2310 MHz, 13365 MHz, 54644 MiB, 100 %, 0x0000000000000400
2026/09/22 10:52:56.710, 6, GPU-5a4ea3b7-bb73-9876-6f45-65769efc3066, NVIDIA RTX PRO 6000 Blackwell Max-Q Workstation Edition, 2325 MHz, 13365 MHz, 54599 MiB, 100 %, 0x0000000000000400
2026/09/22 10:52:57.710, 5, GPU-f93cb3ac-bea7-0586-9f2c-c0307696716e, NVIDIA RTX PRO 6000 Blackwell Max-Q Workstation Edition, 2310 MHz, 13365 MHz, 54644 MiB, 100 %, 0x0000000000000400
2026/09/22 10:52:57.724, 6, GPU-5a4ea3b7-bb73-9876-6f45-65769efc3066, NVIDIA RTX PRO 6000 Blackwell Max-Q Workstation Edition, 2317 MHz, 13365 MHz, 54599 MiB, 100 %, 0x0000000000000400
2026/09/22 10:52:58.735, 5, GPU-f93cb3ac-bea7-0586-9f2c-c0307696716e, NVIDIA RTX PRO 6000 Blackwell Max-Q Workstation Edition, 2310 MHz, 13365 MHz, 54644 MiB, 100 %, 0x0000000000000400
2026/09/22 10:52:58.735, 6, GPU-5a4ea3b7-bb73-9876-6f45-65769efc3066, NVIDIA RTX PRO 6000 Blackwell Max-Q Workstation Edition, 2317 MHz, 13365 MHz, 54599 MiB, 100 %, 0x0000000000000400
2026/09/22 10:52:59.735, 5, GPU-f93cb3ac-bea7-0586-9f2c-c0307696716e, NVIDIA RTX PRO 6000 Blackwell Max-Q Workstation Edition, 2310 MHz, 13365 MHz, 54644 MiB, 100 %, 0x0000000000000400
2026/09/22 10:52:59.735, 6, GPU-5a4ea3b7-bb73-9876-6f45-65769efc3066, NVIDIA RTX PRO 6000 Blackwell Max-Q Workstation Edition, 2317 MHz, 13365 MHz, 54599 MiB, 100 %, 0x0000000000000400
2026/09/22 10:53:00.735, 5, GPU-f93cb3ac-bea7-0586-9f2c-c0307696716e, NVIDIA RTX PRO 6000 Blackwell Max-Q Workstation Edition, 2310 MHz, 13365 MHz, 54644 MiB, 100 %, 0x0000000000000400
2026/09/22 10:53:00.735, 6, GPU-5a4ea3b7-bb73-9876-6f45-65769efc3066, NVIDIA RTX PRO 6000 Blackwell Max-Q Workstation Edition, 2317 MHz, 13365 MHz, 54599 MiB, 100 %, 0x0000000000000400
2026/09/22 10:53:01.735, 5, GPU-f93cb3ac-bea7-0586-9f2c-c0307696716e, NVIDIA RTX PRO 6000 Blackwell Max-Q Workstation Edition, 2310 MHz, 13365 MHz, 54644 MiB, 100 %, 0x0000000000000400
2026/09/22 10:53:01.735, 6, GPU-5a4ea3b7-bb73-9876-6f45-65769efc3066, NVIDIA RTX PRO 6000 Blackwell Max-Q Workstation Edition, 2317 MHz, 13365 MHz, 54599 MiB, 100 %, 0x0000000000000400
2026/09/22 10:53:02.736, 5, GPU-f93cb3ac-bea7-0586-9f2c-c0307696716e, NVIDIA RTX PRO 6000 Blackwell Max-Q Workstation Edition, 2310 MHz, 13365 MHz, 54644 MiB, 100 %, 0x0000000000000400
2026/09/22 10:53:02.736, 6, GPU-5a4ea3b7-bb73-9876-6f45-65769efc3066, NVIDIA RTX PRO 6000 Blackwell Max-Q Workstation Edition, 2317 MHz, 13365 MHz, 54599 MiB, 100 %, 0x0000000000000400
2026/09/22 10:53:03.736, 5, GPU-f93cb3ac-bea7-0586-9f2c-c0307696716e, NVIDIA RTX PRO 6000 Blackwell Max-Q Workstation Edition, 2310 MHz, 13365 MHz, 54644 MiB, 100 %, 0x0000000000000400
2026/09/22 10:53:03.736, 6, GPU-5a4ea3b7-bb73-9876-6f45-65769efc3066, NVIDIA RTX PRO 6000 Blackwell Max-Q Workstation Edition, 2325 MHz, 13365 MHz, 54599 MiB, 100 %, 0x0000000000000400
2026/09/22 10:53:04.736, 5, GPU-f93cb3ac-bea7-0586-9f2c-c0307696716e, NVIDIA RTX PRO 6000 Blackwell Max-Q Workstation Edition, 2310 MHz, 13365 MHz, 54644 MiB, 100 %, 0x0000000000000400
2026/09/22 10:53:04.736, 6, GPU-5a4ea3b7-bb73-9876-6f45-65769efc3066, NVIDIA RTX PRO 6000 Blackwell Max-Q Workstation Edition, 2325 MHz, 13365 MHz, 54599 MiB, 100 %, 0x0000000000000400
2026/09/22 10:53:05.737, 5, GPU-f93cb3ac-bea7-0586-9f2c-c0307696716e, NVIDIA RTX PRO 6000 Blackwell Max-Q Workstation Edition, 2310 MHz, 13365 MHz, 54644 MiB, 100 %, 0x0000000000000400
2026/09/22 10:53:05.737, 6, GPU-5a4ea3b7-bb73-9876-6f45-65769efc3066, NVIDIA RTX PRO 6000 Blackwell Max-Q Workstation Edition, 2317 MHz, 13365 MHz, 54599 MiB, 100 %, 0x0000000000000400
2026/09/22 10:53:06.737, 5, GPU-f93cb3ac-bea7-0586-9f2c-c0307696716e, NVIDIA RTX PRO 6000 Blackwell Max-Q Workstation Edition, 2310 MHz, 13365 MHz, 54644 MiB, 100 %, 0x0000000000000400
2026/09/22 10:53:06.737, 6, GPU-5a4ea3b7-bb73-9876-6f45-65769efc3066, NVIDIA RTX PRO 6000 Blackwell Max-Q Workstation Edition, 2325 MHz, 13365 MHz, 54599 MiB, 100 %, 0x0000000000000400
2026/09/22 10:53:07.737, 5, GPU-f93cb3ac-bea7-0586-9f2c-c0307696716e, NVIDIA RTX PRO 6000 Blackwell Max-Q Workstation Edition, 2310 MHz, 13365 MHz, 54644 MiB, 100 %, 0x0000000000000400
2026/09/22 10:53:07.737, 6, GPU-5a4ea3b7-bb73-9876-6f45-65769efc3066, NVIDIA RTX PRO 6000 Blackwell Max-Q Workstation Edition, 2317 MHz, 13365 MHz, 54599 MiB, 100 %, 0x0000000000000400
2026/09/22 10:53:08.737, 5, GPU-f93cb3ac-bea7-0586-9f2c-c0307696716e, NVIDIA RTX PRO 6000 Blackwell Max-Q Workstation Edition, 2310 MHz, 13365 MHz, 54644 MiB, 100 %, 0x0000000000000400
2026/09/22 10:53:08.737, 6, GPU-5a4ea3b7-bb73-9876-6f45-65769efc3066, NVIDIA RTX PRO 6000 Blackwell Max-Q Workstation Edition, 2317 MHz, 13365 MHz, 54599 MiB, 100 %, 0x0000000000000400
2026/09/22 10:53:09.738, 5, GPU-f93cb3ac-bea7-0586-9f2c-c0307696716e, NVIDIA RTX PRO 6000 Blackwell Max-Q Workstation Edition, 2347 MHz, 13365 MHz, 54644 MiB, 0 %, 0x0000000000000400
2026/09/22 10:53:09.738, 6, GPU-5a4ea3b7-bb73-9876-6f45-65769efc3066, NVIDIA RTX PRO 6000 Blackwell Max-Q Workstation Edition, 2355 MHz, 13365 MHz, 54599 MiB, 0 %, 0x0000000000000400
2026/09/22 10:53:10.738, 5, GPU-f93cb3ac-bea7-0586-9f2c-c0307696716e, NVIDIA RTX PRO 6000 Blackwell Max-Q Workstation Edition, 2347 MHz, 13365 MHz, 54644 MiB, 0 %, 0x0000000000000400
2026/09/22 10:53:10.738, 6, GPU-5a4ea3b7-bb73-9876-6f45-65769efc3066, NVIDIA RTX PRO 6000 Blackwell Max-Q Workstation Edition, 2355 MHz, 13365 MHz, 54599 MiB, 0 %, 0x0000000000000400
2026/09/22 10:53:11.738, 5, GPU-f93cb3ac-bea7-0586-9f2c-c0307696716e, NVIDIA RTX PRO 6000 Blackwell Max-Q Workstation Edition, 2347 MHz, 13365 MHz, 54644 MiB, 0 %, 0x0000000000000400
2026/09/22 10:53:11.738, 6, GPU-5a4ea3b7-bb73-9876-6f45-65769efc3066, NVIDIA RTX PRO 6000 Blackwell Max-Q Workstation Edition, 2332 MHz, 13365 MHz, 54599 MiB, 0 %, 0x0000000000000400
2026/09/22 10:53:12.738, 5, GPU-f93cb3ac-bea7-0586-9f2c-c0307696716e, NVIDIA RTX PRO 6000 Blackwell Max-Q Workstation Edition, 2257 MHz, 13365 MHz, 54644 MiB, 100 %, 0x0000000000000400
2026/09/22 10:53:12.739, 6, GPU-5a4ea3b7-bb73-9876-6f45-65769efc3066, NVIDIA RTX PRO 6000 Blackwell Max-Q Workstation Edition, 2265 MHz, 13365 MHz, 54599 MiB, 100 %, 0x0000000000000400
2026/09/22 10:53:13.739, 5, GPU-f93cb3ac-bea7-0586-9f2c-c0307696716e, NVIDIA RTX PRO 6000 Blackwell Max-Q Workstation Edition, 2257 MHz, 13365 MHz, 54644 MiB, 100 %, 0x0000000000000400
2026/09/22 10:53:13.739, 6, GPU-5a4ea3b7-bb73-9876-6f45-65769efc3066, NVIDIA RTX PRO 6000 Blackwell Max-Q Workstation Edition, 2265 MHz, 13365 MHz, 54599 MiB, 100 %, 0x0000000000000400
2026/09/22 10:53:14.739, 5, GPU-f93cb3ac-bea7-0586-9f2c-c0307696716e, NVIDIA RTX PRO 6000 Blackwell Max-Q Workstation Edition, 2257 MHz, 13365 MHz, 54644 MiB, 100 %, 0x0000000000000400
2026/09/22 10:53:14.739, 6, GPU-5a4ea3b7-bb73-9876-6f45-65769efc3066, NVIDIA RTX PRO 6000 Blackwell Max-Q Workstation Edition, 2265 MHz, 13365 MHz, 54599 MiB, 100 %, 0x0000000000000400
2026/09/22 10:53:15.739, 5, GPU-f93cb3ac-bea7-0586-9f2c-c0307696716e, NVIDIA RTX PRO 6000 Blackwell Max-Q Workstation Edition, 2257 MHz, 13365 MHz, 54644 MiB, 100 %, 0x0000000000000400
2026/09/22 10:53:15.739, 6, GPU-5a4ea3b7-bb73-9876-6f45-65769efc3066, NVIDIA RTX PRO 6000 Blackwell Max-Q Workstation Edition, 2265 MHz, 13365 MHz, 54599 MiB, 100 %, 0x0000000000000400
2026/09/22 10:53:16.739, 5, GPU-f93cb3ac-bea7-0586-9f2c-c0307696716e, NVIDIA RTX PRO 6000 Blackwell Max-Q Workstation Edition, 2250 MHz, 13365 MHz, 54644 MiB, 100 %, 0x0000000000000400
2026/09/22 10:53:16.739, 6, GPU-5a4ea3b7-bb73-9876-6f45-65769efc3066, NVIDIA RTX PRO 6000 Blackwell Max-Q Workstation Edition, 2257 MHz, 13365 MHz, 54599 MiB, 100 %, 0x0000000000000400
2026/09/22 10:53:17.740, 5, GPU-f93cb3ac-bea7-0586-9f2c-c0307696716e, NVIDIA RTX PRO 6000 Blackwell Max-Q Workstation Edition, 2250 MHz, 13365 MHz, 54644 MiB, 100 %, 0x0000000000000400
2026/09/22 10:53:17.740, 6, GPU-5a4ea3b7-bb73-9876-6f45-65769efc3066, NVIDIA RTX PRO 6000 Blackwell Max-Q Workstation Edition, 2265 MHz, 13365 MHz, 54599 MiB, 100 %, 0x0000000000000400
2026/09/22 10:53:18.740, 5, GPU-f93cb3ac-bea7-0586-9f2c-c0307696716e, NVIDIA RTX PRO 6000 Blackwell Max-Q Workstation Edition, 2257 MHz, 13365 MHz, 54644 MiB, 100 %, 0x0000000000000400
2026/09/22 10:53:18.758, 6, GPU-5a4ea3b7-bb73-9876-6f45-65769efc3066, NVIDIA RTX PRO 6000 Blackwell Max-Q Workstation Edition, 2257 MHz, 13365 MHz, 54599 MiB, 100 %, 0x0000000000000400
2026/09/22 10:53:19.775, 5, GPU-f93cb3ac-bea7-0586-9f2c-c0307696716e, NVIDIA RTX PRO 6000 Blackwell Max-Q Workstation Edition, 2250 MHz, 13365 MHz, 54644 MiB, 100 %, 0x0000000000000400
2026/09/22 10:53:19.775, 6, GPU-5a4ea3b7-bb73-9876-6f45-65769efc3066, NVIDIA RTX PRO 6000 Blackwell Max-Q Workstation Edition, 2257 MHz, 13365 MHz, 54599 MiB, 100 %, 0x0000000000000400
2026/09/22 10:53:20.776, 5, GPU-f93cb3ac-bea7-0586-9f2c-c0307696716e, NVIDIA RTX PRO 6000 Blackwell Max-Q Workstation Edition, 2250 MHz, 13365 MHz, 54644 MiB, 100 %, 0x0000000000000400
2026/09/22 10:53:20.776, 6, GPU-5a4ea3b7-bb73-9876-6f45-65769efc3066, NVIDIA RTX PRO 6000 Blackwell Max-Q Workstation Edition, 2257 MHz, 13365 MHz, 54599 MiB, 100 %, 0x0000000000000400
2026/09/22 10:53:21.776, 5, GPU-f93cb3ac-bea7-0586-9f2c-c0307696716e, NVIDIA RTX PRO 6000 Blackwell Max-Q Workstation Edition, 2250 MHz, 13365 MHz, 54644 MiB, 100 %, 0x0000000000000400
2026/09/22 10:53:21.776, 6, GPU-5a4ea3b7-bb73-9876-6f45-65769efc3066, NVIDIA RTX PRO 6000 Blackwell Max-Q Workstation Edition, 2257 MHz, 13365 MHz, 54599 MiB, 100 %, 0x0000000000000400
2026/09/22 10:53:22.776, 5, GPU-f93cb3ac-bea7-0586-9f2c-c0307696716e, NVIDIA RTX PRO 6000 Blackwell Max-Q Workstation Edition, 2250 MHz, 13365 MHz, 54644 MiB, 100 %, 0x0000000000000400
2026/09/22 10:53:22.776, 6, GPU-5a4ea3b7-bb73-9876-6f45-65769efc3066, NVIDIA RTX PRO 6000 Blackwell Max-Q Workstation Edition, 2257 MHz, 13365 MHz, 54599 MiB, 100 %, 0x0000000000000400
2026/09/22 10:53:23.776, 5, GPU-f93cb3ac-bea7-0586-9f2c-c0307696716e, NVIDIA RTX PRO 6000 Blackwell Max-Q Workstation Edition, 2257 MHz, 13365 MHz, 54644 MiB, 100 %, 0x0000000000000400
2026/09/22 10:53:23.776, 6, GPU-5a4ea3b7-bb73-9876-6f45-65769efc3066, NVIDIA RTX PRO 6000 Blackwell Max-Q Workstation Edition, 2257 MHz, 13365 MHz, 54599 MiB, 100 %, 0x0000000000000400
2026/09/22 10:53:24.777, 5, GPU-f93cb3ac-bea7-0586-9f2c-c0307696716e, NVIDIA RTX PRO 6000 Blackwell Max-Q Workstation Edition, 2257 MHz, 13365 MHz, 54644 MiB, 100 %, 0x0000000000000400
2026/09/22 10:53:24.777, 6, GPU-5a4ea3b7-bb73-9876-6f45-65769efc3066, NVIDIA RTX PRO 6000 Blackwell Max-Q Workstation Edition, 2257 MHz, 13365 MHz, 54599 MiB, 100 %, 0x0000000000000400
2026/09/22 10:53:25.777, 5, GPU-f93cb3ac-bea7-0586-9f2c-c0307696716e, NVIDIA RTX PRO 6000 Blackwell Max-Q Workstation Edition, 2250 MHz, 13365 MHz, 54644 MiB, 100 %, 0x0000000000000400
2026/09/22 10:53:25.777, 6, GPU-5a4ea3b7-bb73-9876-6f45-65769efc3066, NVIDIA RTX PRO 6000 Blackwell Max-Q Workstation Edition, 2257 MHz, 13365 MHz, 54599 MiB, 100 %, 0x0000000000000400
2026/09/22 10:53:26.777, 5, GPU-f93cb3ac-bea7-0586-9f2c-c0307696716e, NVIDIA RTX PRO 6000 Blackwell Max-Q Workstation Edition, 2257 MHz, 13365 MHz, 54644 MiB, 100 %, 0x0000000000000400
2026/09/22 10:53:26.777, 6, GPU-5a4ea3b7-bb73-9876-6f45-65769efc3066, NVIDIA RTX PRO 6000 Blackwell Max-Q Workstation Edition, 2257 MHz, 13365 MHz, 54599 MiB, 100 %, 0x0000000000000400
2026/09/22 10:53:27.777, 5, GPU-f93cb3ac-bea7-0586-9f2c-c0307696716e, NVIDIA RTX PRO 6000 Blackwell Max-Q Workstation Edition, 2257 MHz, 13365 MHz, 54644 MiB, 100 %, 0x0000000000000400
2026/09/22 10:53:27.777, 6, GPU-5a4ea3b7-bb73-9876-6f45-65769efc3066, NVIDIA RTX PRO 6000 Blackwell Max-Q Workstation Edition, 2257 MHz, 13365 MHz, 54599 MiB, 100 %, 0x0000000000000400
2026/09/22 10:53:28.778, 5, GPU-f93cb3ac-bea7-0586-9f2c-c0307696716e, NVIDIA RTX PRO 6000 Blackwell Max-Q Workstation Edition, 2257 MHz, 13365 MHz, 54644 MiB, 100 %, 0x0000000000000400
2026/09/22 10:53:28.778, 6, GPU-5a4ea3b7-bb73-9876-6f45-65769efc3066, NVIDIA RTX PRO 6000 Blackwell Max-Q Workstation Edition, 2265 MHz, 13365 MHz, 54599 MiB, 100 %, 0x0000000000000400
2026/09/22 10:53:29.778, 5, GPU-f93cb3ac-bea7-0586-9f2c-c0307696716e, NVIDIA RTX PRO 6000 Blackwell Max-Q Workstation Edition, 2257 MHz, 13365 MHz, 54644 MiB, 100 %, 0x0000000000000400
2026/09/22 10:53:29.778, 6, GPU-5a4ea3b7-bb73-9876-6f45-65769efc3066, NVIDIA RTX PRO 6000 Blackwell Max-Q Workstation Edition, 2257 MHz, 13365 MHz, 54599 MiB, 100 %, 0x0000000000000400
2026/09/22 10:53:30.778, 5, GPU-f93cb3ac-bea7-0586-9f2c-c0307696716e, NVIDIA RTX PRO 6000 Blackwell Max-Q Workstation Edition, 2250 MHz, 13365 MHz, 54644 MiB, 100 %, 0x0000000000000400
2026/09/22 10:53:30.778, 6, GPU-5a4ea3b7-bb73-9876-6f45-65769efc3066, NVIDIA RTX PRO 6000 Blackwell Max-Q Workstation Edition, 2257 MHz, 13365 MHz, 54599 MiB, 100 %, 0x0000000000000400
2026/09/22 10:53:31.779, 5, GPU-f93cb3ac-bea7-0586-9f2c-c0307696716e, NVIDIA RTX PRO 6000 Blackwell Max-Q Workstation Edition, 2250 MHz, 13365 MHz, 54644 MiB, 100 %, 0x0000000000000400
2026/09/22 10:53:31.779, 6, GPU-5a4ea3b7-bb73-9876-6f45-65769efc3066, NVIDIA RTX PRO 6000 Blackwell Max-Q Workstation Edition, 2257 MHz, 13365 MHz, 54599 MiB, 100 %, 0x0000000000000400
2026/09/22 10:53:32.779, 5, GPU-f93cb3ac-bea7-0586-9f2c-c0307696716e, NVIDIA RTX PRO 6000 Blackwell Max-Q Workstation Edition, 2250 MHz, 13365 MHz, 54644 MiB, 100 %, 0x0000000000000400
2026/09/22 10:53:32.779, 6, GPU-5a4ea3b7-bb73-9876-6f45-65769efc3066, NVIDIA RTX PRO 6000 Blackwell Max-Q Workstation Edition, 2257 MHz, 13365 MHz, 54599 MiB, 100 %, 0x0000000000000400
2026/09/22 10:53:33.779, 5, GPU-f93cb3ac-bea7-0586-9f2c-c0307696716e, NVIDIA RTX PRO 6000 Blackwell Max-Q Workstation Edition, 2250 MHz, 13365 MHz, 54644 MiB, 100 %, 0x0000000000000400
2026/09/22 10:53:33.779, 6, GPU-5a4ea3b7-bb73-9876-6f45-65769efc3066, NVIDIA RTX PRO 6000 Blackwell Max-Q Workstation Edition, 2257 MHz, 13365 MHz, 54599 MiB, 100 %, 0x0000000000000400
2026/09/22 10:53:34.779, 5, GPU-f93cb3ac-bea7-0586-9f2c-c0307696716e, NVIDIA RTX PRO 6000 Blackwell Max-Q Workstation Edition, 2250 MHz, 13365 MHz, 54644 MiB, 100 %, 0x0000000000000400
2026/09/22 10:53:34.779, 6, GPU-5a4ea3b7-bb73-9876-6f45-65769efc3066, NVIDIA RTX PRO 6000 Blackwell Max-Q Workstation Edition, 2257 MHz, 13365 MHz, 54599 MiB, 100 %, 0x0000000000000400
2026/09/22 10:53:35.779, 5, GPU-f93cb3ac-bea7-0586-9f2c-c0307696716e, NVIDIA RTX PRO 6000 Blackwell Max-Q Workstation Edition, 2250 MHz, 13365 MHz, 54644 MiB, 100 %, 0x0000000000000400
2026/09/22 10:53:35.780, 6, GPU-5a4ea3b7-bb73-9876-6f45-65769efc3066, NVIDIA RTX PRO 6000 Blackwell Max-Q Workstation Edition, 2257 MHz, 13365 MHz, 54599 MiB, 100 %, 0x0000000000000400
2026/09/22 10:53:36.780, 5, GPU-f93cb3ac-bea7-0586-9f2c-c0307696716e, NVIDIA RTX PRO 6000 Blackwell Max-Q Workstation Edition, 2250 MHz, 13365 MHz, 54644 MiB, 100 %, 0x0000000000000400
2026/09/22 10:53:36.780, 6, GPU-5a4ea3b7-bb73-9876-6f45-65769efc3066, NVIDIA RTX PRO 6000 Blackwell Max-Q Workstation Edition, 2257 MHz, 13365 MHz, 54599 MiB, 100 %, 0x0000000000000400
2026/09/22 10:53:37.780, 5, GPU-f93cb3ac-bea7-0586-9f2c-c0307696716e, NVIDIA RTX PRO 6000 Blackwell Max-Q Workstation Edition, 2250 MHz, 13365 MHz, 54644 MiB, 100 %, 0x0000000000000400
2026/09/22 10:53:37.780, 6, GPU-5a4ea3b7-bb73-9876-6f45-65769efc3066, NVIDIA RTX PRO 6000 Blackwell Max-Q Workstation Edition, 2257 MHz, 13365 MHz, 54599 MiB, 100 %, 0x0000000000000400
2026/09/22 10:53:38.780, 5, GPU-f93cb3ac-bea7-0586-9f2c-c0307696716e, NVIDIA RTX PRO 6000 Blackwell Max-Q Workstation Edition, 2250 MHz, 13365 MHz, 54644 MiB, 100 %, 0x0000000000000400
2026/09/22 10:53:38.780, 6, GPU-5a4ea3b7-bb73-9876-6f45-65769efc3066, NVIDIA RTX PRO 6000 Blackwell Max-Q Workstation Edition, 2257 MHz, 13365 MHz, 54599 MiB, 100 %, 0x0000000000000400
2026/09/22 10:53:39.780, 5, GPU-f93cb3ac-bea7-0586-9f2c-c0307696716e, NVIDIA RTX PRO 6000 Blackwell Max-Q Workstation Edition, 2250 MHz, 13365 MHz, 54644 MiB, 100 %, 0x0000000000000400
2026/09/22 10:53:39.790, 6, GPU-5a4ea3b7-bb73-9876-6f45-65769efc3066, NVIDIA RTX PRO 6000 Blackwell Max-Q Workstation Edition, 2257 MHz, 13365 MHz, 54599 MiB, 100 %, 0x0000000000000400
2026/09/22 10:53:40.803, 5, GPU-f93cb3ac-bea7-0586-9f2c-c0307696716e, NVIDIA RTX PRO 6000 Blackwell Max-Q Workstation Edition, 2250 MHz, 13365 MHz, 54644 MiB, 100 %, 0x0000000000000400
2026/09/22 10:53:40.803, 6, GPU-5a4ea3b7-bb73-9876-6f45-65769efc3066, NVIDIA RTX PRO 6000 Blackwell Max-Q Workstation Edition, 2257 MHz, 13365 MHz, 54599 MiB, 100 %, 0x0000000000000400
2026/09/22 10:53:41.803, 5, GPU-f93cb3ac-bea7-0586-9f2c-c0307696716e, NVIDIA RTX PRO 6000 Blackwell Max-Q Workstation Edition, 2250 MHz, 13365 MHz, 54644 MiB, 100 %, 0x0000000000000400
2026/09/22 10:53:41.804, 6, GPU-5a4ea3b7-bb73-9876-6f45-65769efc3066, NVIDIA RTX PRO 6000 Blackwell Max-Q Workstation Edition, 2257 MHz, 13365 MHz, 54599 MiB, 100 %, 0x0000000000000400
2026/09/22 10:53:42.804, 5, GPU-f93cb3ac-bea7-0586-9f2c-c0307696716e, NVIDIA RTX PRO 6000 Blackwell Max-Q Workstation Edition, 2250 MHz, 13365 MHz, 54644 MiB, 100 %, 0x0000000000000400
2026/09/22 10:53:42.804, 6, GPU-5a4ea3b7-bb73-9876-6f45-65769efc3066, NVIDIA RTX PRO 6000 Blackwell Max-Q Workstation Edition, 2257 MHz, 13365 MHz, 54599 MiB, 100 %, 0x0000000000000400
2026/09/22 10:53:43.804, 5, GPU-f93cb3ac-bea7-0586-9f2c-c0307696716e, NVIDIA RTX PRO 6000 Blackwell Max-Q Workstation Edition, 2250 MHz, 13365 MHz, 54644 MiB, 100 %, 0x0000000000000400
2026/09/22 10:53:43.804, 6, GPU-5a4ea3b7-bb73-9876-6f45-65769efc3066, NVIDIA RTX PRO 6000 Blackwell Max-Q Workstation Edition, 2257 MHz, 13365 MHz, 54599 MiB, 100 %, 0x0000000000000400
2026/09/22 10:53:44.804, 5, GPU-f93cb3ac-bea7-0586-9f2c-c0307696716e, NVIDIA RTX PRO 6000 Blackwell Max-Q Workstation Edition, 2250 MHz, 13365 MHz, 54644 MiB, 100 %, 0x0000000000000400
2026/09/22 10:53:44.804, 6, GPU-5a4ea3b7-bb73-9876-6f45-65769efc3066, NVIDIA RTX PRO 6000 Blackwell Max-Q Workstation Edition, 2257 MHz, 13365 MHz, 54599 MiB, 100 %, 0x0000000000000400
2026/09/22 10:53:45.804, 5, GPU-f93cb3ac-bea7-0586-9f2c-c0307696716e, NVIDIA RTX PRO 6000 Blackwell Max-Q Workstation Edition, 2250 MHz, 13365 MHz, 54644 MiB, 100 %, 0x0000000000000400
2026/09/22 10:53:45.805, 6, GPU-5a4ea3b7-bb73-9876-6f45-65769efc3066, NVIDIA RTX PRO 6000 Blackwell Max-Q Workstation Edition, 2257 MHz, 13365 MHz, 54599 MiB, 100 %, 0x0000000000000400
2026/09/22 10:53:46.805, 5, GPU-f93cb3ac-bea7-0586-9f2c-c0307696716e, NVIDIA RTX PRO 6000 Blackwell Max-Q Workstation Edition, 2250 MHz, 13365 MHz, 54644 MiB, 100 %, 0x0000000000000400
2026/09/22 10:53:46.805, 6, GPU-5a4ea3b7-bb73-9876-6f45-65769efc3066, NVIDIA RTX PRO 6000 Blackwell Max-Q Workstation Edition, 2257 MHz, 13365 MHz, 54599 MiB, 100 %, 0x0000000000000400
2026/09/22 10:53:47.805, 5, GPU-f93cb3ac-bea7-0586-9f2c-c0307696716e, NVIDIA RTX PRO 6000 Blackwell Max-Q Workstation Edition, 2340 MHz, 13365 MHz, 54644 MiB, 0 %, 0x0000000000000400
2026/09/22 10:53:47.805, 6, GPU-5a4ea3b7-bb73-9876-6f45-65769efc3066, NVIDIA RTX PRO 6000 Blackwell Max-Q Workstation Edition, 2355 MHz, 13365 MHz, 54599 MiB, 0 %, 0x0000000000000400
2026/09/22 10:53:48.805, 5, GPU-f93cb3ac-bea7-0586-9f2c-c0307696716e, NVIDIA RTX PRO 6000 Blackwell Max-Q Workstation Edition, 2347 MHz, 13365 MHz, 54644 MiB, 0 %, 0x0000000000000400
2026/09/22 10:53:48.805, 6, GPU-5a4ea3b7-bb73-9876-6f45-65769efc3066, NVIDIA RTX PRO 6000 Blackwell Max-Q Workstation Edition, 2355 MHz, 13365 MHz, 54599 MiB, 0 %, 0x0000000000000400
2026/09/22 10:53:49.805, 5, GPU-f93cb3ac-bea7-0586-9f2c-c0307696716e, NVIDIA RTX PRO 6000 Blackwell Max-Q Workstation Edition, 2325 MHz, 13365 MHz, 54644 MiB, 0 %, 0x0000000000000400
2026/09/22 10:53:49.806, 6, GPU-5a4ea3b7-bb73-9876-6f45-65769efc3066, NVIDIA RTX PRO 6000 Blackwell Max-Q Workstation Edition, 2355 MHz, 13365 MHz, 54599 MiB, 0 %, 0x0000000000000400
2026/09/22 10:53:50.806, 5, GPU-f93cb3ac-bea7-0586-9f2c-c0307696716e, NVIDIA RTX PRO 6000 Blackwell Max-Q Workstation Edition, 2272 MHz, 13365 MHz, 54644 MiB, 0 %, 0x0000000000000400
2026/09/22 10:53:50.806, 6, GPU-5a4ea3b7-bb73-9876-6f45-65769efc3066, NVIDIA RTX PRO 6000 Blackwell Max-Q Workstation Edition, 2272 MHz, 13365 MHz, 54599 MiB, 0 %, 0x0000000000000400
2026/09/22 10:53:51.806, 5, GPU-f93cb3ac-bea7-0586-9f2c-c0307696716e, NVIDIA RTX PRO 6000 Blackwell Max-Q Workstation Edition, 2272 MHz, 13365 MHz, 54644 MiB, 0 %, 0x0000000000000400
2026/09/22 10:53:51.806, 6, GPU-5a4ea3b7-bb73-9876-6f45-65769efc3066, NVIDIA RTX PRO 6000 Blackwell Max-Q Workstation Edition, 2272 MHz, 13365 MHz, 54599 MiB, 0 %, 0x0000000000000400
2026/09/22 10:53:52.806, 5, GPU-f93cb3ac-bea7-0586-9f2c-c0307696716e, NVIDIA RTX PRO 6000 Blackwell Max-Q Workstation Edition, 2280 MHz, 13365 MHz, 54644 MiB, 100 %, 0x0000000000000400
2026/09/22 10:53:52.806, 6, GPU-5a4ea3b7-bb73-9876-6f45-65769efc3066, NVIDIA RTX PRO 6000 Blackwell Max-Q Workstation Edition, 2317 MHz, 13365 MHz, 54599 MiB, 100 %, 0x0000000000000400
2026/09/22 10:53:53.806, 5, GPU-f93cb3ac-bea7-0586-9f2c-c0307696716e, NVIDIA RTX PRO 6000 Blackwell Max-Q Workstation Edition, 2310 MHz, 13365 MHz, 54644 MiB, 100 %, 0x0000000000000400
2026/09/22 10:53:53.807, 6, GPU-5a4ea3b7-bb73-9876-6f45-65769efc3066, NVIDIA RTX PRO 6000 Blackwell Max-Q Workstation Edition, 2325 MHz, 13365 MHz, 54599 MiB, 100 %, 0x0000000000000400
2026/09/22 10:53:54.807, 5, GPU-f93cb3ac-bea7-0586-9f2c-c0307696716e, NVIDIA RTX PRO 6000 Blackwell Max-Q Workstation Edition, 2310 MHz, 13365 MHz, 54644 MiB, 100 %, 0x0000000000000400
2026/09/22 10:53:54.807, 6, GPU-5a4ea3b7-bb73-9876-6f45-65769efc3066, NVIDIA RTX PRO 6000 Blackwell Max-Q Workstation Edition, 2325 MHz, 13365 MHz, 54599 MiB, 100 %, 0x0000000000000400
2026/09/22 10:53:55.807, 5, GPU-f93cb3ac-bea7-0586-9f2c-c0307696716e, NVIDIA RTX PRO 6000 Blackwell Max-Q Workstation Edition, 2310 MHz, 13365 MHz, 54644 MiB, 100 %, 0x0000000000000400
2026/09/22 10:53:55.807, 6, GPU-5a4ea3b7-bb73-9876-6f45-65769efc3066, NVIDIA RTX PRO 6000 Blackwell Max-Q Workstation Edition, 2317 MHz, 13365 MHz, 54599 MiB, 100 %, 0x0000000000000400
2026/09/22 10:53:56.807, 5, GPU-f93cb3ac-bea7-0586-9f2c-c0307696716e, NVIDIA RTX PRO 6000 Blackwell Max-Q Workstation Edition, 2310 MHz, 13365 MHz, 54644 MiB, 100 %, 0x0000000000000400
2026/09/22 10:53:56.807, 6, GPU-5a4ea3b7-bb73-9876-6f45-65769efc3066, NVIDIA RTX PRO 6000 Blackwell Max-Q Workstation Edition, 2317 MHz, 13365 MHz, 54599 MiB, 100 %, 0x0000000000000400
2026/09/22 10:53:57.807, 5, GPU-f93cb3ac-bea7-0586-9f2c-c0307696716e, NVIDIA RTX PRO 6000 Blackwell Max-Q Workstation Edition, 2310 MHz, 13365 MHz, 54644 MiB, 100 %, 0x0000000000000400
2026/09/22 10:53:57.808, 6, GPU-5a4ea3b7-bb73-9876-6f45-65769efc3066, NVIDIA RTX PRO 6000 Blackwell Max-Q Workstation Edition, 2317 MHz, 13365 MHz, 54599 MiB, 100 %, 0x0000000000000400
2026/09/22 10:53:58.808, 5, GPU-f93cb3ac-bea7-0586-9f2c-c0307696716e, NVIDIA RTX PRO 6000 Blackwell Max-Q Workstation Edition, 2310 MHz, 13365 MHz, 54644 MiB, 100 %, 0x0000000000000400
2026/09/22 10:53:58.808, 6, GPU-5a4ea3b7-bb73-9876-6f45-65769efc3066, NVIDIA RTX PRO 6000 Blackwell Max-Q Workstation Edition, 2317 MHz, 13365 MHz, 54599 MiB, 100 %, 0x0000000000000400
2026/09/22 10:53:59.808, 5, GPU-f93cb3ac-bea7-0586-9f2c-c0307696716e, NVIDIA RTX PRO 6000 Blackwell Max-Q Workstation Edition, 2310 MHz, 13365 MHz, 54644 MiB, 100 %, 0x0000000000000400
2026/09/22 10:53:59.808, 6, GPU-5a4ea3b7-bb73-9876-6f45-65769efc3066, NVIDIA RTX PRO 6000 Blackwell Max-Q Workstation Edition, 2317 MHz, 13365 MHz, 54599 MiB, 100 %, 0x0000000000000400
2026/09/22 10:54:00.808, 5, GPU-f93cb3ac-bea7-0586-9f2c-c0307696716e, NVIDIA RTX PRO 6000 Blackwell Max-Q Workstation Edition, 2310 MHz, 13365 MHz, 54644 MiB, 100 %, 0x0000000000000400
2026/09/22 10:54:00.808, 6, GPU-5a4ea3b7-bb73-9876-6f45-65769efc3066, NVIDIA RTX PRO 6000 Blackwell Max-Q Workstation Edition, 2317 MHz, 13365 MHz, 54599 MiB, 100 %, 0x0000000000000400
2026/09/22 10:54:01.808, 5, GPU-f93cb3ac-bea7-0586-9f2c-c0307696716e, NVIDIA RTX PRO 6000 Blackwell Max-Q Workstation Edition, 2310 MHz, 13365 MHz, 54644 MiB, 100 %, 0x0000000000000400
2026/09/22 10:54:01.809, 6, GPU-5a4ea3b7-bb73-9876-6f45-65769efc3066, NVIDIA RTX PRO 6000 Blackwell Max-Q Workstation Edition, 2317 MHz, 13365 MHz, 54599 MiB, 100 %, 0x0000000000000400
2026/09/22 10:54:02.809, 5, GPU-f93cb3ac-bea7-0586-9f2c-c0307696716e, NVIDIA RTX PRO 6000 Blackwell Max-Q Workstation Edition, 2310 MHz, 13365 MHz, 54644 MiB, 100 %, 0x0000000000000400
2026/09/22 10:54:02.809, 6, GPU-5a4ea3b7-bb73-9876-6f45-65769efc3066, NVIDIA RTX PRO 6000 Blackwell Max-Q Workstation Edition, 2317 MHz, 13365 MHz, 54599 MiB, 100 %, 0x0000000000000400
2026/09/22 10:54:03.809, 5, GPU-f93cb3ac-bea7-0586-9f2c-c0307696716e, NVIDIA RTX PRO 6000 Blackwell Max-Q Workstation Edition, 2310 MHz, 13365 MHz, 54644 MiB, 100 %, 0x0000000000000400
2026/09/22 10:54:03.809, 6, GPU-5a4ea3b7-bb73-9876-6f45-65769efc3066, NVIDIA RTX PRO 6000 Blackwell Max-Q Workstation Edition, 2317 MHz, 13365 MHz, 54599 MiB, 100 %, 0x0000000000000400
2026/09/22 10:54:04.809, 5, GPU-f93cb3ac-bea7-0586-9f2c-c0307696716e, NVIDIA RTX PRO 6000 Blackwell Max-Q Workstation Edition, 2310 MHz, 13365 MHz, 54644 MiB, 100 %, 0x0000000000000400
2026/09/22 10:54:04.809, 6, GPU-5a4ea3b7-bb73-9876-6f45-65769efc3066, NVIDIA RTX PRO 6000 Blackwell Max-Q Workstation Edition, 2317 MHz, 13365 MHz, 54599 MiB, 100 %, 0x0000000000000400
2026/09/22 10:54:05.810, 5, GPU-f93cb3ac-bea7-0586-9f2c-c0307696716e, NVIDIA RTX PRO 6000 Blackwell Max-Q Workstation Edition, 2310 MHz, 13365 MHz, 54644 MiB, 100 %, 0x0000000000000400
2026/09/22 10:54:05.810, 6, GPU-5a4ea3b7-bb73-9876-6f45-65769efc3066, NVIDIA RTX PRO 6000 Blackwell Max-Q Workstation Edition, 2317 MHz, 13365 MHz, 54599 MiB, 100 %, 0x0000000000000400
2026/09/22 10:54:06.810, 5, GPU-f93cb3ac-bea7-0586-9f2c-c0307696716e, NVIDIA RTX PRO 6000 Blackwell Max-Q Workstation Edition, 2310 MHz, 13365 MHz, 54644 MiB, 100 %, 0x0000000000000400
2026/09/22 10:54:06.810, 6, GPU-5a4ea3b7-bb73-9876-6f45-65769efc3066, NVIDIA RTX PRO 6000 Blackwell Max-Q Workstation Edition, 2317 MHz, 13365 MHz, 54599 MiB, 100 %, 0x0000000000000400
2026/09/22 10:54:07.810, 5, GPU-f93cb3ac-bea7-0586-9f2c-c0307696716e, NVIDIA RTX PRO 6000 Blackwell Max-Q Workstation Edition, 2310 MHz, 13365 MHz, 54644 MiB, 100 %, 0x0000000000000400
2026/09/22 10:54:07.810, 6, GPU-5a4ea3b7-bb73-9876-6f45-65769efc3066, NVIDIA RTX PRO 6000 Blackwell Max-Q Workstation Edition, 2325 MHz, 13365 MHz, 54599 MiB, 100 %, 0x0000000000000400
2026/09/22 10:54:08.810, 5, GPU-f93cb3ac-bea7-0586-9f2c-c0307696716e, NVIDIA RTX PRO 6000 Blackwell Max-Q Workstation Edition, 2340 MHz, 13365 MHz, 54644 MiB, 0 %, 0x0000000000000400
2026/09/22 10:54:08.810, 6, GPU-5a4ea3b7-bb73-9876-6f45-65769efc3066, NVIDIA RTX PRO 6000 Blackwell Max-Q Workstation Edition, 2355 MHz, 13365 MHz, 54599 MiB, 0 %, 0x0000000000000400
2026/09/22 10:54:09.810, 5, GPU-f93cb3ac-bea7-0586-9f2c-c0307696716e, NVIDIA RTX PRO 6000 Blackwell Max-Q Workstation Edition, 2347 MHz, 13365 MHz, 54644 MiB, 0 %, 0x0000000000000400
2026/09/22 10:54:09.811, 6, GPU-5a4ea3b7-bb73-9876-6f45-65769efc3066, NVIDIA RTX PRO 6000 Blackwell Max-Q Workstation Edition, 2355 MHz, 13365 MHz, 54599 MiB, 0 %, 0x0000000000000400
2026/09/22 10:54:10.811, 5, GPU-f93cb3ac-bea7-0586-9f2c-c0307696716e, NVIDIA RTX PRO 6000 Blackwell Max-Q Workstation Edition, 2325 MHz, 13365 MHz, 54644 MiB, 0 %, 0x0000000000000400
2026/09/22 10:54:10.811, 6, GPU-5a4ea3b7-bb73-9876-6f45-65769efc3066, NVIDIA RTX PRO 6000 Blackwell Max-Q Workstation Edition, 2347 MHz, 13365 MHz, 54599 MiB, 0 %, 0x0000000000000400
2026/09/22 10:54:11.811, 5, GPU-f93cb3ac-bea7-0586-9f2c-c0307696716e, NVIDIA RTX PRO 6000 Blackwell Max-Q Workstation Edition, 2302 MHz, 13365 MHz, 54644 MiB, 100 %, 0x0000000000000400
2026/09/22 10:54:11.811, 6, GPU-5a4ea3b7-bb73-9876-6f45-65769efc3066, NVIDIA RTX PRO 6000 Blackwell Max-Q Workstation Edition, 2317 MHz, 13365 MHz, 54599 MiB, 100 %, 0x0000000000000400
2026/09/22 10:54:12.811, 5, GPU-f93cb3ac-bea7-0586-9f2c-c0307696716e, NVIDIA RTX PRO 6000 Blackwell Max-Q Workstation Edition, 2310 MHz, 13365 MHz, 54644 MiB, 100 %, 0x0000000000000400
2026/09/22 10:54:12.811, 6, GPU-5a4ea3b7-bb73-9876-6f45-65769efc3066, NVIDIA RTX PRO 6000 Blackwell Max-Q Workstation Edition, 2317 MHz, 13365 MHz, 54599 MiB, 100 %, 0x0000000000000400
2026/09/22 10:54:13.811, 5, GPU-f93cb3ac-bea7-0586-9f2c-c0307696716e, NVIDIA RTX PRO 6000 Blackwell Max-Q Workstation Edition, 2310 MHz, 13365 MHz, 54644 MiB, 100 %, 0x0000000000000400
2026/09/22 10:54:13.812, 6, GPU-5a4ea3b7-bb73-9876-6f45-65769efc3066, NVIDIA RTX PRO 6000 Blackwell Max-Q Workstation Edition, 2317 MHz, 13365 MHz, 54599 MiB, 100 %, 0x0000000000000400
2026/09/22 10:54:14.812, 5, GPU-f93cb3ac-bea7-0586-9f2c-c0307696716e, NVIDIA RTX PRO 6000 Blackwell Max-Q Workstation Edition, 2310 MHz, 13365 MHz, 54644 MiB, 100 %, 0x0000000000000400
2026/09/22 10:54:14.812, 6, GPU-5a4ea3b7-bb73-9876-6f45-65769efc3066, NVIDIA RTX PRO 6000 Blackwell Max-Q Workstation Edition, 2317 MHz, 13365 MHz, 54599 MiB, 100 %, 0x0000000000000400
2026/09/22 10:54:15.812, 5, GPU-f93cb3ac-bea7-0586-9f2c-c0307696716e, NVIDIA RTX PRO 6000 Blackwell Max-Q Workstation Edition, 2310 MHz, 13365 MHz, 54644 MiB, 100 %, 0x0000000000000400
2026/09/22 10:54:15.812, 6, GPU-5a4ea3b7-bb73-9876-6f45-65769efc3066, NVIDIA RTX PRO 6000 Blackwell Max-Q Workstation Edition, 2317 MHz, 13365 MHz, 54599 MiB, 100 %, 0x0000000000000400
2026/09/22 10:54:16.812, 5, GPU-f93cb3ac-bea7-0586-9f2c-c0307696716e, NVIDIA RTX PRO 6000 Blackwell Max-Q Workstation Edition, 2310 MHz, 13365 MHz, 54644 MiB, 100 %, 0x0000000000000400
2026/09/22 10:54:16.812, 6, GPU-5a4ea3b7-bb73-9876-6f45-65769efc3066, NVIDIA RTX PRO 6000 Blackwell Max-Q Workstation Edition, 2317 MHz, 13365 MHz, 54599 MiB, 100 %, 0x0000000000000400
2026/09/22 10:54:17.813, 5, GPU-f93cb3ac-bea7-0586-9f2c-c0307696716e, NVIDIA RTX PRO 6000 Blackwell Max-Q Workstation Edition, 2310 MHz, 13365 MHz, 54644 MiB, 100 %, 0x0000000000000400
2026/09/22 10:54:17.813, 6, GPU-5a4ea3b7-bb73-9876-6f45-65769efc3066, NVIDIA RTX PRO 6000 Blackwell Max-Q Workstation Edition, 2317 MHz, 13365 MHz, 54599 MiB, 100 %, 0x0000000000000400
2026/09/22 10:54:18.813, 5, GPU-f93cb3ac-bea7-0586-9f2c-c0307696716e, NVIDIA RTX PRO 6000 Blackwell Max-Q Workstation Edition, 2310 MHz, 13365 MHz, 54644 MiB, 100 %, 0x0000000000000400
2026/09/22 10:54:18.813, 6, GPU-5a4ea3b7-bb73-9876-6f45-65769efc3066, NVIDIA RTX PRO 6000 Blackwell Max-Q Workstation Edition, 2317 MHz, 13365 MHz, 54599 MiB, 100 %, 0x0000000000000400
2026/09/22 10:54:19.813, 5, GPU-f93cb3ac-bea7-0586-9f2c-c0307696716e, NVIDIA RTX PRO 6000 Blackwell Max-Q Workstation Edition, 2310 MHz, 13365 MHz, 54644 MiB, 100 %, 0x0000000000000400
2026/09/22 10:54:19.813, 6, GPU-5a4ea3b7-bb73-9876-6f45-65769efc3066, NVIDIA RTX PRO 6000 Blackwell Max-Q Workstation Edition, 2317 MHz, 13365 MHz, 54599 MiB, 100 %, 0x0000000000000400
2026/09/22 10:54:20.813, 5, GPU-f93cb3ac-bea7-0586-9f2c-c0307696716e, NVIDIA RTX PRO 6000 Blackwell Max-Q Workstation Edition, 2310 MHz, 13365 MHz, 54644 MiB, 100 %, 0x0000000000000400
2026/09/22 10:54:20.813, 6, GPU-5a4ea3b7-bb73-9876-6f45-65769efc3066, NVIDIA RTX PRO 6000 Blackwell Max-Q Workstation Edition, 2317 MHz, 13365 MHz, 54599 MiB, 100 %, 0x0000000000000400
2026/09/22 10:54:21.814, 5, GPU-f93cb3ac-bea7-0586-9f2c-c0307696716e, NVIDIA RTX PRO 6000 Blackwell Max-Q Workstation Edition, 2310 MHz, 13365 MHz, 54644 MiB, 100 %, 0x0000000000000400
2026/09/22 10:54:21.814, 6, GPU-5a4ea3b7-bb73-9876-6f45-65769efc3066, NVIDIA RTX PRO 6000 Blackwell Max-Q Workstation Edition, 2317 MHz, 13365 MHz, 54599 MiB, 100 %, 0x0000000000000400
2026/09/22 10:54:22.814, 5, GPU-f93cb3ac-bea7-0586-9f2c-c0307696716e, NVIDIA RTX PRO 6000 Blackwell Max-Q Workstation Edition, 2310 MHz, 13365 MHz, 54644 MiB, 100 %, 0x0000000000000400
2026/09/22 10:54:22.814, 6, GPU-5a4ea3b7-bb73-9876-6f45-65769efc3066, NVIDIA RTX PRO 6000 Blackwell Max-Q Workstation Edition, 2317 MHz, 13365 MHz, 54599 MiB, 100 %, 0x0000000000000400
2026/09/22 10:54:23.814, 5, GPU-f93cb3ac-bea7-0586-9f2c-c0307696716e, NVIDIA RTX PRO 6000 Blackwell Max-Q Workstation Edition, 2310 MHz, 13365 MHz, 54644 MiB, 100 %, 0x0000000000000400
2026/09/22 10:54:23.814, 6, GPU-5a4ea3b7-bb73-9876-6f45-65769efc3066, NVIDIA RTX PRO 6000 Blackwell Max-Q Workstation Edition, 2317 MHz, 13365 MHz, 54599 MiB, 100 %, 0x0000000000000400
2026/09/22 10:54:24.814, 5, GPU-f93cb3ac-bea7-0586-9f2c-c0307696716e, NVIDIA RTX PRO 6000 Blackwell Max-Q Workstation Edition, 2310 MHz, 13365 MHz, 54644 MiB, 100 %, 0x0000000000000400
2026/09/22 10:54:24.815, 6, GPU-5a4ea3b7-bb73-9876-6f45-65769efc3066, NVIDIA RTX PRO 6000 Blackwell Max-Q Workstation Edition, 2317 MHz, 13365 MHz, 54599 MiB, 100 %, 0x0000000000000400
2026/09/22 10:54:25.815, 5, GPU-f93cb3ac-bea7-0586-9f2c-c0307696716e, NVIDIA RTX PRO 6000 Blackwell Max-Q Workstation Edition, 2310 MHz, 13365 MHz, 54644 MiB, 100 %, 0x0000000000000400
2026/09/22 10:54:25.815, 6, GPU-5a4ea3b7-bb73-9876-6f45-65769efc3066, NVIDIA RTX PRO 6000 Blackwell Max-Q Workstation Edition, 2317 MHz, 13365 MHz, 54599 MiB, 100 %, 0x0000000000000400
2026/09/22 10:54:26.815, 5, GPU-f93cb3ac-bea7-0586-9f2c-c0307696716e, NVIDIA RTX PRO 6000 Blackwell Max-Q Workstation Edition, 2310 MHz, 13365 MHz, 54644 MiB, 100 %, 0x0000000000000400
2026/09/22 10:54:26.815, 6, GPU-5a4ea3b7-bb73-9876-6f45-65769efc3066, NVIDIA RTX PRO 6000 Blackwell Max-Q Workstation Edition, 2317 MHz, 13365 MHz, 54599 MiB, 100 %, 0x0000000000000400
2026/09/22 10:54:27.815, 5, GPU-f93cb3ac-bea7-0586-9f2c-c0307696716e, NVIDIA RTX PRO 6000 Blackwell Max-Q Workstation Edition, 2310 MHz, 13365 MHz, 54644 MiB, 100 %, 0x0000000000000400
2026/09/22 10:54:27.815, 6, GPU-5a4ea3b7-bb73-9876-6f45-65769efc3066, NVIDIA RTX PRO 6000 Blackwell Max-Q Workstation Edition, 2317 MHz, 13365 MHz, 54599 MiB, 100 %, 0x0000000000000400
2026/09/22 10:54:28.815, 5, GPU-f93cb3ac-bea7-0586-9f2c-c0307696716e, NVIDIA RTX PRO 6000 Blackwell Max-Q Workstation Edition, 2310 MHz, 13365 MHz, 54644 MiB, 100 %, 0x0000000000000400
2026/09/22 10:54:28.816, 6, GPU-5a4ea3b7-bb73-9876-6f45-65769efc3066, NVIDIA RTX PRO 6000 Blackwell Max-Q Workstation Edition, 2325 MHz, 13365 MHz, 54599 MiB, 100 %, 0x0000000000000400
2026/09/22 10:54:29.816, 5, GPU-f93cb3ac-bea7-0586-9f2c-c0307696716e, NVIDIA RTX PRO 6000 Blackwell Max-Q Workstation Edition, 2310 MHz, 13365 MHz, 54644 MiB, 100 %, 0x0000000000000400
2026/09/22 10:54:29.816, 6, GPU-5a4ea3b7-bb73-9876-6f45-65769efc3066, NVIDIA RTX PRO 6000 Blackwell Max-Q Workstation Edition, 2317 MHz, 13365 MHz, 54599 MiB, 100 %, 0x0000000000000400
2026/09/22 10:54:30.816, 5, GPU-f93cb3ac-bea7-0586-9f2c-c0307696716e, NVIDIA RTX PRO 6000 Blackwell Max-Q Workstation Edition, 2310 MHz, 13365 MHz, 54644 MiB, 100 %, 0x0000000000000400
2026/09/22 10:54:30.816, 6, GPU-5a4ea3b7-bb73-9876-6f45-65769efc3066, NVIDIA RTX PRO 6000 Blackwell Max-Q Workstation Edition, 2317 MHz, 13365 MHz, 54599 MiB, 100 %, 0x0000000000000400
2026/09/22 10:54:31.816, 5, GPU-f93cb3ac-bea7-0586-9f2c-c0307696716e, NVIDIA RTX PRO 6000 Blackwell Max-Q Workstation Edition, 2310 MHz, 13365 MHz, 54644 MiB, 100 %, 0x0000000000000400
2026/09/22 10:54:31.817, 6, GPU-5a4ea3b7-bb73-9876-6f45-65769efc3066, NVIDIA RTX PRO 6000 Blackwell Max-Q Workstation Edition, 2317 MHz, 13365 MHz, 54599 MiB, 100 %, 0x0000000000000400
2026/09/22 10:54:32.817, 5, GPU-f93cb3ac-bea7-0586-9f2c-c0307696716e, NVIDIA RTX PRO 6000 Blackwell Max-Q Workstation Edition, 2310 MHz, 13365 MHz, 54644 MiB, 100 %, 0x0000000000000400
2026/09/22 10:54:32.817, 6, GPU-5a4ea3b7-bb73-9876-6f45-65769efc3066, NVIDIA RTX PRO 6000 Blackwell Max-Q Workstation Edition, 2317 MHz, 13365 MHz, 54599 MiB, 100 %, 0x0000000000000400
2026/09/22 10:54:33.817, 5, GPU-f93cb3ac-bea7-0586-9f2c-c0307696716e, NVIDIA RTX PRO 6000 Blackwell Max-Q Workstation Edition, 2310 MHz, 13365 MHz, 54644 MiB, 100 %, 0x0000000000000400
2026/09/22 10:54:33.817, 6, GPU-5a4ea3b7-bb73-9876-6f45-65769efc3066, NVIDIA RTX PRO 6000 Blackwell Max-Q Workstation Edition, 2317 MHz, 13365 MHz, 54599 MiB, 100 %, 0x0000000000000400
2026/09/22 10:54:34.818, 5, GPU-f93cb3ac-bea7-0586-9f2c-c0307696716e, NVIDIA RTX PRO 6000 Blackwell Max-Q Workstation Edition, 2310 MHz, 13365 MHz, 54644 MiB, 100 %, 0x0000000000000400
2026/09/22 10:54:34.818, 6, GPU-5a4ea3b7-bb73-9876-6f45-65769efc3066, NVIDIA RTX PRO 6000 Blackwell Max-Q Workstation Edition, 2317 MHz, 13365 MHz, 54599 MiB, 100 %, 0x0000000000000400
2026/09/22 10:54:35.818, 5, GPU-f93cb3ac-bea7-0586-9f2c-c0307696716e, NVIDIA RTX PRO 6000 Blackwell Max-Q Workstation Edition, 2310 MHz, 13365 MHz, 54644 MiB, 100 %, 0x0000000000000400
2026/09/22 10:54:35.818, 6, GPU-5a4ea3b7-bb73-9876-6f45-65769efc3066, NVIDIA RTX PRO 6000 Blackwell Max-Q Workstation Edition, 2317 MHz, 13365 MHz, 54599 MiB, 100 %, 0x0000000000000400
2026/09/22 10:54:36.818, 5, GPU-f93cb3ac-bea7-0586-9f2c-c0307696716e, NVIDIA RTX PRO 6000 Blackwell Max-Q Workstation Edition, 2310 MHz, 13365 MHz, 54644 MiB, 100 %, 0x0000000000000400
2026/09/22 10:54:36.818, 6, GPU-5a4ea3b7-bb73-9876-6f45-65769efc3066, NVIDIA RTX PRO 6000 Blackwell Max-Q Workstation Edition, 2317 MHz, 13365 MHz, 54599 MiB, 100 %, 0x0000000000000400
2026/09/22 10:54:37.818, 5, GPU-f93cb3ac-bea7-0586-9f2c-c0307696716e, NVIDIA RTX PRO 6000 Blackwell Max-Q Workstation Edition, 2310 MHz, 13365 MHz, 54644 MiB, 100 %, 0x0000000000000400
2026/09/22 10:54:37.818, 6, GPU-5a4ea3b7-bb73-9876-6f45-65769efc3066, NVIDIA RTX PRO 6000 Blackwell Max-Q Workstation Edition, 2317 MHz, 13365 MHz, 54599 MiB, 100 %, 0x0000000000000400
2026/09/22 10:54:38.819, 5, GPU-f93cb3ac-bea7-0586-9f2c-c0307696716e, NVIDIA RTX PRO 6000 Blackwell Max-Q Workstation Edition, 2310 MHz, 13365 MHz, 54644 MiB, 100 %, 0x0000000000000400
2026/09/22 10:54:38.819, 6, GPU-5a4ea3b7-bb73-9876-6f45-65769efc3066, NVIDIA RTX PRO 6000 Blackwell Max-Q Workstation Edition, 2317 MHz, 13365 MHz, 54599 MiB, 100 %, 0x0000000000000400
2026/09/22 10:54:39.819, 5, GPU-f93cb3ac-bea7-0586-9f2c-c0307696716e, NVIDIA RTX PRO 6000 Blackwell Max-Q Workstation Edition, 2310 MHz, 13365 MHz, 54644 MiB, 100 %, 0x0000000000000400
2026/09/22 10:54:39.819, 6, GPU-5a4ea3b7-bb73-9876-6f45-65769efc3066, NVIDIA RTX PRO 6000 Blackwell Max-Q Workstation Edition, 2317 MHz, 13365 MHz, 54599 MiB, 100 %, 0x0000000000000400
2026/09/22 10:54:40.819, 5, GPU-f93cb3ac-bea7-0586-9f2c-c0307696716e, NVIDIA RTX PRO 6000 Blackwell Max-Q Workstation Edition, 2310 MHz, 13365 MHz, 54644 MiB, 100 %, 0x0000000000000400
2026/09/22 10:54:40.819, 6, GPU-5a4ea3b7-bb73-9876-6f45-65769efc3066, NVIDIA RTX PRO 6000 Blackwell Max-Q Workstation Edition, 2317 MHz, 13365 MHz, 54599 MiB, 100 %, 0x0000000000000400
2026/09/22 10:54:41.819, 5, GPU-f93cb3ac-bea7-0586-9f2c-c0307696716e, NVIDIA RTX PRO 6000 Blackwell Max-Q Workstation Edition, 2310 MHz, 13365 MHz, 54644 MiB, 100 %, 0x0000000000000400
2026/09/22 10:54:41.819, 6, GPU-5a4ea3b7-bb73-9876-6f45-65769efc3066, NVIDIA RTX PRO 6000 Blackwell Max-Q Workstation Edition, 2317 MHz, 13365 MHz, 54599 MiB, 100 %, 0x0000000000000400
2026/09/22 10:54:42.820, 5, GPU-f93cb3ac-bea7-0586-9f2c-c0307696716e, NVIDIA RTX PRO 6000 Blackwell Max-Q Workstation Edition, 2310 MHz, 13365 MHz, 54644 MiB, 100 %, 0x0000000000000400
2026/09/22 10:54:42.820, 6, GPU-5a4ea3b7-bb73-9876-6f45-65769efc3066, NVIDIA RTX PRO 6000 Blackwell Max-Q Workstation Edition, 2317 MHz, 13365 MHz, 54599 MiB, 100 %, 0x0000000000000400
2026/09/22 10:54:43.820, 5, GPU-f93cb3ac-bea7-0586-9f2c-c0307696716e, NVIDIA RTX PRO 6000 Blackwell Max-Q Workstation Edition, 2310 MHz, 13365 MHz, 54644 MiB, 100 %, 0x0000000000000400
2026/09/22 10:54:43.820, 6, GPU-5a4ea3b7-bb73-9876-6f45-65769efc3066, NVIDIA RTX PRO 6000 Blackwell Max-Q Workstation Edition, 2317 MHz, 13365 MHz, 54599 MiB, 100 %, 0x0000000000000400
2026/09/22 10:54:44.820, 5, GPU-f93cb3ac-bea7-0586-9f2c-c0307696716e, NVIDIA RTX PRO 6000 Blackwell Max-Q Workstation Edition, 2310 MHz, 13365 MHz, 54644 MiB, 100 %, 0x0000000000000400
2026/09/22 10:54:44.820, 6, GPU-5a4ea3b7-bb73-9876-6f45-65769efc3066, NVIDIA RTX PRO 6000 Blackwell Max-Q Workstation Edition, 2317 MHz, 13365 MHz, 54599 MiB, 100 %, 0x0000000000000400
2026/09/22 10:54:45.820, 5, GPU-f93cb3ac-bea7-0586-9f2c-c0307696716e, NVIDIA RTX PRO 6000 Blackwell Max-Q Workstation Edition, 2310 MHz, 13365 MHz, 54644 MiB, 100 %, 0x0000000000000400
2026/09/22 10:54:45.821, 6, GPU-5a4ea3b7-bb73-9876-6f45-65769efc3066, NVIDIA RTX PRO 6000 Blackwell Max-Q Workstation Edition, 2317 MHz, 13365 MHz, 54599 MiB, 100 %, 0x0000000000000400
2026/09/22 10:54:46.821, 5, GPU-f93cb3ac-bea7-0586-9f2c-c0307696716e, NVIDIA RTX PRO 6000 Blackwell Max-Q Workstation Edition, 2310 MHz, 13365 MHz, 54644 MiB, 100 %, 0x0000000000000400
2026/09/22 10:54:46.821, 6, GPU-5a4ea3b7-bb73-9876-6f45-65769efc3066, NVIDIA RTX PRO 6000 Blackwell Max-Q Workstation Edition, 2347 MHz, 13365 MHz, 54599 MiB, 0 %, 0x0000000000000400
2026/09/22 10:54:47.821, 5, GPU-f93cb3ac-bea7-0586-9f2c-c0307696716e, NVIDIA RTX PRO 6000 Blackwell Max-Q Workstation Edition, 2347 MHz, 13365 MHz, 54644 MiB, 0 %, 0x0000000000000400
2026/09/22 10:54:47.821, 6, GPU-5a4ea3b7-bb73-9876-6f45-65769efc3066, NVIDIA RTX PRO 6000 Blackwell Max-Q Workstation Edition, 2347 MHz, 13365 MHz, 54599 MiB, 0 %, 0x0000000000000400
2026/09/22 10:54:48.821, 5, GPU-f93cb3ac-bea7-0586-9f2c-c0307696716e, NVIDIA RTX PRO 6000 Blackwell Max-Q Workstation Edition, 2347 MHz, 13365 MHz, 54644 MiB, 0 %, 0x0000000000000400
2026/09/22 10:54:48.821, 6, GPU-5a4ea3b7-bb73-9876-6f45-65769efc3066, NVIDIA RTX PRO 6000 Blackwell Max-Q Workstation Edition, 2340 MHz, 13365 MHz, 54599 MiB, 0 %, 0x0000000000000400
2026/09/22 10:54:49.821, 5, GPU-f93cb3ac-bea7-0586-9f2c-c0307696716e, NVIDIA RTX PRO 6000 Blackwell Max-Q Workstation Edition, 2302 MHz, 13365 MHz, 54644 MiB, 85 %, 0x0000000000000400
2026/09/22 10:54:49.822, 6, GPU-5a4ea3b7-bb73-9876-6f45-65769efc3066, NVIDIA RTX PRO 6000 Blackwell Max-Q Workstation Edition, 2257 MHz, 13365 MHz, 54599 MiB, 100 %, 0x0000000000000400
2026/09/22 10:54:50.822, 5, GPU-f93cb3ac-bea7-0586-9f2c-c0307696716e, NVIDIA RTX PRO 6000 Blackwell Max-Q Workstation Edition, 2257 MHz, 13365 MHz, 54644 MiB, 100 %, 0x0000000000000400
2026/09/22 10:54:50.822, 6, GPU-5a4ea3b7-bb73-9876-6f45-65769efc3066, NVIDIA RTX PRO 6000 Blackwell Max-Q Workstation Edition, 2257 MHz, 13365 MHz, 54599 MiB, 100 %, 0x0000000000000400
2026/09/22 10:54:51.822, 5, GPU-f93cb3ac-bea7-0586-9f2c-c0307696716e, NVIDIA RTX PRO 6000 Blackwell Max-Q Workstation Edition, 2250 MHz, 13365 MHz, 54644 MiB, 100 %, 0x0000000000000400
2026/09/22 10:54:51.822, 6, GPU-5a4ea3b7-bb73-9876-6f45-65769efc3066, NVIDIA RTX PRO 6000 Blackwell Max-Q Workstation Edition, 2257 MHz, 13365 MHz, 54599 MiB, 100 %, 0x0000000000000400
2026/09/22 10:54:52.822, 5, GPU-f93cb3ac-bea7-0586-9f2c-c0307696716e, NVIDIA RTX PRO 6000 Blackwell Max-Q Workstation Edition, 2257 MHz, 13365 MHz, 54644 MiB, 100 %, 0x0000000000000400
2026/09/22 10:54:52.839, 6, GPU-5a4ea3b7-bb73-9876-6f45-65769efc3066, NVIDIA RTX PRO 6000 Blackwell Max-Q Workstation Edition, 2265 MHz, 13365 MHz, 54599 MiB, 100 %, 0x0000000000000400
2026/09/22 10:54:53.848, 5, GPU-f93cb3ac-bea7-0586-9f2c-c0307696716e, NVIDIA RTX PRO 6000 Blackwell Max-Q Workstation Edition, 2257 MHz, 13365 MHz, 54644 MiB, 100 %, 0x0000000000000400
2026/09/22 10:54:53.848, 6, GPU-5a4ea3b7-bb73-9876-6f45-65769efc3066, NVIDIA RTX PRO 6000 Blackwell Max-Q Workstation Edition, 2257 MHz, 13365 MHz, 54599 MiB, 100 %, 0x0000000000000400
2026/09/22 10:54:54.848, 5, GPU-f93cb3ac-bea7-0586-9f2c-c0307696716e, NVIDIA RTX PRO 6000 Blackwell Max-Q Workstation Edition, 2250 MHz, 13365 MHz, 54644 MiB, 100 %, 0x0000000000000400
2026/09/22 10:54:54.848, 6, GPU-5a4ea3b7-bb73-9876-6f45-65769efc3066, NVIDIA RTX PRO 6000 Blackwell Max-Q Workstation Edition, 2257 MHz, 13365 MHz, 54599 MiB, 100 %, 0x0000000000000400
2026/09/22 10:54:55.848, 5, GPU-f93cb3ac-bea7-0586-9f2c-c0307696716e, NVIDIA RTX PRO 6000 Blackwell Max-Q Workstation Edition, 2257 MHz, 13365 MHz, 54644 MiB, 100 %, 0x0000000000000400
2026/09/22 10:54:55.848, 6, GPU-5a4ea3b7-bb73-9876-6f45-65769efc3066, NVIDIA RTX PRO 6000 Blackwell Max-Q Workstation Edition, 2257 MHz, 13365 MHz, 54599 MiB, 100 %, 0x0000000000000400
2026/09/22 10:54:56.849, 5, GPU-f93cb3ac-bea7-0586-9f2c-c0307696716e, NVIDIA RTX PRO 6000 Blackwell Max-Q Workstation Edition, 2250 MHz, 13365 MHz, 54644 MiB, 100 %, 0x0000000000000400
2026/09/22 10:54:56.849, 6, GPU-5a4ea3b7-bb73-9876-6f45-65769efc3066, NVIDIA RTX PRO 6000 Blackwell Max-Q Workstation Edition, 2257 MHz, 13365 MHz, 54599 MiB, 100 %, 0x0000000000000400
2026/09/22 10:54:57.849, 5, GPU-f93cb3ac-bea7-0586-9f2c-c0307696716e, NVIDIA RTX PRO 6000 Blackwell Max-Q Workstation Edition, 2250 MHz, 13365 MHz, 54644 MiB, 100 %, 0x0000000000000400
2026/09/22 10:54:57.849, 6, GPU-5a4ea3b7-bb73-9876-6f45-65769efc3066, NVIDIA RTX PRO 6000 Blackwell Max-Q Workstation Edition, 2257 MHz, 13365 MHz, 54599 MiB, 100 %, 0x0000000000000400
2026/09/22 10:54:58.849, 5, GPU-f93cb3ac-bea7-0586-9f2c-c0307696716e, NVIDIA RTX PRO 6000 Blackwell Max-Q Workstation Edition, 2250 MHz, 13365 MHz, 54644 MiB, 100 %, 0x0000000000000400
2026/09/22 10:54:58.849, 6, GPU-5a4ea3b7-bb73-9876-6f45-65769efc3066, NVIDIA RTX PRO 6000 Blackwell Max-Q Workstation Edition, 2257 MHz, 13365 MHz, 54599 MiB, 100 %, 0x0000000000000400
2026/09/22 10:54:59.849, 5, GPU-f93cb3ac-bea7-0586-9f2c-c0307696716e, NVIDIA RTX PRO 6000 Blackwell Max-Q Workstation Edition, 2250 MHz, 13365 MHz, 54644 MiB, 100 %, 0x0000000000000400
2026/09/22 10:54:59.849, 6, GPU-5a4ea3b7-bb73-9876-6f45-65769efc3066, NVIDIA RTX PRO 6000 Blackwell Max-Q Workstation Edition, 2265 MHz, 13365 MHz, 54599 MiB, 100 %, 0x0000000000000400
2026/09/22 10:55:00.849, 5, GPU-f93cb3ac-bea7-0586-9f2c-c0307696716e, NVIDIA RTX PRO 6000 Blackwell Max-Q Workstation Edition, 2250 MHz, 13365 MHz, 54644 MiB, 100 %, 0x0000000000000400
2026/09/22 10:55:00.850, 6, GPU-5a4ea3b7-bb73-9876-6f45-65769efc3066, NVIDIA RTX PRO 6000 Blackwell Max-Q Workstation Edition, 2265 MHz, 13365 MHz, 54599 MiB, 100 %, 0x0000000000000400
2026/09/22 10:55:01.850, 5, GPU-f93cb3ac-bea7-0586-9f2c-c0307696716e, NVIDIA RTX PRO 6000 Blackwell Max-Q Workstation Edition, 2250 MHz, 13365 MHz, 54644 MiB, 100 %, 0x0000000000000400
2026/09/22 10:55:01.850, 6, GPU-5a4ea3b7-bb73-9876-6f45-65769efc3066, NVIDIA RTX PRO 6000 Blackwell Max-Q Workstation Edition, 2265 MHz, 13365 MHz, 54599 MiB, 100 %, 0x0000000000000400
2026/09/22 10:55:02.850, 5, GPU-f93cb3ac-bea7-0586-9f2c-c0307696716e, NVIDIA RTX PRO 6000 Blackwell Max-Q Workstation Edition, 2250 MHz, 13365 MHz, 54644 MiB, 100 %, 0x0000000000000400
2026/09/22 10:55:02.850, 6, GPU-5a4ea3b7-bb73-9876-6f45-65769efc3066, NVIDIA RTX PRO 6000 Blackwell Max-Q Workstation Edition, 2265 MHz, 13365 MHz, 54599 MiB, 100 %, 0x0000000000000400
2026/09/22 10:55:03.850, 5, GPU-f93cb3ac-bea7-0586-9f2c-c0307696716e, NVIDIA RTX PRO 6000 Blackwell Max-Q Workstation Edition, 2250 MHz, 13365 MHz, 54644 MiB, 100 %, 0x0000000000000400
2026/09/22 10:55:03.851, 6, GPU-5a4ea3b7-bb73-9876-6f45-65769efc3066, NVIDIA RTX PRO 6000 Blackwell Max-Q Workstation Edition, 2265 MHz, 13365 MHz, 54599 MiB, 100 %, 0x0000000000000400
2026/09/22 10:55:04.851, 5, GPU-f93cb3ac-bea7-0586-9f2c-c0307696716e, NVIDIA RTX PRO 6000 Blackwell Max-Q Workstation Edition, 2250 MHz, 13365 MHz, 54644 MiB, 100 %, 0x0000000000000400
2026/09/22 10:55:04.851, 6, GPU-5a4ea3b7-bb73-9876-6f45-65769efc3066, NVIDIA RTX PRO 6000 Blackwell Max-Q Workstation Edition, 2265 MHz, 13365 MHz, 54599 MiB, 100 %, 0x0000000000000400
2026/09/22 10:55:05.851, 5, GPU-f93cb3ac-bea7-0586-9f2c-c0307696716e, NVIDIA RTX PRO 6000 Blackwell Max-Q Workstation Edition, 2257 MHz, 13365 MHz, 54644 MiB, 100 %, 0x0000000000000400
2026/09/22 10:55:05.851, 6, GPU-5a4ea3b7-bb73-9876-6f45-65769efc3066, NVIDIA RTX PRO 6000 Blackwell Max-Q Workstation Edition, 2265 MHz, 13365 MHz, 54599 MiB, 100 %, 0x0000000000000400
2026/09/22 10:55:06.851, 5, GPU-f93cb3ac-bea7-0586-9f2c-c0307696716e, NVIDIA RTX PRO 6000 Blackwell Max-Q Workstation Edition, 2250 MHz, 13365 MHz, 54644 MiB, 100 %, 0x0000000000000400
2026/09/22 10:55:06.851, 6, GPU-5a4ea3b7-bb73-9876-6f45-65769efc3066, NVIDIA RTX PRO 6000 Blackwell Max-Q Workstation Edition, 2265 MHz, 13365 MHz, 54599 MiB, 100 %, 0x0000000000000400
2026/09/22 10:55:07.851, 5, GPU-f93cb3ac-bea7-0586-9f2c-c0307696716e, NVIDIA RTX PRO 6000 Blackwell Max-Q Workstation Edition, 2250 MHz, 13365 MHz, 54644 MiB, 100 %, 0x0000000000000400
2026/09/22 10:55:07.852, 6, GPU-5a4ea3b7-bb73-9876-6f45-65769efc3066, NVIDIA RTX PRO 6000 Blackwell Max-Q Workstation Edition, 2265 MHz, 13365 MHz, 54599 MiB, 100 %, 0x0000000000000400
2026/09/22 10:55:08.852, 5, GPU-f93cb3ac-bea7-0586-9f2c-c0307696716e, NVIDIA RTX PRO 6000 Blackwell Max-Q Workstation Edition, 2250 MHz, 13365 MHz, 54644 MiB, 100 %, 0x0000000000000400
2026/09/22 10:55:08.852, 6, GPU-5a4ea3b7-bb73-9876-6f45-65769efc3066, NVIDIA RTX PRO 6000 Blackwell Max-Q Workstation Edition, 2265 MHz, 13365 MHz, 54599 MiB, 100 %, 0x0000000000000400
2026/09/22 10:55:09.852, 5, GPU-f93cb3ac-bea7-0586-9f2c-c0307696716e, NVIDIA RTX PRO 6000 Blackwell Max-Q Workstation Edition, 2250 MHz, 13365 MHz, 54644 MiB, 100 %, 0x0000000000000400
2026/09/22 10:55:09.852, 6, GPU-5a4ea3b7-bb73-9876-6f45-65769efc3066, NVIDIA RTX PRO 6000 Blackwell Max-Q Workstation Edition, 2265 MHz, 13365 MHz, 54599 MiB, 100 %, 0x0000000000000400
2026/09/22 10:55:10.852, 5, GPU-f93cb3ac-bea7-0586-9f2c-c0307696716e, NVIDIA RTX PRO 6000 Blackwell Max-Q Workstation Edition, 2250 MHz, 13365 MHz, 54644 MiB, 100 %, 0x0000000000000400
2026/09/22 10:55:10.852, 6, GPU-5a4ea3b7-bb73-9876-6f45-65769efc3066, NVIDIA RTX PRO 6000 Blackwell Max-Q Workstation Edition, 2265 MHz, 13365 MHz, 54599 MiB, 100 %, 0x0000000000000400
2026/09/22 10:55:11.853, 5, GPU-f93cb3ac-bea7-0586-9f2c-c0307696716e, NVIDIA RTX PRO 6000 Blackwell Max-Q Workstation Edition, 2250 MHz, 13365 MHz, 54644 MiB, 100 %, 0x0000000000000400
2026/09/22 10:55:11.853, 6, GPU-5a4ea3b7-bb73-9876-6f45-65769efc3066, NVIDIA RTX PRO 6000 Blackwell Max-Q Workstation Edition, 2265 MHz, 13365 MHz, 54599 MiB, 100 %, 0x0000000000000400
2026/09/22 10:55:12.853, 5, GPU-f93cb3ac-bea7-0586-9f2c-c0307696716e, NVIDIA RTX PRO 6000 Blackwell Max-Q Workstation Edition, 2250 MHz, 13365 MHz, 54644 MiB, 100 %, 0x0000000000000400
2026/09/22 10:55:12.853, 6, GPU-5a4ea3b7-bb73-9876-6f45-65769efc3066, NVIDIA RTX PRO 6000 Blackwell Max-Q Workstation Edition, 2265 MHz, 13365 MHz, 54599 MiB, 100 %, 0x0000000000000400
2026/09/22 10:55:13.853, 5, GPU-f93cb3ac-bea7-0586-9f2c-c0307696716e, NVIDIA RTX PRO 6000 Blackwell Max-Q Workstation Edition, 2250 MHz, 13365 MHz, 54644 MiB, 100 %, 0x0000000000000400
2026/09/22 10:55:13.860, 6, GPU-5a4ea3b7-bb73-9876-6f45-65769efc3066, NVIDIA RTX PRO 6000 Blackwell Max-Q Workstation Edition, 2265 MHz, 13365 MHz, 54599 MiB, 100 %, 0x0000000000000400
2026/09/22 10:55:14.881, 5, GPU-f93cb3ac-bea7-0586-9f2c-c0307696716e, NVIDIA RTX PRO 6000 Blackwell Max-Q Workstation Edition, 2250 MHz, 13365 MHz, 54644 MiB, 100 %, 0x0000000000000400
2026/09/22 10:55:14.881, 6, GPU-5a4ea3b7-bb73-9876-6f45-65769efc3066, NVIDIA RTX PRO 6000 Blackwell Max-Q Workstation Edition, 2265 MHz, 13365 MHz, 54599 MiB, 100 %, 0x0000000000000400
2026/09/22 10:55:15.881, 5, GPU-f93cb3ac-bea7-0586-9f2c-c0307696716e, NVIDIA RTX PRO 6000 Blackwell Max-Q Workstation Edition, 2250 MHz, 13365 MHz, 54644 MiB, 100 %, 0x0000000000000400
2026/09/22 10:55:15.881, 6, GPU-5a4ea3b7-bb73-9876-6f45-65769efc3066, NVIDIA RTX PRO 6000 Blackwell Max-Q Workstation Edition, 2265 MHz, 13365 MHz, 54599 MiB, 100 %, 0x0000000000000400
2026/09/22 10:55:16.882, 5, GPU-f93cb3ac-bea7-0586-9f2c-c0307696716e, NVIDIA RTX PRO 6000 Blackwell Max-Q Workstation Edition, 2250 MHz, 13365 MHz, 54644 MiB, 100 %, 0x0000000000000400
2026/09/22 10:55:16.882, 6, GPU-5a4ea3b7-bb73-9876-6f45-65769efc3066, NVIDIA RTX PRO 6000 Blackwell Max-Q Workstation Edition, 2265 MHz, 13365 MHz, 54599 MiB, 100 %, 0x0000000000000400
2026/09/22 10:55:17.882, 5, GPU-f93cb3ac-bea7-0586-9f2c-c0307696716e, NVIDIA RTX PRO 6000 Blackwell Max-Q Workstation Edition, 2250 MHz, 13365 MHz, 54644 MiB, 100 %, 0x0000000000000400
2026/09/22 10:55:17.882, 6, GPU-5a4ea3b7-bb73-9876-6f45-65769efc3066, NVIDIA RTX PRO 6000 Blackwell Max-Q Workstation Edition, 2265 MHz, 13365 MHz, 54599 MiB, 100 %, 0x0000000000000400
2026/09/22 10:55:18.882, 5, GPU-f93cb3ac-bea7-0586-9f2c-c0307696716e, NVIDIA RTX PRO 6000 Blackwell Max-Q Workstation Edition, 2250 MHz, 13365 MHz, 54644 MiB, 100 %, 0x0000000000000400
2026/09/22 10:55:18.882, 6, GPU-5a4ea3b7-bb73-9876-6f45-65769efc3066, NVIDIA RTX PRO 6000 Blackwell Max-Q Workstation Edition, 2265 MHz, 13365 MHz, 54599 MiB, 100 %, 0x0000000000000400
2026/09/22 10:55:19.882, 5, GPU-f93cb3ac-bea7-0586-9f2c-c0307696716e, NVIDIA RTX PRO 6000 Blackwell Max-Q Workstation Edition, 2250 MHz, 13365 MHz, 54644 MiB, 100 %, 0x0000000000000400
2026/09/22 10:55:19.882, 6, GPU-5a4ea3b7-bb73-9876-6f45-65769efc3066, NVIDIA RTX PRO 6000 Blackwell Max-Q Workstation Edition, 2265 MHz, 13365 MHz, 54599 MiB, 100 %, 0x0000000000000400
2026/09/22 10:55:20.882, 5, GPU-f93cb3ac-bea7-0586-9f2c-c0307696716e, NVIDIA RTX PRO 6000 Blackwell Max-Q Workstation Edition, 2250 MHz, 13365 MHz, 54644 MiB, 100 %, 0x0000000000000400
2026/09/22 10:55:20.883, 6, GPU-5a4ea3b7-bb73-9876-6f45-65769efc3066, NVIDIA RTX PRO 6000 Blackwell Max-Q Workstation Edition, 2265 MHz, 13365 MHz, 54599 MiB, 100 %, 0x0000000000000400
2026/09/22 10:55:21.883, 5, GPU-f93cb3ac-bea7-0586-9f2c-c0307696716e, NVIDIA RTX PRO 6000 Blackwell Max-Q Workstation Edition, 2250 MHz, 13365 MHz, 54644 MiB, 100 %, 0x0000000000000400
2026/09/22 10:55:21.883, 6, GPU-5a4ea3b7-bb73-9876-6f45-65769efc3066, NVIDIA RTX PRO 6000 Blackwell Max-Q Workstation Edition, 2265 MHz, 13365 MHz, 54599 MiB, 100 %, 0x0000000000000400
2026/09/22 10:55:22.883, 5, GPU-f93cb3ac-bea7-0586-9f2c-c0307696716e, NVIDIA RTX PRO 6000 Blackwell Max-Q Workstation Edition, 2250 MHz, 13365 MHz, 54644 MiB, 100 %, 0x0000000000000400
2026/09/22 10:55:22.883, 6, GPU-5a4ea3b7-bb73-9876-6f45-65769efc3066, NVIDIA RTX PRO 6000 Blackwell Max-Q Workstation Edition, 2265 MHz, 13365 MHz, 54599 MiB, 100 %, 0x0000000000000400
2026/09/22 10:55:23.883, 5, GPU-f93cb3ac-bea7-0586-9f2c-c0307696716e, NVIDIA RTX PRO 6000 Blackwell Max-Q Workstation Edition, 2250 MHz, 13365 MHz, 54644 MiB, 100 %, 0x0000000000000400
2026/09/22 10:55:23.883, 6, GPU-5a4ea3b7-bb73-9876-6f45-65769efc3066, NVIDIA RTX PRO 6000 Blackwell Max-Q Workstation Edition, 2265 MHz, 13365 MHz, 54599 MiB, 100 %, 0x0000000000000400
2026/09/22 10:55:24.883, 5, GPU-f93cb3ac-bea7-0586-9f2c-c0307696716e, NVIDIA RTX PRO 6000 Blackwell Max-Q Workstation Edition, 2295 MHz, 13365 MHz, 54644 MiB, 0 %, 0x0000000000000400
2026/09/22 10:55:24.884, 6, GPU-5a4ea3b7-bb73-9876-6f45-65769efc3066, NVIDIA RTX PRO 6000 Blackwell Max-Q Workstation Edition, 2317 MHz, 13365 MHz, 54599 MiB, 0 %, 0x0000000000000400
2026/09/22 10:55:25.884, 5, GPU-f93cb3ac-bea7-0586-9f2c-c0307696716e, NVIDIA RTX PRO 6000 Blackwell Max-Q Workstation Edition, 2347 MHz, 13365 MHz, 54644 MiB, 0 %, 0x0000000000000400
2026/09/22 10:55:25.884, 6, GPU-5a4ea3b7-bb73-9876-6f45-65769efc3066, NVIDIA RTX PRO 6000 Blackwell Max-Q Workstation Edition, 2355 MHz, 13365 MHz, 54599 MiB, 0 %, 0x0000000000000400
2026/09/22 10:55:26.884, 5, GPU-f93cb3ac-bea7-0586-9f2c-c0307696716e, NVIDIA RTX PRO 6000 Blackwell Max-Q Workstation Edition, 2347 MHz, 13365 MHz, 54644 MiB, 0 %, 0x0000000000000400
2026/09/22 10:55:26.884, 6, GPU-5a4ea3b7-bb73-9876-6f45-65769efc3066, NVIDIA RTX PRO 6000 Blackwell Max-Q Workstation Edition, 2325 MHz, 13365 MHz, 54599 MiB, 0 %, 0x0000000000000400
2026/09/22 10:55:27.884, 5, GPU-f93cb3ac-bea7-0586-9f2c-c0307696716e, NVIDIA RTX PRO 6000 Blackwell Max-Q Workstation Edition, 2272 MHz, 13365 MHz, 54644 MiB, 0 %, 0x0000000000000400
2026/09/22 10:55:27.884, 6, GPU-5a4ea3b7-bb73-9876-6f45-65769efc3066, NVIDIA RTX PRO 6000 Blackwell Max-Q Workstation Edition, 2272 MHz, 13365 MHz, 54599 MiB, 0 %, 0x0000000000000400
2026/09/22 10:55:28.885, 5, GPU-f93cb3ac-bea7-0586-9f2c-c0307696716e, NVIDIA RTX PRO 6000 Blackwell Max-Q Workstation Edition, 2272 MHz, 13365 MHz, 54644 MiB, 0 %, 0x0000000000000400
2026/09/22 10:55:28.885, 6, GPU-5a4ea3b7-bb73-9876-6f45-65769efc3066, NVIDIA RTX PRO 6000 Blackwell Max-Q Workstation Edition, 2272 MHz, 13365 MHz, 54599 MiB, 0 %, 0x0000000000000400
2026/09/22 10:55:29.885, 5, GPU-f93cb3ac-bea7-0586-9f2c-c0307696716e, NVIDIA RTX PRO 6000 Blackwell Max-Q Workstation Edition, 2272 MHz, 13365 MHz, 54644 MiB, 0 %, 0x0000000000000400
2026/09/22 10:55:29.885, 6, GPU-5a4ea3b7-bb73-9876-6f45-65769efc3066, NVIDIA RTX PRO 6000 Blackwell Max-Q Workstation Edition, 2272 MHz, 13365 MHz, 54599 MiB, 0 %, 0x0000000000000400
2026/09/22 10:55:30.885, 5, GPU-f93cb3ac-bea7-0586-9f2c-c0307696716e, NVIDIA RTX PRO 6000 Blackwell Max-Q Workstation Edition, 2272 MHz, 13365 MHz, 54644 MiB, 0 %, 0x0000000000000400
2026/09/22 10:55:30.885, 6, GPU-5a4ea3b7-bb73-9876-6f45-65769efc3066, NVIDIA RTX PRO 6000 Blackwell Max-Q Workstation Edition, 2272 MHz, 13365 MHz, 54599 MiB, 0 %, 0x0000000000000400
2026/09/22 10:55:31.885, 5, GPU-f93cb3ac-bea7-0586-9f2c-c0307696716e, NVIDIA RTX PRO 6000 Blackwell Max-Q Workstation Edition, 2272 MHz, 13365 MHz, 54644 MiB, 0 %, 0x0000000000000400
2026/09/22 10:55:31.885, 6, GPU-5a4ea3b7-bb73-9876-6f45-65769efc3066, NVIDIA RTX PRO 6000 Blackwell Max-Q Workstation Edition, 2272 MHz, 13365 MHz, 54599 MiB, 0 %, 0x0000000000000400
2026/09/22 10:55:32.885, 5, GPU-f93cb3ac-bea7-0586-9f2c-c0307696716e, NVIDIA RTX PRO 6000 Blackwell Max-Q Workstation Edition, 2272 MHz, 13365 MHz, 54644 MiB, 0 %, 0x0000000000000400
2026/09/22 10:55:32.886, 6, GPU-5a4ea3b7-bb73-9876-6f45-65769efc3066, NVIDIA RTX PRO 6000 Blackwell Max-Q Workstation Edition, 2272 MHz, 13365 MHz, 54599 MiB, 0 %, 0x0000000000000400
2026/09/22 10:55:33.886, 5, GPU-f93cb3ac-bea7-0586-9f2c-c0307696716e, NVIDIA RTX PRO 6000 Blackwell Max-Q Workstation Edition, 2272 MHz, 13365 MHz, 54644 MiB, 0 %, 0x0000000000000400
2026/09/22 10:55:33.886, 6, GPU-5a4ea3b7-bb73-9876-6f45-65769efc3066, NVIDIA RTX PRO 6000 Blackwell Max-Q Workstation Edition, 2272 MHz, 13365 MHz, 54599 MiB, 0 %, 0x0000000000000400
2026/09/22 10:55:34.886, 5, GPU-f93cb3ac-bea7-0586-9f2c-c0307696716e, NVIDIA RTX PRO 6000 Blackwell Max-Q Workstation Edition, 2272 MHz, 13365 MHz, 54644 MiB, 0 %, 0x0000000000000400
2026/09/22 10:55:34.905, 6, GPU-5a4ea3b7-bb73-9876-6f45-65769efc3066, NVIDIA RTX PRO 6000 Blackwell Max-Q Workstation Edition, 2272 MHz, 13365 MHz, 54599 MiB, 0 %, 0x0000000000000400
2026/09/22 10:55:35.913, 5, GPU-f93cb3ac-bea7-0586-9f2c-c0307696716e, NVIDIA RTX PRO 6000 Blackwell Max-Q Workstation Edition, 2272 MHz, 13365 MHz, 54644 MiB, 0 %, 0x0000000000000400
2026/09/22 10:55:35.913, 6, GPU-5a4ea3b7-bb73-9876-6f45-65769efc3066, NVIDIA RTX PRO 6000 Blackwell Max-Q Workstation Edition, 2272 MHz, 13365 MHz, 54599 MiB, 0 %, 0x0000000000000400
2026/09/22 10:55:36.913, 5, GPU-f93cb3ac-bea7-0586-9f2c-c0307696716e, NVIDIA RTX PRO 6000 Blackwell Max-Q Workstation Edition, 2272 MHz, 13365 MHz, 54644 MiB, 0 %, 0x0000000000000400
2026/09/22 10:55:36.914, 6, GPU-5a4ea3b7-bb73-9876-6f45-65769efc3066, NVIDIA RTX PRO 6000 Blackwell Max-Q Workstation Edition, 2272 MHz, 13365 MHz, 54599 MiB, 0 %, 0x0000000000000400
2026/09/22 10:55:37.914, 5, GPU-f93cb3ac-bea7-0586-9f2c-c0307696716e, NVIDIA RTX PRO 6000 Blackwell Max-Q Workstation Edition, 2272 MHz, 13365 MHz, 54644 MiB, 0 %, 0x0000000000000400
2026/09/22 10:55:37.914, 6, GPU-5a4ea3b7-bb73-9876-6f45-65769efc3066, NVIDIA RTX PRO 6000 Blackwell Max-Q Workstation Edition, 2272 MHz, 13365 MHz, 54599 MiB, 0 %, 0x0000000000000400
2026/09/22 10:55:38.914, 5, GPU-f93cb3ac-bea7-0586-9f2c-c0307696716e, NVIDIA RTX PRO 6000 Blackwell Max-Q Workstation Edition, 2272 MHz, 13365 MHz, 54644 MiB, 0 %, 0x0000000000000400
2026/09/22 10:55:38.914, 6, GPU-5a4ea3b7-bb73-9876-6f45-65769efc3066, NVIDIA RTX PRO 6000 Blackwell Max-Q Workstation Edition, 2272 MHz, 13365 MHz, 54599 MiB, 0 %, 0x0000000000000400
2026/09/22 10:55:39.914, 5, GPU-f93cb3ac-bea7-0586-9f2c-c0307696716e, NVIDIA RTX PRO 6000 Blackwell Max-Q Workstation Edition, 2272 MHz, 13365 MHz, 54644 MiB, 0 %, 0x0000000000000400
2026/09/22 10:55:39.914, 6, GPU-5a4ea3b7-bb73-9876-6f45-65769efc3066, NVIDIA RTX PRO 6000 Blackwell Max-Q Workstation Edition, 2272 MHz, 13365 MHz, 54599 MiB, 0 %, 0x0000000000000400
2026/09/22 10:55:40.914, 5, GPU-f93cb3ac-bea7-0586-9f2c-c0307696716e, NVIDIA RTX PRO 6000 Blackwell Max-Q Workstation Edition, 2272 MHz, 13365 MHz, 54644 MiB, 0 %, 0x0000000000000400
2026/09/22 10:55:40.914, 6, GPU-5a4ea3b7-bb73-9876-6f45-65769efc3066, NVIDIA RTX PRO 6000 Blackwell Max-Q Workstation Edition, 2272 MHz, 13365 MHz, 54599 MiB, 0 %, 0x0000000000000400
2026/09/22 10:55:41.915, 5, GPU-f93cb3ac-bea7-0586-9f2c-c0307696716e, NVIDIA RTX PRO 6000 Blackwell Max-Q Workstation Edition, 2085 MHz, 13365 MHz, 54644 MiB, 100 %, 0x0000000000000400
2026/09/22 10:55:41.915, 6, GPU-5a4ea3b7-bb73-9876-6f45-65769efc3066, NVIDIA RTX PRO 6000 Blackwell Max-Q Workstation Edition, 2310 MHz, 13365 MHz, 54599 MiB, 91 %, 0x0000000000000400
2026/09/22 10:55:42.915, 5, GPU-f93cb3ac-bea7-0586-9f2c-c0307696716e, NVIDIA RTX PRO 6000 Blackwell Max-Q Workstation Edition, 2310 MHz, 13365 MHz, 54644 MiB, 100 %, 0x0000000000000400
2026/09/22 10:55:42.915, 6, GPU-5a4ea3b7-bb73-9876-6f45-65769efc3066, NVIDIA RTX PRO 6000 Blackwell Max-Q Workstation Edition, 2310 MHz, 13365 MHz, 54599 MiB, 100 %, 0x0000000000000400
2026/09/22 10:55:43.915, 5, GPU-f93cb3ac-bea7-0586-9f2c-c0307696716e, NVIDIA RTX PRO 6000 Blackwell Max-Q Workstation Edition, 2310 MHz, 13365 MHz, 54644 MiB, 100 %, 0x0000000000000400
2026/09/22 10:55:43.915, 6, GPU-5a4ea3b7-bb73-9876-6f45-65769efc3066, NVIDIA RTX PRO 6000 Blackwell Max-Q Workstation Edition, 2310 MHz, 13365 MHz, 54599 MiB, 100 %, 0x0000000000000400
2026/09/22 10:55:44.915, 5, GPU-f93cb3ac-bea7-0586-9f2c-c0307696716e, NVIDIA RTX PRO 6000 Blackwell Max-Q Workstation Edition, 2310 MHz, 13365 MHz, 54644 MiB, 100 %, 0x0000000000000400
2026/09/22 10:55:44.915, 6, GPU-5a4ea3b7-bb73-9876-6f45-65769efc3066, NVIDIA RTX PRO 6000 Blackwell Max-Q Workstation Edition, 2310 MHz, 13365 MHz, 54599 MiB, 100 %, 0x0000000000000400
2026/09/22 10:55:45.916, 5, GPU-f93cb3ac-bea7-0586-9f2c-c0307696716e, NVIDIA RTX PRO 6000 Blackwell Max-Q Workstation Edition, 2310 MHz, 13365 MHz, 54644 MiB, 100 %, 0x0000000000000400
2026/09/22 10:55:45.916, 6, GPU-5a4ea3b7-bb73-9876-6f45-65769efc3066, NVIDIA RTX PRO 6000 Blackwell Max-Q Workstation Edition, 2310 MHz, 13365 MHz, 54599 MiB, 100 %, 0x0000000000000400
2026/09/22 10:55:46.916, 5, GPU-f93cb3ac-bea7-0586-9f2c-c0307696716e, NVIDIA RTX PRO 6000 Blackwell Max-Q Workstation Edition, 2310 MHz, 13365 MHz, 54644 MiB, 100 %, 0x0000000000000400
2026/09/22 10:55:46.916, 6, GPU-5a4ea3b7-bb73-9876-6f45-65769efc3066, NVIDIA RTX PRO 6000 Blackwell Max-Q Workstation Edition, 2310 MHz, 13365 MHz, 54599 MiB, 100 %, 0x0000000000000400
2026/09/22 10:55:47.916, 5, GPU-f93cb3ac-bea7-0586-9f2c-c0307696716e, NVIDIA RTX PRO 6000 Blackwell Max-Q Workstation Edition, 2310 MHz, 13365 MHz, 54644 MiB, 100 %, 0x0000000000000400
2026/09/22 10:55:47.916, 6, GPU-5a4ea3b7-bb73-9876-6f45-65769efc3066, NVIDIA RTX PRO 6000 Blackwell Max-Q Workstation Edition, 2317 MHz, 13365 MHz, 54599 MiB, 100 %, 0x0000000000000400
2026/09/22 10:55:48.916, 5, GPU-f93cb3ac-bea7-0586-9f2c-c0307696716e, NVIDIA RTX PRO 6000 Blackwell Max-Q Workstation Edition, 2310 MHz, 13365 MHz, 54644 MiB, 100 %, 0x0000000000000400
2026/09/22 10:55:48.916, 6, GPU-5a4ea3b7-bb73-9876-6f45-65769efc3066, NVIDIA RTX PRO 6000 Blackwell Max-Q Workstation Edition, 2317 MHz, 13365 MHz, 54599 MiB, 100 %, 0x0000000000000400
2026/09/22 10:55:49.917, 5, GPU-f93cb3ac-bea7-0586-9f2c-c0307696716e, NVIDIA RTX PRO 6000 Blackwell Max-Q Workstation Edition, 2310 MHz, 13365 MHz, 54644 MiB, 100 %, 0x0000000000000400
2026/09/22 10:55:49.917, 6, GPU-5a4ea3b7-bb73-9876-6f45-65769efc3066, NVIDIA RTX PRO 6000 Blackwell Max-Q Workstation Edition, 2317 MHz, 13365 MHz, 54599 MiB, 100 %, 0x0000000000000400
2026/09/22 10:55:50.917, 5, GPU-f93cb3ac-bea7-0586-9f2c-c0307696716e, NVIDIA RTX PRO 6000 Blackwell Max-Q Workstation Edition, 2310 MHz, 13365 MHz, 54644 MiB, 100 %, 0x0000000000000400
2026/09/22 10:55:50.917, 6, GPU-5a4ea3b7-bb73-9876-6f45-65769efc3066, NVIDIA RTX PRO 6000 Blackwell Max-Q Workstation Edition, 2317 MHz, 13365 MHz, 54599 MiB, 100 %, 0x0000000000000400
2026/09/22 10:55:51.917, 5, GPU-f93cb3ac-bea7-0586-9f2c-c0307696716e, NVIDIA RTX PRO 6000 Blackwell Max-Q Workstation Edition, 2310 MHz, 13365 MHz, 54644 MiB, 100 %, 0x0000000000000400
2026/09/22 10:55:51.917, 6, GPU-5a4ea3b7-bb73-9876-6f45-65769efc3066, NVIDIA RTX PRO 6000 Blackwell Max-Q Workstation Edition, 2317 MHz, 13365 MHz, 54599 MiB, 100 %, 0x0000000000000400
2026/09/22 10:55:52.917, 5, GPU-f93cb3ac-bea7-0586-9f2c-c0307696716e, NVIDIA RTX PRO 6000 Blackwell Max-Q Workstation Edition, 2310 MHz, 13365 MHz, 54644 MiB, 100 %, 0x0000000000000400
2026/09/22 10:55:52.917, 6, GPU-5a4ea3b7-bb73-9876-6f45-65769efc3066, NVIDIA RTX PRO 6000 Blackwell Max-Q Workstation Edition, 2317 MHz, 13365 MHz, 54599 MiB, 100 %, 0x0000000000000400
2026/09/22 10:55:53.917, 5, GPU-f93cb3ac-bea7-0586-9f2c-c0307696716e, NVIDIA RTX PRO 6000 Blackwell Max-Q Workstation Edition, 2310 MHz, 13365 MHz, 54644 MiB, 100 %, 0x0000000000000400
2026/09/22 10:55:53.918, 6, GPU-5a4ea3b7-bb73-9876-6f45-65769efc3066, NVIDIA RTX PRO 6000 Blackwell Max-Q Workstation Edition, 2317 MHz, 13365 MHz, 54599 MiB, 100 %, 0x0000000000000400
2026/09/22 10:55:54.918, 5, GPU-f93cb3ac-bea7-0586-9f2c-c0307696716e, NVIDIA RTX PRO 6000 Blackwell Max-Q Workstation Edition, 2310 MHz, 13365 MHz, 54644 MiB, 100 %, 0x0000000000000400
2026/09/22 10:55:54.918, 6, GPU-5a4ea3b7-bb73-9876-6f45-65769efc3066, NVIDIA RTX PRO 6000 Blackwell Max-Q Workstation Edition, 2317 MHz, 13365 MHz, 54599 MiB, 100 %, 0x0000000000000400
2026/09/22 10:55:55.918, 5, GPU-f93cb3ac-bea7-0586-9f2c-c0307696716e, NVIDIA RTX PRO 6000 Blackwell Max-Q Workstation Edition, 2310 MHz, 13365 MHz, 54644 MiB, 100 %, 0x0000000000000400
2026/09/22 10:55:55.936, 6, GPU-5a4ea3b7-bb73-9876-6f45-65769efc3066, NVIDIA RTX PRO 6000 Blackwell Max-Q Workstation Edition, 2317 MHz, 13365 MHz, 54599 MiB, 100 %, 0x0000000000000400
2026/09/22 10:55:56.955, 5, GPU-f93cb3ac-bea7-0586-9f2c-c0307696716e, NVIDIA RTX PRO 6000 Blackwell Max-Q Workstation Edition, 2310 MHz, 13365 MHz, 54644 MiB, 100 %, 0x0000000000000400
2026/09/22 10:55:56.955, 6, GPU-5a4ea3b7-bb73-9876-6f45-65769efc3066, NVIDIA RTX PRO 6000 Blackwell Max-Q Workstation Edition, 2317 MHz, 13365 MHz, 54599 MiB, 100 %, 0x0000000000000400
2026/09/22 10:55:57.955, 5, GPU-f93cb3ac-bea7-0586-9f2c-c0307696716e, NVIDIA RTX PRO 6000 Blackwell Max-Q Workstation Edition, 2347 MHz, 13365 MHz, 54644 MiB, 0 %, 0x0000000000000400
2026/09/22 10:55:57.955, 6, GPU-5a4ea3b7-bb73-9876-6f45-65769efc3066, NVIDIA RTX PRO 6000 Blackwell Max-Q Workstation Edition, 2347 MHz, 13365 MHz, 54599 MiB, 0 %, 0x0000000000000400
2026/09/22 10:55:58.955, 5, GPU-f93cb3ac-bea7-0586-9f2c-c0307696716e, NVIDIA RTX PRO 6000 Blackwell Max-Q Workstation Edition, 2347 MHz, 13365 MHz, 54644 MiB, 0 %, 0x0000000000000400
2026/09/22 10:55:58.955, 6, GPU-5a4ea3b7-bb73-9876-6f45-65769efc3066, NVIDIA RTX PRO 6000 Blackwell Max-Q Workstation Edition, 2347 MHz, 13365 MHz, 54599 MiB, 0 %, 0x0000000000000400
2026/09/22 10:55:59.955, 5, GPU-f93cb3ac-bea7-0586-9f2c-c0307696716e, NVIDIA RTX PRO 6000 Blackwell Max-Q Workstation Edition, 2310 MHz, 13365 MHz, 54644 MiB, 0 %, 0x0000000000000400
2026/09/22 10:55:59.955, 6, GPU-5a4ea3b7-bb73-9876-6f45-65769efc3066, NVIDIA RTX PRO 6000 Blackwell Max-Q Workstation Edition, 2280 MHz, 13365 MHz, 54599 MiB, 0 %, 0x0000000000000400
2026/09/22 10:56:00.955, 5, GPU-f93cb3ac-bea7-0586-9f2c-c0307696716e, NVIDIA RTX PRO 6000 Blackwell Max-Q Workstation Edition, 2310 MHz, 13365 MHz, 54644 MiB, 100 %, 0x0000000000000400
2026/09/22 10:56:00.956, 6, GPU-5a4ea3b7-bb73-9876-6f45-65769efc3066, NVIDIA RTX PRO 6000 Blackwell Max-Q Workstation Edition, 2310 MHz, 13365 MHz, 54599 MiB, 100 %, 0x0000000000000400
2026/09/22 10:56:01.956, 5, GPU-f93cb3ac-bea7-0586-9f2c-c0307696716e, NVIDIA RTX PRO 6000 Blackwell Max-Q Workstation Edition, 2310 MHz, 13365 MHz, 54644 MiB, 100 %, 0x0000000000000400
2026/09/22 10:56:01.956, 6, GPU-5a4ea3b7-bb73-9876-6f45-65769efc3066, NVIDIA RTX PRO 6000 Blackwell Max-Q Workstation Edition, 2317 MHz, 13365 MHz, 54599 MiB, 100 %, 0x0000000000000400
2026/09/22 10:56:02.956, 5, GPU-f93cb3ac-bea7-0586-9f2c-c0307696716e, NVIDIA RTX PRO 6000 Blackwell Max-Q Workstation Edition, 2310 MHz, 13365 MHz, 54644 MiB, 100 %, 0x0000000000000400
2026/09/22 10:56:02.956, 6, GPU-5a4ea3b7-bb73-9876-6f45-65769efc3066, NVIDIA RTX PRO 6000 Blackwell Max-Q Workstation Edition, 2310 MHz, 13365 MHz, 54599 MiB, 100 %, 0x0000000000000400
2026/09/22 10:56:03.956, 5, GPU-f93cb3ac-bea7-0586-9f2c-c0307696716e, NVIDIA RTX PRO 6000 Blackwell Max-Q Workstation Edition, 2310 MHz, 13365 MHz, 54644 MiB, 100 %, 0x0000000000000400
2026/09/22 10:56:03.956, 6, GPU-5a4ea3b7-bb73-9876-6f45-65769efc3066, NVIDIA RTX PRO 6000 Blackwell Max-Q Workstation Edition, 2317 MHz, 13365 MHz, 54599 MiB, 100 %, 0x0000000000000400
2026/09/22 10:56:04.957, 5, GPU-f93cb3ac-bea7-0586-9f2c-c0307696716e, NVIDIA RTX PRO 6000 Blackwell Max-Q Workstation Edition, 2310 MHz, 13365 MHz, 54644 MiB, 100 %, 0x0000000000000400
2026/09/22 10:56:04.957, 6, GPU-5a4ea3b7-bb73-9876-6f45-65769efc3066, NVIDIA RTX PRO 6000 Blackwell Max-Q Workstation Edition, 2310 MHz, 13365 MHz, 54599 MiB, 100 %, 0x0000000000000400
2026/09/22 10:56:05.957, 5, GPU-f93cb3ac-bea7-0586-9f2c-c0307696716e, NVIDIA RTX PRO 6000 Blackwell Max-Q Workstation Edition, 2310 MHz, 13365 MHz, 54644 MiB, 100 %, 0x0000000000000400
2026/09/22 10:56:05.957, 6, GPU-5a4ea3b7-bb73-9876-6f45-65769efc3066, NVIDIA RTX PRO 6000 Blackwell Max-Q Workstation Edition, 2310 MHz, 13365 MHz, 54599 MiB, 100 %, 0x0000000000000400
2026/09/22 10:56:06.957, 5, GPU-f93cb3ac-bea7-0586-9f2c-c0307696716e, NVIDIA RTX PRO 6000 Blackwell Max-Q Workstation Edition, 2310 MHz, 13365 MHz, 54644 MiB, 100 %, 0x0000000000000400
2026/09/22 10:56:06.957, 6, GPU-5a4ea3b7-bb73-9876-6f45-65769efc3066, NVIDIA RTX PRO 6000 Blackwell Max-Q Workstation Edition, 2310 MHz, 13365 MHz, 54599 MiB, 100 %, 0x0000000000000400
2026/09/22 10:56:07.957, 5, GPU-f93cb3ac-bea7-0586-9f2c-c0307696716e, NVIDIA RTX PRO 6000 Blackwell Max-Q Workstation Edition, 2310 MHz, 13365 MHz, 54644 MiB, 100 %, 0x0000000000000400
2026/09/22 10:56:07.957, 6, GPU-5a4ea3b7-bb73-9876-6f45-65769efc3066, NVIDIA RTX PRO 6000 Blackwell Max-Q Workstation Edition, 2310 MHz, 13365 MHz, 54599 MiB, 100 %, 0x0000000000000400
2026/09/22 10:56:08.958, 5, GPU-f93cb3ac-bea7-0586-9f2c-c0307696716e, NVIDIA RTX PRO 6000 Blackwell Max-Q Workstation Edition, 2310 MHz, 13365 MHz, 54644 MiB, 100 %, 0x0000000000000400
2026/09/22 10:56:08.958, 6, GPU-5a4ea3b7-bb73-9876-6f45-65769efc3066, NVIDIA RTX PRO 6000 Blackwell Max-Q Workstation Edition, 2310 MHz, 13365 MHz, 54599 MiB, 100 %, 0x0000000000000400
2026/09/22 10:56:09.958, 5, GPU-f93cb3ac-bea7-0586-9f2c-c0307696716e, NVIDIA RTX PRO 6000 Blackwell Max-Q Workstation Edition, 2310 MHz, 13365 MHz, 54644 MiB, 100 %, 0x0000000000000400
2026/09/22 10:56:09.958, 6, GPU-5a4ea3b7-bb73-9876-6f45-65769efc3066, NVIDIA RTX PRO 6000 Blackwell Max-Q Workstation Edition, 2317 MHz, 13365 MHz, 54599 MiB, 100 %, 0x0000000000000400
2026/09/22 10:56:10.958, 5, GPU-f93cb3ac-bea7-0586-9f2c-c0307696716e, NVIDIA RTX PRO 6000 Blackwell Max-Q Workstation Edition, 2310 MHz, 13365 MHz, 54644 MiB, 100 %, 0x0000000000000400
2026/09/22 10:56:10.958, 6, GPU-5a4ea3b7-bb73-9876-6f45-65769efc3066, NVIDIA RTX PRO 6000 Blackwell Max-Q Workstation Edition, 2317 MHz, 13365 MHz, 54599 MiB, 100 %, 0x0000000000000400
2026/09/22 10:56:11.958, 5, GPU-f93cb3ac-bea7-0586-9f2c-c0307696716e, NVIDIA RTX PRO 6000 Blackwell Max-Q Workstation Edition, 2310 MHz, 13365 MHz, 54644 MiB, 100 %, 0x0000000000000400
2026/09/22 10:56:11.959, 6, GPU-5a4ea3b7-bb73-9876-6f45-65769efc3066, NVIDIA RTX PRO 6000 Blackwell Max-Q Workstation Edition, 2317 MHz, 13365 MHz, 54599 MiB, 100 %, 0x0000000000000400
2026/09/22 10:56:12.959, 5, GPU-f93cb3ac-bea7-0586-9f2c-c0307696716e, NVIDIA RTX PRO 6000 Blackwell Max-Q Workstation Edition, 2310 MHz, 13365 MHz, 54644 MiB, 100 %, 0x0000000000000400
2026/09/22 10:56:12.959, 6, GPU-5a4ea3b7-bb73-9876-6f45-65769efc3066, NVIDIA RTX PRO 6000 Blackwell Max-Q Workstation Edition, 2317 MHz, 13365 MHz, 54599 MiB, 100 %, 0x0000000000000400
2026/09/22 10:56:13.959, 5, GPU-f93cb3ac-bea7-0586-9f2c-c0307696716e, NVIDIA RTX PRO 6000 Blackwell Max-Q Workstation Edition, 2310 MHz, 13365 MHz, 54644 MiB, 100 %, 0x0000000000000400
2026/09/22 10:56:13.959, 6, GPU-5a4ea3b7-bb73-9876-6f45-65769efc3066, NVIDIA RTX PRO 6000 Blackwell Max-Q Workstation Edition, 2317 MHz, 13365 MHz, 54599 MiB, 100 %, 0x0000000000000400
2026/09/22 10:56:14.959, 5, GPU-f93cb3ac-bea7-0586-9f2c-c0307696716e, NVIDIA RTX PRO 6000 Blackwell Max-Q Workstation Edition, 2310 MHz, 13365 MHz, 54644 MiB, 100 %, 0x0000000000000400
2026/09/22 10:56:14.959, 6, GPU-5a4ea3b7-bb73-9876-6f45-65769efc3066, NVIDIA RTX PRO 6000 Blackwell Max-Q Workstation Edition, 2317 MHz, 13365 MHz, 54599 MiB, 100 %, 0x0000000000000400
2026/09/22 10:56:15.959, 5, GPU-f93cb3ac-bea7-0586-9f2c-c0307696716e, NVIDIA RTX PRO 6000 Blackwell Max-Q Workstation Edition, 2310 MHz, 13365 MHz, 54644 MiB, 100 %, 0x0000000000000400
2026/09/22 10:56:15.960, 6, GPU-5a4ea3b7-bb73-9876-6f45-65769efc3066, NVIDIA RTX PRO 6000 Blackwell Max-Q Workstation Edition, 2317 MHz, 13365 MHz, 54599 MiB, 100 %, 0x0000000000000400
2026/09/22 10:56:16.960, 5, GPU-f93cb3ac-bea7-0586-9f2c-c0307696716e, NVIDIA RTX PRO 6000 Blackwell Max-Q Workstation Edition, 2310 MHz, 13365 MHz, 54644 MiB, 100 %, 0x0000000000000400
2026/09/22 10:56:16.974, 6, GPU-5a4ea3b7-bb73-9876-6f45-65769efc3066, NVIDIA RTX PRO 6000 Blackwell Max-Q Workstation Edition, 2317 MHz, 13365 MHz, 54599 MiB, 100 %, 0x0000000000000400
2026/09/22 10:56:17.988, 5, GPU-f93cb3ac-bea7-0586-9f2c-c0307696716e, NVIDIA RTX PRO 6000 Blackwell Max-Q Workstation Edition, 2310 MHz, 13365 MHz, 54644 MiB, 100 %, 0x0000000000000400
2026/09/22 10:56:17.989, 6, GPU-5a4ea3b7-bb73-9876-6f45-65769efc3066, NVIDIA RTX PRO 6000 Blackwell Max-Q Workstation Edition, 2310 MHz, 13365 MHz, 54599 MiB, 100 %, 0x0000000000000400
2026/09/22 10:56:18.989, 5, GPU-f93cb3ac-bea7-0586-9f2c-c0307696716e, NVIDIA RTX PRO 6000 Blackwell Max-Q Workstation Edition, 2310 MHz, 13365 MHz, 54644 MiB, 100 %, 0x0000000000000400
2026/09/22 10:56:18.989, 6, GPU-5a4ea3b7-bb73-9876-6f45-65769efc3066, NVIDIA RTX PRO 6000 Blackwell Max-Q Workstation Edition, 2317 MHz, 13365 MHz, 54599 MiB, 100 %, 0x0000000000000400
2026/09/22 10:56:19.989, 5, GPU-f93cb3ac-bea7-0586-9f2c-c0307696716e, NVIDIA RTX PRO 6000 Blackwell Max-Q Workstation Edition, 2310 MHz, 13365 MHz, 54644 MiB, 100 %, 0x0000000000000400
2026/09/22 10:56:19.989, 6, GPU-5a4ea3b7-bb73-9876-6f45-65769efc3066, NVIDIA RTX PRO 6000 Blackwell Max-Q Workstation Edition, 2310 MHz, 13365 MHz, 54599 MiB, 100 %, 0x0000000000000400
2026/09/22 10:56:20.989, 5, GPU-f93cb3ac-bea7-0586-9f2c-c0307696716e, NVIDIA RTX PRO 6000 Blackwell Max-Q Workstation Edition, 2310 MHz, 13365 MHz, 54644 MiB, 100 %, 0x0000000000000400
2026/09/22 10:56:20.989, 6, GPU-5a4ea3b7-bb73-9876-6f45-65769efc3066, NVIDIA RTX PRO 6000 Blackwell Max-Q Workstation Edition, 2317 MHz, 13365 MHz, 54599 MiB, 100 %, 0x0000000000000400
2026/09/22 10:56:21.989, 5, GPU-f93cb3ac-bea7-0586-9f2c-c0307696716e, NVIDIA RTX PRO 6000 Blackwell Max-Q Workstation Edition, 2310 MHz, 13365 MHz, 54644 MiB, 100 %, 0x0000000000000400
2026/09/22 10:56:21.990, 6, GPU-5a4ea3b7-bb73-9876-6f45-65769efc3066, NVIDIA RTX PRO 6000 Blackwell Max-Q Workstation Edition, 2310 MHz, 13365 MHz, 54599 MiB, 100 %, 0x0000000000000400
2026/09/22 10:56:22.990, 5, GPU-f93cb3ac-bea7-0586-9f2c-c0307696716e, NVIDIA RTX PRO 6000 Blackwell Max-Q Workstation Edition, 2310 MHz, 13365 MHz, 54644 MiB, 100 %, 0x0000000000000400
2026/09/22 10:56:22.990, 6, GPU-5a4ea3b7-bb73-9876-6f45-65769efc3066, NVIDIA RTX PRO 6000 Blackwell Max-Q Workstation Edition, 2317 MHz, 13365 MHz, 54599 MiB, 100 %, 0x0000000000000400
2026/09/22 10:56:23.990, 5, GPU-f93cb3ac-bea7-0586-9f2c-c0307696716e, NVIDIA RTX PRO 6000 Blackwell Max-Q Workstation Edition, 2310 MHz, 13365 MHz, 54644 MiB, 100 %, 0x0000000000000400
2026/09/22 10:56:23.990, 6, GPU-5a4ea3b7-bb73-9876-6f45-65769efc3066, NVIDIA RTX PRO 6000 Blackwell Max-Q Workstation Edition, 2310 MHz, 13365 MHz, 54599 MiB, 100 %, 0x0000000000000400
2026/09/22 10:56:24.990, 5, GPU-f93cb3ac-bea7-0586-9f2c-c0307696716e, NVIDIA RTX PRO 6000 Blackwell Max-Q Workstation Edition, 2310 MHz, 13365 MHz, 54644 MiB, 100 %, 0x0000000000000400
2026/09/22 10:56:24.990, 6, GPU-5a4ea3b7-bb73-9876-6f45-65769efc3066, NVIDIA RTX PRO 6000 Blackwell Max-Q Workstation Edition, 2317 MHz, 13365 MHz, 54599 MiB, 100 %, 0x0000000000000400
2026/09/22 10:56:25.990, 5, GPU-f93cb3ac-bea7-0586-9f2c-c0307696716e, NVIDIA RTX PRO 6000 Blackwell Max-Q Workstation Edition, 2310 MHz, 13365 MHz, 54644 MiB, 100 %, 0x0000000000000400
2026/09/22 10:56:25.991, 6, GPU-5a4ea3b7-bb73-9876-6f45-65769efc3066, NVIDIA RTX PRO 6000 Blackwell Max-Q Workstation Edition, 2317 MHz, 13365 MHz, 54599 MiB, 100 %, 0x0000000000000400
2026/09/22 10:56:26.991, 5, GPU-f93cb3ac-bea7-0586-9f2c-c0307696716e, NVIDIA RTX PRO 6000 Blackwell Max-Q Workstation Edition, 2310 MHz, 13365 MHz, 54644 MiB, 100 %, 0x0000000000000400
2026/09/22 10:56:26.991, 6, GPU-5a4ea3b7-bb73-9876-6f45-65769efc3066, NVIDIA RTX PRO 6000 Blackwell Max-Q Workstation Edition, 2317 MHz, 13365 MHz, 54599 MiB, 100 %, 0x0000000000000400
2026/09/22 10:56:27.991, 5, GPU-f93cb3ac-bea7-0586-9f2c-c0307696716e, NVIDIA RTX PRO 6000 Blackwell Max-Q Workstation Edition, 2310 MHz, 13365 MHz, 54644 MiB, 100 %, 0x0000000000000400
2026/09/22 10:56:27.991, 6, GPU-5a4ea3b7-bb73-9876-6f45-65769efc3066, NVIDIA RTX PRO 6000 Blackwell Max-Q Workstation Edition, 2317 MHz, 13365 MHz, 54599 MiB, 100 %, 0x0000000000000400
2026/09/22 10:56:28.991, 5, GPU-f93cb3ac-bea7-0586-9f2c-c0307696716e, NVIDIA RTX PRO 6000 Blackwell Max-Q Workstation Edition, 2310 MHz, 13365 MHz, 54644 MiB, 100 %, 0x0000000000000400
2026/09/22 10:56:28.991, 6, GPU-5a4ea3b7-bb73-9876-6f45-65769efc3066, NVIDIA RTX PRO 6000 Blackwell Max-Q Workstation Edition, 2317 MHz, 13365 MHz, 54599 MiB, 100 %, 0x0000000000000400
2026/09/22 10:56:29.991, 5, GPU-f93cb3ac-bea7-0586-9f2c-c0307696716e, NVIDIA RTX PRO 6000 Blackwell Max-Q Workstation Edition, 2310 MHz, 13365 MHz, 54644 MiB, 100 %, 0x0000000000000400
2026/09/22 10:56:29.992, 6, GPU-5a4ea3b7-bb73-9876-6f45-65769efc3066, NVIDIA RTX PRO 6000 Blackwell Max-Q Workstation Edition, 2317 MHz, 13365 MHz, 54599 MiB, 100 %, 0x0000000000000400
2026/09/22 10:56:30.992, 5, GPU-f93cb3ac-bea7-0586-9f2c-c0307696716e, NVIDIA RTX PRO 6000 Blackwell Max-Q Workstation Edition, 2310 MHz, 13365 MHz, 54644 MiB, 100 %, 0x0000000000000400
2026/09/22 10:56:30.992, 6, GPU-5a4ea3b7-bb73-9876-6f45-65769efc3066, NVIDIA RTX PRO 6000 Blackwell Max-Q Workstation Edition, 2317 MHz, 13365 MHz, 54599 MiB, 100 %, 0x0000000000000400
2026/09/22 10:56:31.992, 5, GPU-f93cb3ac-bea7-0586-9f2c-c0307696716e, NVIDIA RTX PRO 6000 Blackwell Max-Q Workstation Edition, 2310 MHz, 13365 MHz, 54644 MiB, 100 %, 0x0000000000000400
2026/09/22 10:56:31.992, 6, GPU-5a4ea3b7-bb73-9876-6f45-65769efc3066, NVIDIA RTX PRO 6000 Blackwell Max-Q Workstation Edition, 2317 MHz, 13365 MHz, 54599 MiB, 100 %, 0x0000000000000400
2026/09/22 10:56:32.992, 5, GPU-f93cb3ac-bea7-0586-9f2c-c0307696716e, NVIDIA RTX PRO 6000 Blackwell Max-Q Workstation Edition, 2310 MHz, 13365 MHz, 54644 MiB, 100 %, 0x0000000000000400
2026/09/22 10:56:32.992, 6, GPU-5a4ea3b7-bb73-9876-6f45-65769efc3066, NVIDIA RTX PRO 6000 Blackwell Max-Q Workstation Edition, 2317 MHz, 13365 MHz, 54599 MiB, 100 %, 0x0000000000000400
2026/09/22 10:56:33.993, 5, GPU-f93cb3ac-bea7-0586-9f2c-c0307696716e, NVIDIA RTX PRO 6000 Blackwell Max-Q Workstation Edition, 2310 MHz, 13365 MHz, 54644 MiB, 100 %, 0x0000000000000400
2026/09/22 10:56:33.993, 6, GPU-5a4ea3b7-bb73-9876-6f45-65769efc3066, NVIDIA RTX PRO 6000 Blackwell Max-Q Workstation Edition, 2317 MHz, 13365 MHz, 54599 MiB, 100 %, 0x0000000000000400
2026/09/22 10:56:34.993, 5, GPU-f93cb3ac-bea7-0586-9f2c-c0307696716e, NVIDIA RTX PRO 6000 Blackwell Max-Q Workstation Edition, 2310 MHz, 13365 MHz, 54644 MiB, 100 %, 0x0000000000000400
2026/09/22 10:56:34.993, 6, GPU-5a4ea3b7-bb73-9876-6f45-65769efc3066, NVIDIA RTX PRO 6000 Blackwell Max-Q Workstation Edition, 2317 MHz, 13365 MHz, 54599 MiB, 100 %, 0x0000000000000400
2026/09/22 10:56:35.993, 5, GPU-f93cb3ac-bea7-0586-9f2c-c0307696716e, NVIDIA RTX PRO 6000 Blackwell Max-Q Workstation Edition, 2317 MHz, 13365 MHz, 54644 MiB, 0 %, 0x0000000000000400
2026/09/22 10:56:35.993, 6, GPU-5a4ea3b7-bb73-9876-6f45-65769efc3066, NVIDIA RTX PRO 6000 Blackwell Max-Q Workstation Edition, 2325 MHz, 13365 MHz, 54599 MiB, 50 %, 0x0000000000000400
2026/09/22 10:56:36.993, 5, GPU-f93cb3ac-bea7-0586-9f2c-c0307696716e, NVIDIA RTX PRO 6000 Blackwell Max-Q Workstation Edition, 2347 MHz, 13365 MHz, 54644 MiB, 0 %, 0x0000000000000400
2026/09/22 10:56:36.993, 6, GPU-5a4ea3b7-bb73-9876-6f45-65769efc3066, NVIDIA RTX PRO 6000 Blackwell Max-Q Workstation Edition, 2347 MHz, 13365 MHz, 54599 MiB, 0 %, 0x0000000000000400
2026/09/22 10:56:37.994, 5, GPU-f93cb3ac-bea7-0586-9f2c-c0307696716e, NVIDIA RTX PRO 6000 Blackwell Max-Q Workstation Edition, 2347 MHz, 13365 MHz, 54644 MiB, 0 %, 0x0000000000000400
2026/09/22 10:56:37.994, 6, GPU-5a4ea3b7-bb73-9876-6f45-65769efc3066, NVIDIA RTX PRO 6000 Blackwell Max-Q Workstation Edition, 2325 MHz, 13365 MHz, 54599 MiB, 0 %, 0x0000000000000400
2026/09/22 10:56:38.994, 5, GPU-f93cb3ac-bea7-0586-9f2c-c0307696716e, NVIDIA RTX PRO 6000 Blackwell Max-Q Workstation Edition, 2302 MHz, 13365 MHz, 54644 MiB, 98 %, 0x0000000000000400
2026/09/22 10:56:38.994, 6, GPU-5a4ea3b7-bb73-9876-6f45-65769efc3066, NVIDIA RTX PRO 6000 Blackwell Max-Q Workstation Edition, 2310 MHz, 13365 MHz, 54599 MiB, 62 %, 0x0000000000000400
2026/09/22 10:56:39.994, 5, GPU-f93cb3ac-bea7-0586-9f2c-c0307696716e, NVIDIA RTX PRO 6000 Blackwell Max-Q Workstation Edition, 2257 MHz, 13365 MHz, 54644 MiB, 100 %, 0x0000000000000400
2026/09/22 10:56:39.994, 6, GPU-5a4ea3b7-bb73-9876-6f45-65769efc3066, NVIDIA RTX PRO 6000 Blackwell Max-Q Workstation Edition, 2265 MHz, 13365 MHz, 54599 MiB, 100 %, 0x0000000000000400
2026/09/22 10:56:40.994, 5, GPU-f93cb3ac-bea7-0586-9f2c-c0307696716e, NVIDIA RTX PRO 6000 Blackwell Max-Q Workstation Edition, 2250 MHz, 13365 MHz, 54644 MiB, 100 %, 0x0000000000000400
2026/09/22 10:56:40.994, 6, GPU-5a4ea3b7-bb73-9876-6f45-65769efc3066, NVIDIA RTX PRO 6000 Blackwell Max-Q Workstation Edition, 2257 MHz, 13365 MHz, 54599 MiB, 100 %, 0x0000000000000400
2026/09/22 10:56:41.995, 5, GPU-f93cb3ac-bea7-0586-9f2c-c0307696716e, NVIDIA RTX PRO 6000 Blackwell Max-Q Workstation Edition, 2250 MHz, 13365 MHz, 54644 MiB, 100 %, 0x0000000000000400
2026/09/22 10:56:41.995, 6, GPU-5a4ea3b7-bb73-9876-6f45-65769efc3066, NVIDIA RTX PRO 6000 Blackwell Max-Q Workstation Edition, 2257 MHz, 13365 MHz, 54599 MiB, 100 %, 0x0000000000000400
2026/09/22 10:56:42.995, 5, GPU-f93cb3ac-bea7-0586-9f2c-c0307696716e, NVIDIA RTX PRO 6000 Blackwell Max-Q Workstation Edition, 2250 MHz, 13365 MHz, 54644 MiB, 100 %, 0x0000000000000400
2026/09/22 10:56:42.995, 6, GPU-5a4ea3b7-bb73-9876-6f45-65769efc3066, NVIDIA RTX PRO 6000 Blackwell Max-Q Workstation Edition, 2257 MHz, 13365 MHz, 54599 MiB, 100 %, 0x0000000000000400
2026/09/22 10:56:43.995, 5, GPU-f93cb3ac-bea7-0586-9f2c-c0307696716e, NVIDIA RTX PRO 6000 Blackwell Max-Q Workstation Edition, 2250 MHz, 13365 MHz, 54644 MiB, 100 %, 0x0000000000000400
2026/09/22 10:56:43.995, 6, GPU-5a4ea3b7-bb73-9876-6f45-65769efc3066, NVIDIA RTX PRO 6000 Blackwell Max-Q Workstation Edition, 2257 MHz, 13365 MHz, 54599 MiB, 100 %, 0x0000000000000400
2026/09/22 10:56:44.995, 5, GPU-f93cb3ac-bea7-0586-9f2c-c0307696716e, NVIDIA RTX PRO 6000 Blackwell Max-Q Workstation Edition, 2250 MHz, 13365 MHz, 54644 MiB, 100 %, 0x0000000000000400
2026/09/22 10:56:44.995, 6, GPU-5a4ea3b7-bb73-9876-6f45-65769efc3066, NVIDIA RTX PRO 6000 Blackwell Max-Q Workstation Edition, 2257 MHz, 13365 MHz, 54599 MiB, 100 %, 0x0000000000000400
2026/09/22 10:56:45.996, 5, GPU-f93cb3ac-bea7-0586-9f2c-c0307696716e, NVIDIA RTX PRO 6000 Blackwell Max-Q Workstation Edition, 2250 MHz, 13365 MHz, 54644 MiB, 100 %, 0x0000000000000400
2026/09/22 10:56:45.996, 6, GPU-5a4ea3b7-bb73-9876-6f45-65769efc3066, NVIDIA RTX PRO 6000 Blackwell Max-Q Workstation Edition, 2257 MHz, 13365 MHz, 54599 MiB, 100 %, 0x0000000000000400
2026/09/22 10:56:46.996, 5, GPU-f93cb3ac-bea7-0586-9f2c-c0307696716e, NVIDIA RTX PRO 6000 Blackwell Max-Q Workstation Edition, 2250 MHz, 13365 MHz, 54644 MiB, 100 %, 0x0000000000000400
2026/09/22 10:56:46.996, 6, GPU-5a4ea3b7-bb73-9876-6f45-65769efc3066, NVIDIA RTX PRO 6000 Blackwell Max-Q Workstation Edition, 2257 MHz, 13365 MHz, 54599 MiB, 100 %, 0x0000000000000400
2026/09/22 10:56:47.996, 5, GPU-f93cb3ac-bea7-0586-9f2c-c0307696716e, NVIDIA RTX PRO 6000 Blackwell Max-Q Workstation Edition, 2250 MHz, 13365 MHz, 54644 MiB, 100 %, 0x0000000000000400
2026/09/22 10:56:47.996, 6, GPU-5a4ea3b7-bb73-9876-6f45-65769efc3066, NVIDIA RTX PRO 6000 Blackwell Max-Q Workstation Edition, 2265 MHz, 13365 MHz, 54599 MiB, 100 %, 0x0000000000000400
2026/09/22 10:56:48.996, 5, GPU-f93cb3ac-bea7-0586-9f2c-c0307696716e, NVIDIA RTX PRO 6000 Blackwell Max-Q Workstation Edition, 2250 MHz, 13365 MHz, 54644 MiB, 100 %, 0x0000000000000400
2026/09/22 10:56:48.996, 6, GPU-5a4ea3b7-bb73-9876-6f45-65769efc3066, NVIDIA RTX PRO 6000 Blackwell Max-Q Workstation Edition, 2265 MHz, 13365 MHz, 54599 MiB, 100 %, 0x0000000000000400
2026/09/22 10:56:49.997, 5, GPU-f93cb3ac-bea7-0586-9f2c-c0307696716e, NVIDIA RTX PRO 6000 Blackwell Max-Q Workstation Edition, 2250 MHz, 13365 MHz, 54644 MiB, 100 %, 0x0000000000000400
2026/09/22 10:56:49.997, 6, GPU-5a4ea3b7-bb73-9876-6f45-65769efc3066, NVIDIA RTX PRO 6000 Blackwell Max-Q Workstation Edition, 2265 MHz, 13365 MHz, 54599 MiB, 100 %, 0x0000000000000400
2026/09/22 10:56:50.997, 5, GPU-f93cb3ac-bea7-0586-9f2c-c0307696716e, NVIDIA RTX PRO 6000 Blackwell Max-Q Workstation Edition, 2250 MHz, 13365 MHz, 54644 MiB, 100 %, 0x0000000000000400
2026/09/22 10:56:50.997, 6, GPU-5a4ea3b7-bb73-9876-6f45-65769efc3066, NVIDIA RTX PRO 6000 Blackwell Max-Q Workstation Edition, 2265 MHz, 13365 MHz, 54599 MiB, 100 %, 0x0000000000000400
2026/09/22 10:56:51.997, 5, GPU-f93cb3ac-bea7-0586-9f2c-c0307696716e, NVIDIA RTX PRO 6000 Blackwell Max-Q Workstation Edition, 2250 MHz, 13365 MHz, 54644 MiB, 100 %, 0x0000000000000400
2026/09/22 10:56:51.997, 6, GPU-5a4ea3b7-bb73-9876-6f45-65769efc3066, NVIDIA RTX PRO 6000 Blackwell Max-Q Workstation Edition, 2265 MHz, 13365 MHz, 54599 MiB, 100 %, 0x0000000000000400
2026/09/22 10:56:52.997, 5, GPU-f93cb3ac-bea7-0586-9f2c-c0307696716e, NVIDIA RTX PRO 6000 Blackwell Max-Q Workstation Edition, 2250 MHz, 13365 MHz, 54644 MiB, 100 %, 0x0000000000000400
2026/09/22 10:56:52.998, 6, GPU-5a4ea3b7-bb73-9876-6f45-65769efc3066, NVIDIA RTX PRO 6000 Blackwell Max-Q Workstation Edition, 2265 MHz, 13365 MHz, 54599 MiB, 100 %, 0x0000000000000400
2026/09/22 10:56:53.998, 5, GPU-f93cb3ac-bea7-0586-9f2c-c0307696716e, NVIDIA RTX PRO 6000 Blackwell Max-Q Workstation Edition, 2250 MHz, 13365 MHz, 54644 MiB, 100 %, 0x0000000000000400
2026/09/22 10:56:53.998, 6, GPU-5a4ea3b7-bb73-9876-6f45-65769efc3066, NVIDIA RTX PRO 6000 Blackwell Max-Q Workstation Edition, 2265 MHz, 13365 MHz, 54599 MiB, 100 %, 0x0000000000000400
2026/09/22 10:56:54.998, 5, GPU-f93cb3ac-bea7-0586-9f2c-c0307696716e, NVIDIA RTX PRO 6000 Blackwell Max-Q Workstation Edition, 2250 MHz, 13365 MHz, 54644 MiB, 100 %, 0x0000000000000400
2026/09/22 10:56:54.998, 6, GPU-5a4ea3b7-bb73-9876-6f45-65769efc3066, NVIDIA RTX PRO 6000 Blackwell Max-Q Workstation Edition, 2265 MHz, 13365 MHz, 54599 MiB, 100 %, 0x0000000000000400
2026/09/22 10:56:55.999, 5, GPU-f93cb3ac-bea7-0586-9f2c-c0307696716e, NVIDIA RTX PRO 6000 Blackwell Max-Q Workstation Edition, 2250 MHz, 13365 MHz, 54644 MiB, 100 %, 0x0000000000000400
2026/09/22 10:56:55.999, 6, GPU-5a4ea3b7-bb73-9876-6f45-65769efc3066, NVIDIA RTX PRO 6000 Blackwell Max-Q Workstation Edition, 2265 MHz, 13365 MHz, 54599 MiB, 100 %, 0x0000000000000400
2026/09/22 10:56:56.999, 5, GPU-f93cb3ac-bea7-0586-9f2c-c0307696716e, NVIDIA RTX PRO 6000 Blackwell Max-Q Workstation Edition, 2250 MHz, 13365 MHz, 54644 MiB, 100 %, 0x0000000000000400
2026/09/22 10:56:56.999, 6, GPU-5a4ea3b7-bb73-9876-6f45-65769efc3066, NVIDIA RTX PRO 6000 Blackwell Max-Q Workstation Edition, 2265 MHz, 13365 MHz, 54599 MiB, 100 %, 0x0000000000000400
2026/09/22 10:56:57.999, 5, GPU-f93cb3ac-bea7-0586-9f2c-c0307696716e, NVIDIA RTX PRO 6000 Blackwell Max-Q Workstation Edition, 2250 MHz, 13365 MHz, 54644 MiB, 100 %, 0x0000000000000400
2026/09/22 10:56:57.999, 6, GPU-5a4ea3b7-bb73-9876-6f45-65769efc3066, NVIDIA RTX PRO 6000 Blackwell Max-Q Workstation Edition, 2265 MHz, 13365 MHz, 54599 MiB, 100 %, 0x0000000000000400
2026/09/22 10:56:58.999, 5, GPU-f93cb3ac-bea7-0586-9f2c-c0307696716e, NVIDIA RTX PRO 6000 Blackwell Max-Q Workstation Edition, 2250 MHz, 13365 MHz, 54644 MiB, 100 %, 0x0000000000000400
2026/09/22 10:56:58.999, 6, GPU-5a4ea3b7-bb73-9876-6f45-65769efc3066, NVIDIA RTX PRO 6000 Blackwell Max-Q Workstation Edition, 2265 MHz, 13365 MHz, 54599 MiB, 100 %, 0x0000000000000400
2026/09/22 10:57:00.000, 5, GPU-f93cb3ac-bea7-0586-9f2c-c0307696716e, NVIDIA RTX PRO 6000 Blackwell Max-Q Workstation Edition, 2250 MHz, 13365 MHz, 54644 MiB, 100 %, 0x0000000000000400
2026/09/22 10:57:00.000, 6, GPU-5a4ea3b7-bb73-9876-6f45-65769efc3066, NVIDIA RTX PRO 6000 Blackwell Max-Q Workstation Edition, 2265 MHz, 13365 MHz, 54599 MiB, 100 %, 0x0000000000000400
2026/09/22 10:57:01.000, 5, GPU-f93cb3ac-bea7-0586-9f2c-c0307696716e, NVIDIA RTX PRO 6000 Blackwell Max-Q Workstation Edition, 2250 MHz, 13365 MHz, 54644 MiB, 100 %, 0x0000000000000400
2026/09/22 10:57:01.000, 6, GPU-5a4ea3b7-bb73-9876-6f45-65769efc3066, NVIDIA RTX PRO 6000 Blackwell Max-Q Workstation Edition, 2265 MHz, 13365 MHz, 54599 MiB, 100 %, 0x0000000000000400
2026/09/22 10:57:02.000, 5, GPU-f93cb3ac-bea7-0586-9f2c-c0307696716e, NVIDIA RTX PRO 6000 Blackwell Max-Q Workstation Edition, 2250 MHz, 13365 MHz, 54644 MiB, 100 %, 0x0000000000000400
2026/09/22 10:57:02.000, 6, GPU-5a4ea3b7-bb73-9876-6f45-65769efc3066, NVIDIA RTX PRO 6000 Blackwell Max-Q Workstation Edition, 2265 MHz, 13365 MHz, 54599 MiB, 100 %, 0x0000000000000400
2026/09/22 10:57:03.000, 5, GPU-f93cb3ac-bea7-0586-9f2c-c0307696716e, NVIDIA RTX PRO 6000 Blackwell Max-Q Workstation Edition, 2250 MHz, 13365 MHz, 54644 MiB, 100 %, 0x0000000000000400
2026/09/22 10:57:03.000, 6, GPU-5a4ea3b7-bb73-9876-6f45-65769efc3066, NVIDIA RTX PRO 6000 Blackwell Max-Q Workstation Edition, 2265 MHz, 13365 MHz, 54599 MiB, 100 %, 0x0000000000000400
2026/09/22 10:57:04.001, 5, GPU-f93cb3ac-bea7-0586-9f2c-c0307696716e, NVIDIA RTX PRO 6000 Blackwell Max-Q Workstation Edition, 2250 MHz, 13365 MHz, 54644 MiB, 100 %, 0x0000000000000400
2026/09/22 10:57:04.001, 6, GPU-5a4ea3b7-bb73-9876-6f45-65769efc3066, NVIDIA RTX PRO 6000 Blackwell Max-Q Workstation Edition, 2265 MHz, 13365 MHz, 54599 MiB, 100 %, 0x0000000000000400
2026/09/22 10:57:05.001, 5, GPU-f93cb3ac-bea7-0586-9f2c-c0307696716e, NVIDIA RTX PRO 6000 Blackwell Max-Q Workstation Edition, 2242 MHz, 13365 MHz, 54644 MiB, 100 %, 0x0000000000000400
2026/09/22 10:57:05.001, 6, GPU-5a4ea3b7-bb73-9876-6f45-65769efc3066, NVIDIA RTX PRO 6000 Blackwell Max-Q Workstation Edition, 2265 MHz, 13365 MHz, 54599 MiB, 100 %, 0x0000000000000400
2026/09/22 10:57:06.001, 5, GPU-f93cb3ac-bea7-0586-9f2c-c0307696716e, NVIDIA RTX PRO 6000 Blackwell Max-Q Workstation Edition, 2250 MHz, 13365 MHz, 54644 MiB, 100 %, 0x0000000000000400
2026/09/22 10:57:06.001, 6, GPU-5a4ea3b7-bb73-9876-6f45-65769efc3066, NVIDIA RTX PRO 6000 Blackwell Max-Q Workstation Edition, 2265 MHz, 13365 MHz, 54599 MiB, 100 %, 0x0000000000000400
2026/09/22 10:57:07.001, 5, GPU-f93cb3ac-bea7-0586-9f2c-c0307696716e, NVIDIA RTX PRO 6000 Blackwell Max-Q Workstation Edition, 2250 MHz, 13365 MHz, 54644 MiB, 100 %, 0x0000000000000400
2026/09/22 10:57:07.001, 6, GPU-5a4ea3b7-bb73-9876-6f45-65769efc3066, NVIDIA RTX PRO 6000 Blackwell Max-Q Workstation Edition, 2265 MHz, 13365 MHz, 54599 MiB, 100 %, 0x0000000000000400
2026/09/22 10:57:08.002, 5, GPU-f93cb3ac-bea7-0586-9f2c-c0307696716e, NVIDIA RTX PRO 6000 Blackwell Max-Q Workstation Edition, 2250 MHz, 13365 MHz, 54644 MiB, 100 %, 0x0000000000000400
2026/09/22 10:57:08.002, 6, GPU-5a4ea3b7-bb73-9876-6f45-65769efc3066, NVIDIA RTX PRO 6000 Blackwell Max-Q Workstation Edition, 2265 MHz, 13365 MHz, 54599 MiB, 100 %, 0x0000000000000400
2026/09/22 10:57:09.002, 5, GPU-f93cb3ac-bea7-0586-9f2c-c0307696716e, NVIDIA RTX PRO 6000 Blackwell Max-Q Workstation Edition, 2250 MHz, 13365 MHz, 54644 MiB, 100 %, 0x0000000000000400
2026/09/22 10:57:09.002, 6, GPU-5a4ea3b7-bb73-9876-6f45-65769efc3066, NVIDIA RTX PRO 6000 Blackwell Max-Q Workstation Edition, 2265 MHz, 13365 MHz, 54599 MiB, 100 %, 0x0000000000000400
2026/09/22 10:57:10.002, 5, GPU-f93cb3ac-bea7-0586-9f2c-c0307696716e, NVIDIA RTX PRO 6000 Blackwell Max-Q Workstation Edition, 2250 MHz, 13365 MHz, 54644 MiB, 100 %, 0x0000000000000400
2026/09/22 10:57:10.002, 6, GPU-5a4ea3b7-bb73-9876-6f45-65769efc3066, NVIDIA RTX PRO 6000 Blackwell Max-Q Workstation Edition, 2265 MHz, 13365 MHz, 54599 MiB, 100 %, 0x0000000000000400
2026/09/22 10:57:11.002, 5, GPU-f93cb3ac-bea7-0586-9f2c-c0307696716e, NVIDIA RTX PRO 6000 Blackwell Max-Q Workstation Edition, 2250 MHz, 13365 MHz, 54644 MiB, 100 %, 0x0000000000000400
2026/09/22 10:57:11.002, 6, GPU-5a4ea3b7-bb73-9876-6f45-65769efc3066, NVIDIA RTX PRO 6000 Blackwell Max-Q Workstation Edition, 2265 MHz, 13365 MHz, 54599 MiB, 100 %, 0x0000000000000400
2026/09/22 10:57:12.003, 5, GPU-f93cb3ac-bea7-0586-9f2c-c0307696716e, NVIDIA RTX PRO 6000 Blackwell Max-Q Workstation Edition, 2250 MHz, 13365 MHz, 54644 MiB, 100 %, 0x0000000000000400
2026/09/22 10:57:12.003, 6, GPU-5a4ea3b7-bb73-9876-6f45-65769efc3066, NVIDIA RTX PRO 6000 Blackwell Max-Q Workstation Edition, 2265 MHz, 13365 MHz, 54599 MiB, 100 %, 0x0000000000000400
2026/09/22 10:57:13.003, 5, GPU-f93cb3ac-bea7-0586-9f2c-c0307696716e, NVIDIA RTX PRO 6000 Blackwell Max-Q Workstation Edition, 2250 MHz, 13365 MHz, 54644 MiB, 100 %, 0x0000000000000400
2026/09/22 10:57:13.003, 6, GPU-5a4ea3b7-bb73-9876-6f45-65769efc3066, NVIDIA RTX PRO 6000 Blackwell Max-Q Workstation Edition, 2265 MHz, 13365 MHz, 54599 MiB, 100 %, 0x0000000000000400
2026/09/22 10:57:14.003, 5, GPU-f93cb3ac-bea7-0586-9f2c-c0307696716e, NVIDIA RTX PRO 6000 Blackwell Max-Q Workstation Edition, 2242 MHz, 13365 MHz, 54644 MiB, 100 %, 0x0000000000000400
2026/09/22 10:57:14.003, 6, GPU-5a4ea3b7-bb73-9876-6f45-65769efc3066, NVIDIA RTX PRO 6000 Blackwell Max-Q Workstation Edition, 2265 MHz, 13365 MHz, 54599 MiB, 100 %, 0x0000000000000400
2026/09/22 10:57:15.003, 5, GPU-f93cb3ac-bea7-0586-9f2c-c0307696716e, NVIDIA RTX PRO 6000 Blackwell Max-Q Workstation Edition, 2347 MHz, 13365 MHz, 54644 MiB, 0 %, 0x0000000000000400
2026/09/22 10:57:15.003, 6, GPU-5a4ea3b7-bb73-9876-6f45-65769efc3066, NVIDIA RTX PRO 6000 Blackwell Max-Q Workstation Edition, 2355 MHz, 13365 MHz, 54599 MiB, 0 %, 0x0000000000000400
2026/09/22 10:57:16.004, 5, GPU-f93cb3ac-bea7-0586-9f2c-c0307696716e, NVIDIA RTX PRO 6000 Blackwell Max-Q Workstation Edition, 2347 MHz, 13365 MHz, 54644 MiB, 0 %, 0x0000000000000400
2026/09/22 10:57:16.004, 6, GPU-5a4ea3b7-bb73-9876-6f45-65769efc3066, NVIDIA RTX PRO 6000 Blackwell Max-Q Workstation Edition, 2355 MHz, 13365 MHz, 54599 MiB, 0 %, 0x0000000000000400
2026/09/22 10:57:17.004, 5, GPU-f93cb3ac-bea7-0586-9f2c-c0307696716e, NVIDIA RTX PRO 6000 Blackwell Max-Q Workstation Edition, 2325 MHz, 13365 MHz, 54644 MiB, 0 %, 0x0000000000000400
2026/09/22 10:57:17.004, 6, GPU-5a4ea3b7-bb73-9876-6f45-65769efc3066, NVIDIA RTX PRO 6000 Blackwell Max-Q Workstation Edition, 2295 MHz, 13365 MHz, 54599 MiB, 0 %, 0x0000000000000400
2026/09/22 10:57:18.004, 5, GPU-f93cb3ac-bea7-0586-9f2c-c0307696716e, NVIDIA RTX PRO 6000 Blackwell Max-Q Workstation Edition, 2272 MHz, 13365 MHz, 54644 MiB, 0 %, 0x0000000000000400
2026/09/22 10:57:18.004, 6, GPU-5a4ea3b7-bb73-9876-6f45-65769efc3066, NVIDIA RTX PRO 6000 Blackwell Max-Q Workstation Edition, 2272 MHz, 13365 MHz, 54599 MiB, 0 %, 0x0000000000000400
2026/09/22 10:57:19.004, 5, GPU-f93cb3ac-bea7-0586-9f2c-c0307696716e, NVIDIA RTX PRO 6000 Blackwell Max-Q Workstation Edition, 2272 MHz, 13365 MHz, 54644 MiB, 0 %, 0x0000000000000400
2026/09/22 10:57:19.004, 6, GPU-5a4ea3b7-bb73-9876-6f45-65769efc3066, NVIDIA RTX PRO 6000 Blackwell Max-Q Workstation Edition, 2272 MHz, 13365 MHz, 54599 MiB, 0 %, 0x0000000000000400
2026/09/22 10:57:20.005, 5, GPU-f93cb3ac-bea7-0586-9f2c-c0307696716e, NVIDIA RTX PRO 6000 Blackwell Max-Q Workstation Edition, 2302 MHz, 13365 MHz, 54644 MiB, 100 %, 0x0000000000000400
2026/09/22 10:57:20.005, 6, GPU-5a4ea3b7-bb73-9876-6f45-65769efc3066, NVIDIA RTX PRO 6000 Blackwell Max-Q Workstation Edition, 2310 MHz, 13365 MHz, 54599 MiB, 100 %, 0x0000000000000400
2026/09/22 10:57:21.005, 5, GPU-f93cb3ac-bea7-0586-9f2c-c0307696716e, NVIDIA RTX PRO 6000 Blackwell Max-Q Workstation Edition, 2310 MHz, 13365 MHz, 54644 MiB, 100 %, 0x0000000000000400
2026/09/22 10:57:21.005, 6, GPU-5a4ea3b7-bb73-9876-6f45-65769efc3066, NVIDIA RTX PRO 6000 Blackwell Max-Q Workstation Edition, 2317 MHz, 13365 MHz, 54599 MiB, 100 %, 0x0000000000000400
2026/09/22 10:57:22.005, 5, GPU-f93cb3ac-bea7-0586-9f2c-c0307696716e, NVIDIA RTX PRO 6000 Blackwell Max-Q Workstation Edition, 2310 MHz, 13365 MHz, 54644 MiB, 100 %, 0x0000000000000400
2026/09/22 10:57:22.005, 6, GPU-5a4ea3b7-bb73-9876-6f45-65769efc3066, NVIDIA RTX PRO 6000 Blackwell Max-Q Workstation Edition, 2317 MHz, 13365 MHz, 54599 MiB, 100 %, 0x0000000000000400
2026/09/22 10:57:23.005, 5, GPU-f93cb3ac-bea7-0586-9f2c-c0307696716e, NVIDIA RTX PRO 6000 Blackwell Max-Q Workstation Edition, 2310 MHz, 13365 MHz, 54644 MiB, 100 %, 0x0000000000000400
2026/09/22 10:57:23.006, 6, GPU-5a4ea3b7-bb73-9876-6f45-65769efc3066, NVIDIA RTX PRO 6000 Blackwell Max-Q Workstation Edition, 2317 MHz, 13365 MHz, 54599 MiB, 100 %, 0x0000000000000400
2026/09/22 10:57:24.006, 5, GPU-f93cb3ac-bea7-0586-9f2c-c0307696716e, NVIDIA RTX PRO 6000 Blackwell Max-Q Workstation Edition, 2310 MHz, 13365 MHz, 54644 MiB, 100 %, 0x0000000000000400
2026/09/22 10:57:24.006, 6, GPU-5a4ea3b7-bb73-9876-6f45-65769efc3066, NVIDIA RTX PRO 6000 Blackwell Max-Q Workstation Edition, 2317 MHz, 13365 MHz, 54599 MiB, 100 %, 0x0000000000000400
2026/09/22 10:57:25.006, 5, GPU-f93cb3ac-bea7-0586-9f2c-c0307696716e, NVIDIA RTX PRO 6000 Blackwell Max-Q Workstation Edition, 2310 MHz, 13365 MHz, 54644 MiB, 100 %, 0x0000000000000400
2026/09/22 10:57:25.006, 6, GPU-5a4ea3b7-bb73-9876-6f45-65769efc3066, NVIDIA RTX PRO 6000 Blackwell Max-Q Workstation Edition, 2317 MHz, 13365 MHz, 54599 MiB, 100 %, 0x0000000000000400
2026/09/22 10:57:26.006, 5, GPU-f93cb3ac-bea7-0586-9f2c-c0307696716e, NVIDIA RTX PRO 6000 Blackwell Max-Q Workstation Edition, 2310 MHz, 13365 MHz, 54644 MiB, 100 %, 0x0000000000000400
2026/09/22 10:57:26.006, 6, GPU-5a4ea3b7-bb73-9876-6f45-65769efc3066, NVIDIA RTX PRO 6000 Blackwell Max-Q Workstation Edition, 2317 MHz, 13365 MHz, 54599 MiB, 100 %, 0x0000000000000400
2026/09/22 10:57:27.007, 5, GPU-f93cb3ac-bea7-0586-9f2c-c0307696716e, NVIDIA RTX PRO 6000 Blackwell Max-Q Workstation Edition, 2310 MHz, 13365 MHz, 54644 MiB, 100 %, 0x0000000000000400
2026/09/22 10:57:27.007, 6, GPU-5a4ea3b7-bb73-9876-6f45-65769efc3066, NVIDIA RTX PRO 6000 Blackwell Max-Q Workstation Edition, 2325 MHz, 13365 MHz, 54599 MiB, 100 %, 0x0000000000000400
2026/09/22 10:57:28.007, 5, GPU-f93cb3ac-bea7-0586-9f2c-c0307696716e, NVIDIA RTX PRO 6000 Blackwell Max-Q Workstation Edition, 2310 MHz, 13365 MHz, 54644 MiB, 100 %, 0x0000000000000400
2026/09/22 10:57:28.007, 6, GPU-5a4ea3b7-bb73-9876-6f45-65769efc3066, NVIDIA RTX PRO 6000 Blackwell Max-Q Workstation Edition, 2317 MHz, 13365 MHz, 54599 MiB, 100 %, 0x0000000000000400
2026/09/22 10:57:29.007, 5, GPU-f93cb3ac-bea7-0586-9f2c-c0307696716e, NVIDIA RTX PRO 6000 Blackwell Max-Q Workstation Edition, 2310 MHz, 13365 MHz, 54644 MiB, 100 %, 0x0000000000000400
2026/09/22 10:57:29.007, 6, GPU-5a4ea3b7-bb73-9876-6f45-65769efc3066, NVIDIA RTX PRO 6000 Blackwell Max-Q Workstation Edition, 2317 MHz, 13365 MHz, 54599 MiB, 100 %, 0x0000000000000400
2026/09/22 10:57:30.007, 5, GPU-f93cb3ac-bea7-0586-9f2c-c0307696716e, NVIDIA RTX PRO 6000 Blackwell Max-Q Workstation Edition, 2310 MHz, 13365 MHz, 54644 MiB, 100 %, 0x0000000000000400
2026/09/22 10:57:30.025, 6, GPU-5a4ea3b7-bb73-9876-6f45-65769efc3066, NVIDIA RTX PRO 6000 Blackwell Max-Q Workstation Edition, 2317 MHz, 13365 MHz, 54599 MiB, 100 %, 0x0000000000000400
2026/09/22 10:57:31.033, 5, GPU-f93cb3ac-bea7-0586-9f2c-c0307696716e, NVIDIA RTX PRO 6000 Blackwell Max-Q Workstation Edition, 2310 MHz, 13365 MHz, 54644 MiB, 100 %, 0x0000000000000400
2026/09/22 10:57:31.033, 6, GPU-5a4ea3b7-bb73-9876-6f45-65769efc3066, NVIDIA RTX PRO 6000 Blackwell Max-Q Workstation Edition, 2317 MHz, 13365 MHz, 54599 MiB, 100 %, 0x0000000000000400
2026/09/22 10:57:32.033, 5, GPU-f93cb3ac-bea7-0586-9f2c-c0307696716e, NVIDIA RTX PRO 6000 Blackwell Max-Q Workstation Edition, 2310 MHz, 13365 MHz, 54644 MiB, 100 %, 0x0000000000000400
2026/09/22 10:57:32.033, 6, GPU-5a4ea3b7-bb73-9876-6f45-65769efc3066, NVIDIA RTX PRO 6000 Blackwell Max-Q Workstation Edition, 2325 MHz, 13365 MHz, 54599 MiB, 100 %, 0x0000000000000400
2026/09/22 10:57:33.033, 5, GPU-f93cb3ac-bea7-0586-9f2c-c0307696716e, NVIDIA RTX PRO 6000 Blackwell Max-Q Workstation Edition, 2310 MHz, 13365 MHz, 54644 MiB, 100 %, 0x0000000000000400
2026/09/22 10:57:33.033, 6, GPU-5a4ea3b7-bb73-9876-6f45-65769efc3066, NVIDIA RTX PRO 6000 Blackwell Max-Q Workstation Edition, 2317 MHz, 13365 MHz, 54599 MiB, 100 %, 0x0000000000000400
2026/09/22 10:57:34.034, 5, GPU-f93cb3ac-bea7-0586-9f2c-c0307696716e, NVIDIA RTX PRO 6000 Blackwell Max-Q Workstation Edition, 2310 MHz, 13365 MHz, 54644 MiB, 100 %, 0x0000000000000400
2026/09/22 10:57:34.034, 6, GPU-5a4ea3b7-bb73-9876-6f45-65769efc3066, NVIDIA RTX PRO 6000 Blackwell Max-Q Workstation Edition, 2317 MHz, 13365 MHz, 54599 MiB, 100 %, 0x0000000000000400
2026/09/22 10:57:35.034, 5, GPU-f93cb3ac-bea7-0586-9f2c-c0307696716e, NVIDIA RTX PRO 6000 Blackwell Max-Q Workstation Edition, 2310 MHz, 13365 MHz, 54644 MiB, 38 %, 0x0000000000000400
2026/09/22 10:57:35.034, 6, GPU-5a4ea3b7-bb73-9876-6f45-65769efc3066, NVIDIA RTX PRO 6000 Blackwell Max-Q Workstation Edition, 2317 MHz, 13365 MHz, 54599 MiB, 100 %, 0x0000000000000400
2026/09/22 10:57:36.034, 5, GPU-f93cb3ac-bea7-0586-9f2c-c0307696716e, NVIDIA RTX PRO 6000 Blackwell Max-Q Workstation Edition, 2347 MHz, 13365 MHz, 54644 MiB, 0 %, 0x0000000000000400
2026/09/22 10:57:36.034, 6, GPU-5a4ea3b7-bb73-9876-6f45-65769efc3066, NVIDIA RTX PRO 6000 Blackwell Max-Q Workstation Edition, 2347 MHz, 13365 MHz, 54599 MiB, 0 %, 0x0000000000000400
2026/09/22 10:57:37.034, 5, GPU-f93cb3ac-bea7-0586-9f2c-c0307696716e, NVIDIA RTX PRO 6000 Blackwell Max-Q Workstation Edition, 2332 MHz, 13365 MHz, 54644 MiB, 0 %, 0x0000000000000400
2026/09/22 10:57:37.035, 6, GPU-5a4ea3b7-bb73-9876-6f45-65769efc3066, NVIDIA RTX PRO 6000 Blackwell Max-Q Workstation Edition, 2347 MHz, 13365 MHz, 54599 MiB, 0 %, 0x0000000000000400
2026/09/22 10:57:38.035, 5, GPU-f93cb3ac-bea7-0586-9f2c-c0307696716e, NVIDIA RTX PRO 6000 Blackwell Max-Q Workstation Edition, 2310 MHz, 13365 MHz, 54644 MiB, 100 %, 0x0000000000000400
2026/09/22 10:57:38.035, 6, GPU-5a4ea3b7-bb73-9876-6f45-65769efc3066, NVIDIA RTX PRO 6000 Blackwell Max-Q Workstation Edition, 2310 MHz, 13365 MHz, 54599 MiB, 100 %, 0x0000000000000400
2026/09/22 10:57:39.035, 5, GPU-f93cb3ac-bea7-0586-9f2c-c0307696716e, NVIDIA RTX PRO 6000 Blackwell Max-Q Workstation Edition, 2310 MHz, 13365 MHz, 54644 MiB, 100 %, 0x0000000000000400
2026/09/22 10:57:39.035, 6, GPU-5a4ea3b7-bb73-9876-6f45-65769efc3066, NVIDIA RTX PRO 6000 Blackwell Max-Q Workstation Edition, 2310 MHz, 13365 MHz, 54599 MiB, 100 %, 0x0000000000000400
2026/09/22 10:57:40.035, 5, GPU-f93cb3ac-bea7-0586-9f2c-c0307696716e, NVIDIA RTX PRO 6000 Blackwell Max-Q Workstation Edition, 2310 MHz, 13365 MHz, 54644 MiB, 100 %, 0x0000000000000400
2026/09/22 10:57:40.035, 6, GPU-5a4ea3b7-bb73-9876-6f45-65769efc3066, NVIDIA RTX PRO 6000 Blackwell Max-Q Workstation Edition, 2310 MHz, 13365 MHz, 54599 MiB, 100 %, 0x0000000000000400
2026/09/22 10:57:41.035, 5, GPU-f93cb3ac-bea7-0586-9f2c-c0307696716e, NVIDIA RTX PRO 6000 Blackwell Max-Q Workstation Edition, 2310 MHz, 13365 MHz, 54644 MiB, 100 %, 0x0000000000000400
2026/09/22 10:57:41.036, 6, GPU-5a4ea3b7-bb73-9876-6f45-65769efc3066, NVIDIA RTX PRO 6000 Blackwell Max-Q Workstation Edition, 2317 MHz, 13365 MHz, 54599 MiB, 100 %, 0x0000000000000400
2026/09/22 10:57:42.036, 5, GPU-f93cb3ac-bea7-0586-9f2c-c0307696716e, NVIDIA RTX PRO 6000 Blackwell Max-Q Workstation Edition, 2310 MHz, 13365 MHz, 54644 MiB, 100 %, 0x0000000000000400
2026/09/22 10:57:42.036, 6, GPU-5a4ea3b7-bb73-9876-6f45-65769efc3066, NVIDIA RTX PRO 6000 Blackwell Max-Q Workstation Edition, 2310 MHz, 13365 MHz, 54599 MiB, 100 %, 0x0000000000000400
2026/09/22 10:57:43.036, 5, GPU-f93cb3ac-bea7-0586-9f2c-c0307696716e, NVIDIA RTX PRO 6000 Blackwell Max-Q Workstation Edition, 2310 MHz, 13365 MHz, 54644 MiB, 100 %, 0x0000000000000400
2026/09/22 10:57:43.036, 6, GPU-5a4ea3b7-bb73-9876-6f45-65769efc3066, NVIDIA RTX PRO 6000 Blackwell Max-Q Workstation Edition, 2317 MHz, 13365 MHz, 54599 MiB, 100 %, 0x0000000000000400
2026/09/22 10:57:44.036, 5, GPU-f93cb3ac-bea7-0586-9f2c-c0307696716e, NVIDIA RTX PRO 6000 Blackwell Max-Q Workstation Edition, 2310 MHz, 13365 MHz, 54644 MiB, 100 %, 0x0000000000000400
2026/09/22 10:57:44.036, 6, GPU-5a4ea3b7-bb73-9876-6f45-65769efc3066, NVIDIA RTX PRO 6000 Blackwell Max-Q Workstation Edition, 2317 MHz, 13365 MHz, 54599 MiB, 100 %, 0x0000000000000400
2026/09/22 10:57:45.037, 5, GPU-f93cb3ac-bea7-0586-9f2c-c0307696716e, NVIDIA RTX PRO 6000 Blackwell Max-Q Workstation Edition, 2310 MHz, 13365 MHz, 54644 MiB, 100 %, 0x0000000000000400
2026/09/22 10:57:45.037, 6, GPU-5a4ea3b7-bb73-9876-6f45-65769efc3066, NVIDIA RTX PRO 6000 Blackwell Max-Q Workstation Edition, 2317 MHz, 13365 MHz, 54599 MiB, 100 %, 0x0000000000000400
2026/09/22 10:57:46.037, 5, GPU-f93cb3ac-bea7-0586-9f2c-c0307696716e, NVIDIA RTX PRO 6000 Blackwell Max-Q Workstation Edition, 2310 MHz, 13365 MHz, 54644 MiB, 100 %, 0x0000000000000400
2026/09/22 10:57:46.037, 6, GPU-5a4ea3b7-bb73-9876-6f45-65769efc3066, NVIDIA RTX PRO 6000 Blackwell Max-Q Workstation Edition, 2317 MHz, 13365 MHz, 54599 MiB, 100 %, 0x0000000000000400
2026/09/22 10:57:47.037, 5, GPU-f93cb3ac-bea7-0586-9f2c-c0307696716e, NVIDIA RTX PRO 6000 Blackwell Max-Q Workstation Edition, 2310 MHz, 13365 MHz, 54644 MiB, 100 %, 0x0000000000000400
2026/09/22 10:57:47.037, 6, GPU-5a4ea3b7-bb73-9876-6f45-65769efc3066, NVIDIA RTX PRO 6000 Blackwell Max-Q Workstation Edition, 2317 MHz, 13365 MHz, 54599 MiB, 100 %, 0x0000000000000400
2026/09/22 10:57:48.037, 5, GPU-f93cb3ac-bea7-0586-9f2c-c0307696716e, NVIDIA RTX PRO 6000 Blackwell Max-Q Workstation Edition, 2310 MHz, 13365 MHz, 54644 MiB, 100 %, 0x0000000000000400
2026/09/22 10:57:48.037, 6, GPU-5a4ea3b7-bb73-9876-6f45-65769efc3066, NVIDIA RTX PRO 6000 Blackwell Max-Q Workstation Edition, 2317 MHz, 13365 MHz, 54599 MiB, 100 %, 0x0000000000000400
2026/09/22 10:57:49.038, 5, GPU-f93cb3ac-bea7-0586-9f2c-c0307696716e, NVIDIA RTX PRO 6000 Blackwell Max-Q Workstation Edition, 2310 MHz, 13365 MHz, 54644 MiB, 100 %, 0x0000000000000400
2026/09/22 10:57:49.038, 6, GPU-5a4ea3b7-bb73-9876-6f45-65769efc3066, NVIDIA RTX PRO 6000 Blackwell Max-Q Workstation Edition, 2317 MHz, 13365 MHz, 54599 MiB, 100 %, 0x0000000000000400
2026/09/22 10:57:50.038, 5, GPU-f93cb3ac-bea7-0586-9f2c-c0307696716e, NVIDIA RTX PRO 6000 Blackwell Max-Q Workstation Edition, 2310 MHz, 13365 MHz, 54644 MiB, 100 %, 0x0000000000000400
2026/09/22 10:57:50.038, 6, GPU-5a4ea3b7-bb73-9876-6f45-65769efc3066, NVIDIA RTX PRO 6000 Blackwell Max-Q Workstation Edition, 2317 MHz, 13365 MHz, 54599 MiB, 100 %, 0x0000000000000400
2026/09/22 10:57:51.038, 5, GPU-f93cb3ac-bea7-0586-9f2c-c0307696716e, NVIDIA RTX PRO 6000 Blackwell Max-Q Workstation Edition, 2310 MHz, 13365 MHz, 54644 MiB, 100 %, 0x0000000000000400
2026/09/22 10:57:51.053, 6, GPU-5a4ea3b7-bb73-9876-6f45-65769efc3066, NVIDIA RTX PRO 6000 Blackwell Max-Q Workstation Edition, 2317 MHz, 13365 MHz, 54599 MiB, 100 %, 0x0000000000000400
2026/09/22 10:57:52.071, 5, GPU-f93cb3ac-bea7-0586-9f2c-c0307696716e, NVIDIA RTX PRO 6000 Blackwell Max-Q Workstation Edition, 2310 MHz, 13365 MHz, 54644 MiB, 100 %, 0x0000000000000400
2026/09/22 10:57:52.071, 6, GPU-5a4ea3b7-bb73-9876-6f45-65769efc3066, NVIDIA RTX PRO 6000 Blackwell Max-Q Workstation Edition, 2317 MHz, 13365 MHz, 54599 MiB, 100 %, 0x0000000000000400
2026/09/22 10:57:53.071, 5, GPU-f93cb3ac-bea7-0586-9f2c-c0307696716e, NVIDIA RTX PRO 6000 Blackwell Max-Q Workstation Edition, 2310 MHz, 13365 MHz, 54644 MiB, 100 %, 0x0000000000000400
2026/09/22 10:57:53.071, 6, GPU-5a4ea3b7-bb73-9876-6f45-65769efc3066, NVIDIA RTX PRO 6000 Blackwell Max-Q Workstation Edition, 2317 MHz, 13365 MHz, 54599 MiB, 100 %, 0x0000000000000400
2026/09/22 10:57:54.071, 5, GPU-f93cb3ac-bea7-0586-9f2c-c0307696716e, NVIDIA RTX PRO 6000 Blackwell Max-Q Workstation Edition, 2310 MHz, 13365 MHz, 54644 MiB, 100 %, 0x0000000000000400
2026/09/22 10:57:54.072, 6, GPU-5a4ea3b7-bb73-9876-6f45-65769efc3066, NVIDIA RTX PRO 6000 Blackwell Max-Q Workstation Edition, 2317 MHz, 13365 MHz, 54599 MiB, 100 %, 0x0000000000000400
2026/09/22 10:57:55.072, 5, GPU-f93cb3ac-bea7-0586-9f2c-c0307696716e, NVIDIA RTX PRO 6000 Blackwell Max-Q Workstation Edition, 2310 MHz, 13365 MHz, 54644 MiB, 100 %, 0x0000000000000400
2026/09/22 10:57:55.072, 6, GPU-5a4ea3b7-bb73-9876-6f45-65769efc3066, NVIDIA RTX PRO 6000 Blackwell Max-Q Workstation Edition, 2317 MHz, 13365 MHz, 54599 MiB, 100 %, 0x0000000000000400
2026/09/22 10:57:56.072, 5, GPU-f93cb3ac-bea7-0586-9f2c-c0307696716e, NVIDIA RTX PRO 6000 Blackwell Max-Q Workstation Edition, 2310 MHz, 13365 MHz, 54644 MiB, 100 %, 0x0000000000000400
2026/09/22 10:57:56.072, 6, GPU-5a4ea3b7-bb73-9876-6f45-65769efc3066, NVIDIA RTX PRO 6000 Blackwell Max-Q Workstation Edition, 2317 MHz, 13365 MHz, 54599 MiB, 100 %, 0x0000000000000400
2026/09/22 10:57:57.072, 5, GPU-f93cb3ac-bea7-0586-9f2c-c0307696716e, NVIDIA RTX PRO 6000 Blackwell Max-Q Workstation Edition, 2310 MHz, 13365 MHz, 54644 MiB, 100 %, 0x0000000000000400
2026/09/22 10:57:57.072, 6, GPU-5a4ea3b7-bb73-9876-6f45-65769efc3066, NVIDIA RTX PRO 6000 Blackwell Max-Q Workstation Edition, 2317 MHz, 13365 MHz, 54599 MiB, 100 %, 0x0000000000000400
2026/09/22 10:57:58.073, 5, GPU-f93cb3ac-bea7-0586-9f2c-c0307696716e, NVIDIA RTX PRO 6000 Blackwell Max-Q Workstation Edition, 2310 MHz, 13365 MHz, 54644 MiB, 100 %, 0x0000000000000400
2026/09/22 10:57:58.073, 6, GPU-5a4ea3b7-bb73-9876-6f45-65769efc3066, NVIDIA RTX PRO 6000 Blackwell Max-Q Workstation Edition, 2317 MHz, 13365 MHz, 54599 MiB, 100 %, 0x0000000000000400
2026/09/22 10:57:59.073, 5, GPU-f93cb3ac-bea7-0586-9f2c-c0307696716e, NVIDIA RTX PRO 6000 Blackwell Max-Q Workstation Edition, 2310 MHz, 13365 MHz, 54644 MiB, 100 %, 0x0000000000000400
2026/09/22 10:57:59.073, 6, GPU-5a4ea3b7-bb73-9876-6f45-65769efc3066, NVIDIA RTX PRO 6000 Blackwell Max-Q Workstation Edition, 2317 MHz, 13365 MHz, 54599 MiB, 100 %, 0x0000000000000400
2026/09/22 10:58:00.073, 5, GPU-f93cb3ac-bea7-0586-9f2c-c0307696716e, NVIDIA RTX PRO 6000 Blackwell Max-Q Workstation Edition, 2310 MHz, 13365 MHz, 54644 MiB, 100 %, 0x0000000000000400
2026/09/22 10:58:00.073, 6, GPU-5a4ea3b7-bb73-9876-6f45-65769efc3066, NVIDIA RTX PRO 6000 Blackwell Max-Q Workstation Edition, 2317 MHz, 13365 MHz, 54599 MiB, 100 %, 0x0000000000000400
2026/09/22 10:58:01.073, 5, GPU-f93cb3ac-bea7-0586-9f2c-c0307696716e, NVIDIA RTX PRO 6000 Blackwell Max-Q Workstation Edition, 2310 MHz, 13365 MHz, 54644 MiB, 100 %, 0x0000000000000400
2026/09/22 10:58:01.073, 6, GPU-5a4ea3b7-bb73-9876-6f45-65769efc3066, NVIDIA RTX PRO 6000 Blackwell Max-Q Workstation Edition, 2317 MHz, 13365 MHz, 54599 MiB, 100 %, 0x0000000000000400
2026/09/22 10:58:02.074, 5, GPU-f93cb3ac-bea7-0586-9f2c-c0307696716e, NVIDIA RTX PRO 6000 Blackwell Max-Q Workstation Edition, 2310 MHz, 13365 MHz, 54644 MiB, 100 %, 0x0000000000000400
2026/09/22 10:58:02.074, 6, GPU-5a4ea3b7-bb73-9876-6f45-65769efc3066, NVIDIA RTX PRO 6000 Blackwell Max-Q Workstation Edition, 2317 MHz, 13365 MHz, 54599 MiB, 100 %, 0x0000000000000400
2026/09/22 10:58:03.074, 5, GPU-f93cb3ac-bea7-0586-9f2c-c0307696716e, NVIDIA RTX PRO 6000 Blackwell Max-Q Workstation Edition, 2310 MHz, 13365 MHz, 54644 MiB, 100 %, 0x0000000000000400
2026/09/22 10:58:03.074, 6, GPU-5a4ea3b7-bb73-9876-6f45-65769efc3066, NVIDIA RTX PRO 6000 Blackwell Max-Q Workstation Edition, 2317 MHz, 13365 MHz, 54599 MiB, 100 %, 0x0000000000000400
2026/09/22 10:58:04.074, 5, GPU-f93cb3ac-bea7-0586-9f2c-c0307696716e, NVIDIA RTX PRO 6000 Blackwell Max-Q Workstation Edition, 2310 MHz, 13365 MHz, 54644 MiB, 100 %, 0x0000000000000400
2026/09/22 10:58:04.074, 6, GPU-5a4ea3b7-bb73-9876-6f45-65769efc3066, NVIDIA RTX PRO 6000 Blackwell Max-Q Workstation Edition, 2317 MHz, 13365 MHz, 54599 MiB, 100 %, 0x0000000000000400
2026/09/22 10:58:05.075, 5, GPU-f93cb3ac-bea7-0586-9f2c-c0307696716e, NVIDIA RTX PRO 6000 Blackwell Max-Q Workstation Edition, 2310 MHz, 13365 MHz, 54644 MiB, 100 %, 0x0000000000000400
2026/09/22 10:58:05.075, 6, GPU-5a4ea3b7-bb73-9876-6f45-65769efc3066, NVIDIA RTX PRO 6000 Blackwell Max-Q Workstation Edition, 2317 MHz, 13365 MHz, 54599 MiB, 100 %, 0x0000000000000400
2026/09/22 10:58:06.075, 5, GPU-f93cb3ac-bea7-0586-9f2c-c0307696716e, NVIDIA RTX PRO 6000 Blackwell Max-Q Workstation Edition, 2310 MHz, 13365 MHz, 54644 MiB, 100 %, 0x0000000000000400
2026/09/22 10:58:06.075, 6, GPU-5a4ea3b7-bb73-9876-6f45-65769efc3066, NVIDIA RTX PRO 6000 Blackwell Max-Q Workstation Edition, 2317 MHz, 13365 MHz, 54599 MiB, 100 %, 0x0000000000000400
2026/09/22 10:58:07.075, 5, GPU-f93cb3ac-bea7-0586-9f2c-c0307696716e, NVIDIA RTX PRO 6000 Blackwell Max-Q Workstation Edition, 2310 MHz, 13365 MHz, 54644 MiB, 100 %, 0x0000000000000400
2026/09/22 10:58:07.075, 6, GPU-5a4ea3b7-bb73-9876-6f45-65769efc3066, NVIDIA RTX PRO 6000 Blackwell Max-Q Workstation Edition, 2317 MHz, 13365 MHz, 54599 MiB, 100 %, 0x0000000000000400
2026/09/22 10:58:08.075, 5, GPU-f93cb3ac-bea7-0586-9f2c-c0307696716e, NVIDIA RTX PRO 6000 Blackwell Max-Q Workstation Edition, 2310 MHz, 13365 MHz, 54644 MiB, 100 %, 0x0000000000000400
2026/09/22 10:58:08.075, 6, GPU-5a4ea3b7-bb73-9876-6f45-65769efc3066, NVIDIA RTX PRO 6000 Blackwell Max-Q Workstation Edition, 2317 MHz, 13365 MHz, 54599 MiB, 100 %, 0x0000000000000400
2026/09/22 10:58:09.076, 5, GPU-f93cb3ac-bea7-0586-9f2c-c0307696716e, NVIDIA RTX PRO 6000 Blackwell Max-Q Workstation Edition, 2310 MHz, 13365 MHz, 54644 MiB, 100 %, 0x0000000000000400
2026/09/22 10:58:09.076, 6, GPU-5a4ea3b7-bb73-9876-6f45-65769efc3066, NVIDIA RTX PRO 6000 Blackwell Max-Q Workstation Edition, 2317 MHz, 13365 MHz, 54599 MiB, 100 %, 0x0000000000000400
2026/09/22 10:58:10.076, 5, GPU-f93cb3ac-bea7-0586-9f2c-c0307696716e, NVIDIA RTX PRO 6000 Blackwell Max-Q Workstation Edition, 2310 MHz, 13365 MHz, 54644 MiB, 100 %, 0x0000000000000400
2026/09/22 10:58:10.076, 6, GPU-5a4ea3b7-bb73-9876-6f45-65769efc3066, NVIDIA RTX PRO 6000 Blackwell Max-Q Workstation Edition, 2317 MHz, 13365 MHz, 54599 MiB, 100 %, 0x0000000000000400
2026/09/22 10:58:11.076, 5, GPU-f93cb3ac-bea7-0586-9f2c-c0307696716e, NVIDIA RTX PRO 6000 Blackwell Max-Q Workstation Edition, 2310 MHz, 13365 MHz, 54644 MiB, 100 %, 0x0000000000000400
2026/09/22 10:58:11.076, 6, GPU-5a4ea3b7-bb73-9876-6f45-65769efc3066, NVIDIA RTX PRO 6000 Blackwell Max-Q Workstation Edition, 2317 MHz, 13365 MHz, 54599 MiB, 100 %, 0x0000000000000400
2026/09/22 10:58:12.076, 5, GPU-f93cb3ac-bea7-0586-9f2c-c0307696716e, NVIDIA RTX PRO 6000 Blackwell Max-Q Workstation Edition, 2310 MHz, 13365 MHz, 54644 MiB, 100 %, 0x0000000000000400
2026/09/22 10:58:12.092, 6, GPU-5a4ea3b7-bb73-9876-6f45-65769efc3066, NVIDIA RTX PRO 6000 Blackwell Max-Q Workstation Edition, 2317 MHz, 13365 MHz, 54599 MiB, 100 %, 0x0000000000000400
2026/09/22 10:58:13.103, 5, GPU-f93cb3ac-bea7-0586-9f2c-c0307696716e, NVIDIA RTX PRO 6000 Blackwell Max-Q Workstation Edition, 2310 MHz, 13365 MHz, 54644 MiB, 100 %, 0x0000000000000400
2026/09/22 10:58:13.103, 6, GPU-5a4ea3b7-bb73-9876-6f45-65769efc3066, NVIDIA RTX PRO 6000 Blackwell Max-Q Workstation Edition, 2317 MHz, 13365 MHz, 54599 MiB, 100 %, 0x0000000000000400
2026/09/22 10:58:14.103, 5, GPU-f93cb3ac-bea7-0586-9f2c-c0307696716e, NVIDIA RTX PRO 6000 Blackwell Max-Q Workstation Edition, 2347 MHz, 13365 MHz, 54644 MiB, 0 %, 0x0000000000000400
2026/09/22 10:58:14.103, 6, GPU-5a4ea3b7-bb73-9876-6f45-65769efc3066, NVIDIA RTX PRO 6000 Blackwell Max-Q Workstation Edition, 2347 MHz, 13365 MHz, 54599 MiB, 0 %, 0x0000000000000400
2026/09/22 10:58:15.104, 5, GPU-f93cb3ac-bea7-0586-9f2c-c0307696716e, NVIDIA RTX PRO 6000 Blackwell Max-Q Workstation Edition, 2347 MHz, 13365 MHz, 54644 MiB, 0 %, 0x0000000000000400
2026/09/22 10:58:15.104, 6, GPU-5a4ea3b7-bb73-9876-6f45-65769efc3066, NVIDIA RTX PRO 6000 Blackwell Max-Q Workstation Edition, 2347 MHz, 13365 MHz, 54599 MiB, 0 %, 0x0000000000000400
2026/09/22 10:58:16.104, 5, GPU-f93cb3ac-bea7-0586-9f2c-c0307696716e, NVIDIA RTX PRO 6000 Blackwell Max-Q Workstation Edition, 2287 MHz, 13365 MHz, 54644 MiB, 55 %, 0x0000000000000400
2026/09/22 10:58:16.104, 6, GPU-5a4ea3b7-bb73-9876-6f45-65769efc3066, NVIDIA RTX PRO 6000 Blackwell Max-Q Workstation Edition, 2295 MHz, 13365 MHz, 54599 MiB, 41 %, 0x0000000000000400
2026/09/22 10:58:17.104, 5, GPU-f93cb3ac-bea7-0586-9f2c-c0307696716e, NVIDIA RTX PRO 6000 Blackwell Max-Q Workstation Edition, 2257 MHz, 13365 MHz, 54644 MiB, 100 %, 0x0000000000000400
2026/09/22 10:58:17.104, 6, GPU-5a4ea3b7-bb73-9876-6f45-65769efc3066, NVIDIA RTX PRO 6000 Blackwell Max-Q Workstation Edition, 2265 MHz, 13365 MHz, 54599 MiB, 100 %, 0x0000000000000400
2026/09/22 10:58:18.104, 5, GPU-f93cb3ac-bea7-0586-9f2c-c0307696716e, NVIDIA RTX PRO 6000 Blackwell Max-Q Workstation Edition, 2257 MHz, 13365 MHz, 54644 MiB, 100 %, 0x0000000000000400
2026/09/22 10:58:18.104, 6, GPU-5a4ea3b7-bb73-9876-6f45-65769efc3066, NVIDIA RTX PRO 6000 Blackwell Max-Q Workstation Edition, 2265 MHz, 13365 MHz, 54599 MiB, 100 %, 0x0000000000000400
2026/09/22 10:58:19.105, 5, GPU-f93cb3ac-bea7-0586-9f2c-c0307696716e, NVIDIA RTX PRO 6000 Blackwell Max-Q Workstation Edition, 2257 MHz, 13365 MHz, 54644 MiB, 100 %, 0x0000000000000400
2026/09/22 10:58:19.105, 6, GPU-5a4ea3b7-bb73-9876-6f45-65769efc3066, NVIDIA RTX PRO 6000 Blackwell Max-Q Workstation Edition, 2265 MHz, 13365 MHz, 54599 MiB, 100 %, 0x0000000000000400
2026/09/22 10:58:20.105, 5, GPU-f93cb3ac-bea7-0586-9f2c-c0307696716e, NVIDIA RTX PRO 6000 Blackwell Max-Q Workstation Edition, 2257 MHz, 13365 MHz, 54644 MiB, 100 %, 0x0000000000000400
2026/09/22 10:58:20.105, 6, GPU-5a4ea3b7-bb73-9876-6f45-65769efc3066, NVIDIA RTX PRO 6000 Blackwell Max-Q Workstation Edition, 2265 MHz, 13365 MHz, 54599 MiB, 100 %, 0x0000000000000400
2026/09/22 10:58:21.105, 5, GPU-f93cb3ac-bea7-0586-9f2c-c0307696716e, NVIDIA RTX PRO 6000 Blackwell Max-Q Workstation Edition, 2250 MHz, 13365 MHz, 54644 MiB, 100 %, 0x0000000000000400
2026/09/22 10:58:21.105, 6, GPU-5a4ea3b7-bb73-9876-6f45-65769efc3066, NVIDIA RTX PRO 6000 Blackwell Max-Q Workstation Edition, 2265 MHz, 13365 MHz, 54599 MiB, 100 %, 0x0000000000000400
2026/09/22 10:58:22.105, 5, GPU-f93cb3ac-bea7-0586-9f2c-c0307696716e, NVIDIA RTX PRO 6000 Blackwell Max-Q Workstation Edition, 2250 MHz, 13365 MHz, 54644 MiB, 100 %, 0x0000000000000400
2026/09/22 10:58:22.105, 6, GPU-5a4ea3b7-bb73-9876-6f45-65769efc3066, NVIDIA RTX PRO 6000 Blackwell Max-Q Workstation Edition, 2265 MHz, 13365 MHz, 54599 MiB, 100 %, 0x0000000000000400
2026/09/22 10:58:23.105, 5, GPU-f93cb3ac-bea7-0586-9f2c-c0307696716e, NVIDIA RTX PRO 6000 Blackwell Max-Q Workstation Edition, 2250 MHz, 13365 MHz, 54644 MiB, 100 %, 0x0000000000000400
2026/09/22 10:58:23.106, 6, GPU-5a4ea3b7-bb73-9876-6f45-65769efc3066, NVIDIA RTX PRO 6000 Blackwell Max-Q Workstation Edition, 2265 MHz, 13365 MHz, 54599 MiB, 100 %, 0x0000000000000400
2026/09/22 10:58:24.106, 5, GPU-f93cb3ac-bea7-0586-9f2c-c0307696716e, NVIDIA RTX PRO 6000 Blackwell Max-Q Workstation Edition, 2250 MHz, 13365 MHz, 54644 MiB, 100 %, 0x0000000000000400
2026/09/22 10:58:24.106, 6, GPU-5a4ea3b7-bb73-9876-6f45-65769efc3066, NVIDIA RTX PRO 6000 Blackwell Max-Q Workstation Edition, 2265 MHz, 13365 MHz, 54599 MiB, 100 %, 0x0000000000000400
2026/09/22 10:58:25.106, 5, GPU-f93cb3ac-bea7-0586-9f2c-c0307696716e, NVIDIA RTX PRO 6000 Blackwell Max-Q Workstation Edition, 2250 MHz, 13365 MHz, 54644 MiB, 100 %, 0x0000000000000400
2026/09/22 10:58:25.106, 6, GPU-5a4ea3b7-bb73-9876-6f45-65769efc3066, NVIDIA RTX PRO 6000 Blackwell Max-Q Workstation Edition, 2265 MHz, 13365 MHz, 54599 MiB, 100 %, 0x0000000000000400
2026/09/22 10:58:26.106, 5, GPU-f93cb3ac-bea7-0586-9f2c-c0307696716e, NVIDIA RTX PRO 6000 Blackwell Max-Q Workstation Edition, 2250 MHz, 13365 MHz, 54644 MiB, 100 %, 0x0000000000000400
2026/09/22 10:58:26.106, 6, GPU-5a4ea3b7-bb73-9876-6f45-65769efc3066, NVIDIA RTX PRO 6000 Blackwell Max-Q Workstation Edition, 2265 MHz, 13365 MHz, 54599 MiB, 100 %, 0x0000000000000400
2026/09/22 10:58:27.106, 5, GPU-f93cb3ac-bea7-0586-9f2c-c0307696716e, NVIDIA RTX PRO 6000 Blackwell Max-Q Workstation Edition, 2250 MHz, 13365 MHz, 54644 MiB, 100 %, 0x0000000000000400
2026/09/22 10:58:27.107, 6, GPU-5a4ea3b7-bb73-9876-6f45-65769efc3066, NVIDIA RTX PRO 6000 Blackwell Max-Q Workstation Edition, 2265 MHz, 13365 MHz, 54599 MiB, 100 %, 0x0000000000000400
2026/09/22 10:58:28.107, 5, GPU-f93cb3ac-bea7-0586-9f2c-c0307696716e, NVIDIA RTX PRO 6000 Blackwell Max-Q Workstation Edition, 2250 MHz, 13365 MHz, 54644 MiB, 100 %, 0x0000000000000400
2026/09/22 10:58:28.107, 6, GPU-5a4ea3b7-bb73-9876-6f45-65769efc3066, NVIDIA RTX PRO 6000 Blackwell Max-Q Workstation Edition, 2265 MHz, 13365 MHz, 54599 MiB, 100 %, 0x0000000000000400
2026/09/22 10:58:29.107, 5, GPU-f93cb3ac-bea7-0586-9f2c-c0307696716e, NVIDIA RTX PRO 6000 Blackwell Max-Q Workstation Edition, 2250 MHz, 13365 MHz, 54644 MiB, 100 %, 0x0000000000000400
2026/09/22 10:58:29.107, 6, GPU-5a4ea3b7-bb73-9876-6f45-65769efc3066, NVIDIA RTX PRO 6000 Blackwell Max-Q Workstation Edition, 2265 MHz, 13365 MHz, 54599 MiB, 100 %, 0x0000000000000400
2026/09/22 10:58:30.107, 5, GPU-f93cb3ac-bea7-0586-9f2c-c0307696716e, NVIDIA RTX PRO 6000 Blackwell Max-Q Workstation Edition, 2250 MHz, 13365 MHz, 54644 MiB, 100 %, 0x0000000000000400
2026/09/22 10:58:30.107, 6, GPU-5a4ea3b7-bb73-9876-6f45-65769efc3066, NVIDIA RTX PRO 6000 Blackwell Max-Q Workstation Edition, 2265 MHz, 13365 MHz, 54599 MiB, 100 %, 0x0000000000000400
2026/09/22 10:58:31.107, 5, GPU-f93cb3ac-bea7-0586-9f2c-c0307696716e, NVIDIA RTX PRO 6000 Blackwell Max-Q Workstation Edition, 2250 MHz, 13365 MHz, 54644 MiB, 100 %, 0x0000000000000400
2026/09/22 10:58:31.108, 6, GPU-5a4ea3b7-bb73-9876-6f45-65769efc3066, NVIDIA RTX PRO 6000 Blackwell Max-Q Workstation Edition, 2265 MHz, 13365 MHz, 54599 MiB, 100 %, 0x0000000000000400
2026/09/22 10:58:32.108, 5, GPU-f93cb3ac-bea7-0586-9f2c-c0307696716e, NVIDIA RTX PRO 6000 Blackwell Max-Q Workstation Edition, 2257 MHz, 13365 MHz, 54644 MiB, 100 %, 0x0000000000000400
2026/09/22 10:58:32.108, 6, GPU-5a4ea3b7-bb73-9876-6f45-65769efc3066, NVIDIA RTX PRO 6000 Blackwell Max-Q Workstation Edition, 2265 MHz, 13365 MHz, 54599 MiB, 100 %, 0x0000000000000400
2026/09/22 10:58:33.108, 5, GPU-f93cb3ac-bea7-0586-9f2c-c0307696716e, NVIDIA RTX PRO 6000 Blackwell Max-Q Workstation Edition, 2250 MHz, 13365 MHz, 54644 MiB, 100 %, 0x0000000000000400
2026/09/22 10:58:33.108, 6, GPU-5a4ea3b7-bb73-9876-6f45-65769efc3066, NVIDIA RTX PRO 6000 Blackwell Max-Q Workstation Edition, 2265 MHz, 13365 MHz, 54599 MiB, 100 %, 0x0000000000000400
2026/09/22 10:58:34.108, 5, GPU-f93cb3ac-bea7-0586-9f2c-c0307696716e, NVIDIA RTX PRO 6000 Blackwell Max-Q Workstation Edition, 2250 MHz, 13365 MHz, 54644 MiB, 100 %, 0x0000000000000400
2026/09/22 10:58:34.108, 6, GPU-5a4ea3b7-bb73-9876-6f45-65769efc3066, NVIDIA RTX PRO 6000 Blackwell Max-Q Workstation Edition, 2265 MHz, 13365 MHz, 54599 MiB, 100 %, 0x0000000000000400
2026/09/22 10:58:35.108, 5, GPU-f93cb3ac-bea7-0586-9f2c-c0307696716e, NVIDIA RTX PRO 6000 Blackwell Max-Q Workstation Edition, 2250 MHz, 13365 MHz, 54644 MiB, 100 %, 0x0000000000000400
2026/09/22 10:58:35.108, 6, GPU-5a4ea3b7-bb73-9876-6f45-65769efc3066, NVIDIA RTX PRO 6000 Blackwell Max-Q Workstation Edition, 2265 MHz, 13365 MHz, 54599 MiB, 100 %, 0x0000000000000400
2026/09/22 10:58:36.109, 5, GPU-f93cb3ac-bea7-0586-9f2c-c0307696716e, NVIDIA RTX PRO 6000 Blackwell Max-Q Workstation Edition, 2250 MHz, 13365 MHz, 54644 MiB, 100 %, 0x0000000000000400
2026/09/22 10:58:36.109, 6, GPU-5a4ea3b7-bb73-9876-6f45-65769efc3066, NVIDIA RTX PRO 6000 Blackwell Max-Q Workstation Edition, 2265 MHz, 13365 MHz, 54599 MiB, 100 %, 0x0000000000000400
2026/09/22 10:58:37.109, 5, GPU-f93cb3ac-bea7-0586-9f2c-c0307696716e, NVIDIA RTX PRO 6000 Blackwell Max-Q Workstation Edition, 2250 MHz, 13365 MHz, 54644 MiB, 100 %, 0x0000000000000400
2026/09/22 10:58:37.109, 6, GPU-5a4ea3b7-bb73-9876-6f45-65769efc3066, NVIDIA RTX PRO 6000 Blackwell Max-Q Workstation Edition, 2265 MHz, 13365 MHz, 54599 MiB, 100 %, 0x0000000000000400
2026/09/22 10:58:38.109, 5, GPU-f93cb3ac-bea7-0586-9f2c-c0307696716e, NVIDIA RTX PRO 6000 Blackwell Max-Q Workstation Edition, 2250 MHz, 13365 MHz, 54644 MiB, 100 %, 0x0000000000000400
2026/09/22 10:58:38.109, 6, GPU-5a4ea3b7-bb73-9876-6f45-65769efc3066, NVIDIA RTX PRO 6000 Blackwell Max-Q Workstation Edition, 2265 MHz, 13365 MHz, 54599 MiB, 100 %, 0x0000000000000400
2026/09/22 10:58:39.109, 5, GPU-f93cb3ac-bea7-0586-9f2c-c0307696716e, NVIDIA RTX PRO 6000 Blackwell Max-Q Workstation Edition, 2250 MHz, 13365 MHz, 54644 MiB, 100 %, 0x0000000000000400
2026/09/22 10:58:39.109, 6, GPU-5a4ea3b7-bb73-9876-6f45-65769efc3066, NVIDIA RTX PRO 6000 Blackwell Max-Q Workstation Edition, 2265 MHz, 13365 MHz, 54599 MiB, 100 %, 0x0000000000000400
2026/09/22 10:58:40.109, 5, GPU-f93cb3ac-bea7-0586-9f2c-c0307696716e, NVIDIA RTX PRO 6000 Blackwell Max-Q Workstation Edition, 2250 MHz, 13365 MHz, 54644 MiB, 100 %, 0x0000000000000400
2026/09/22 10:58:40.110, 6, GPU-5a4ea3b7-bb73-9876-6f45-65769efc3066, NVIDIA RTX PRO 6000 Blackwell Max-Q Workstation Edition, 2257 MHz, 13365 MHz, 54599 MiB, 100 %, 0x0000000000000400
2026/09/22 10:58:41.110, 5, GPU-f93cb3ac-bea7-0586-9f2c-c0307696716e, NVIDIA RTX PRO 6000 Blackwell Max-Q Workstation Edition, 2250 MHz, 13365 MHz, 54644 MiB, 100 %, 0x0000000000000400
2026/09/22 10:58:41.110, 6, GPU-5a4ea3b7-bb73-9876-6f45-65769efc3066, NVIDIA RTX PRO 6000 Blackwell Max-Q Workstation Edition, 2265 MHz, 13365 MHz, 54599 MiB, 100 %, 0x0000000000000400
2026/09/22 10:58:42.110, 5, GPU-f93cb3ac-bea7-0586-9f2c-c0307696716e, NVIDIA RTX PRO 6000 Blackwell Max-Q Workstation Edition, 2250 MHz, 13365 MHz, 54644 MiB, 100 %, 0x0000000000000400
2026/09/22 10:58:42.110, 6, GPU-5a4ea3b7-bb73-9876-6f45-65769efc3066, NVIDIA RTX PRO 6000 Blackwell Max-Q Workstation Edition, 2265 MHz, 13365 MHz, 54599 MiB, 100 %, 0x0000000000000400
2026/09/22 10:58:43.110, 5, GPU-f93cb3ac-bea7-0586-9f2c-c0307696716e, NVIDIA RTX PRO 6000 Blackwell Max-Q Workstation Edition, 2250 MHz, 13365 MHz, 54644 MiB, 100 %, 0x0000000000000400
2026/09/22 10:58:43.110, 6, GPU-5a4ea3b7-bb73-9876-6f45-65769efc3066, NVIDIA RTX PRO 6000 Blackwell Max-Q Workstation Edition, 2265 MHz, 13365 MHz, 54599 MiB, 100 %, 0x0000000000000400
2026/09/22 10:58:44.110, 5, GPU-f93cb3ac-bea7-0586-9f2c-c0307696716e, NVIDIA RTX PRO 6000 Blackwell Max-Q Workstation Edition, 2250 MHz, 13365 MHz, 54644 MiB, 100 %, 0x0000000000000400
2026/09/22 10:58:44.111, 6, GPU-5a4ea3b7-bb73-9876-6f45-65769efc3066, NVIDIA RTX PRO 6000 Blackwell Max-Q Workstation Edition, 2265 MHz, 13365 MHz, 54599 MiB, 100 %, 0x0000000000000400
2026/09/22 10:58:45.111, 5, GPU-f93cb3ac-bea7-0586-9f2c-c0307696716e, NVIDIA RTX PRO 6000 Blackwell Max-Q Workstation Edition, 2250 MHz, 13365 MHz, 54644 MiB, 100 %, 0x0000000000000400
2026/09/22 10:58:45.111, 6, GPU-5a4ea3b7-bb73-9876-6f45-65769efc3066, NVIDIA RTX PRO 6000 Blackwell Max-Q Workstation Edition, 2265 MHz, 13365 MHz, 54599 MiB, 100 %, 0x0000000000000400
2026/09/22 10:58:46.111, 5, GPU-f93cb3ac-bea7-0586-9f2c-c0307696716e, NVIDIA RTX PRO 6000 Blackwell Max-Q Workstation Edition, 2250 MHz, 13365 MHz, 54644 MiB, 100 %, 0x0000000000000400
2026/09/22 10:58:46.111, 6, GPU-5a4ea3b7-bb73-9876-6f45-65769efc3066, NVIDIA RTX PRO 6000 Blackwell Max-Q Workstation Edition, 2265 MHz, 13365 MHz, 54599 MiB, 100 %, 0x0000000000000400
2026/09/22 10:58:47.111, 5, GPU-f93cb3ac-bea7-0586-9f2c-c0307696716e, NVIDIA RTX PRO 6000 Blackwell Max-Q Workstation Edition, 2250 MHz, 13365 MHz, 54644 MiB, 100 %, 0x0000000000000400
2026/09/22 10:58:47.111, 6, GPU-5a4ea3b7-bb73-9876-6f45-65769efc3066, NVIDIA RTX PRO 6000 Blackwell Max-Q Workstation Edition, 2257 MHz, 13365 MHz, 54599 MiB, 100 %, 0x0000000000000400
2026/09/22 10:58:48.111, 5, GPU-f93cb3ac-bea7-0586-9f2c-c0307696716e, NVIDIA RTX PRO 6000 Blackwell Max-Q Workstation Edition, 2250 MHz, 13365 MHz, 54644 MiB, 100 %, 0x0000000000000400
2026/09/22 10:58:48.112, 6, GPU-5a4ea3b7-bb73-9876-6f45-65769efc3066, NVIDIA RTX PRO 6000 Blackwell Max-Q Workstation Edition, 2265 MHz, 13365 MHz, 54599 MiB, 100 %, 0x0000000000000400
2026/09/22 10:58:49.112, 5, GPU-f93cb3ac-bea7-0586-9f2c-c0307696716e, NVIDIA RTX PRO 6000 Blackwell Max-Q Workstation Edition, 2250 MHz, 13365 MHz, 54644 MiB, 100 %, 0x0000000000000400
2026/09/22 10:58:49.112, 6, GPU-5a4ea3b7-bb73-9876-6f45-65769efc3066, NVIDIA RTX PRO 6000 Blackwell Max-Q Workstation Edition, 2265 MHz, 13365 MHz, 54599 MiB, 100 %, 0x0000000000000400
2026/09/22 10:58:50.112, 5, GPU-f93cb3ac-bea7-0586-9f2c-c0307696716e, NVIDIA RTX PRO 6000 Blackwell Max-Q Workstation Edition, 2250 MHz, 13365 MHz, 54644 MiB, 100 %, 0x0000000000000400
2026/09/22 10:58:50.112, 6, GPU-5a4ea3b7-bb73-9876-6f45-65769efc3066, NVIDIA RTX PRO 6000 Blackwell Max-Q Workstation Edition, 2265 MHz, 13365 MHz, 54599 MiB, 100 %, 0x0000000000000400
2026/09/22 10:58:51.112, 5, GPU-f93cb3ac-bea7-0586-9f2c-c0307696716e, NVIDIA RTX PRO 6000 Blackwell Max-Q Workstation Edition, 2250 MHz, 13365 MHz, 54644 MiB, 100 %, 0x0000000000000400
2026/09/22 10:58:51.112, 6, GPU-5a4ea3b7-bb73-9876-6f45-65769efc3066, NVIDIA RTX PRO 6000 Blackwell Max-Q Workstation Edition, 2257 MHz, 13365 MHz, 54599 MiB, 100 %, 0x0000000000000400
2026/09/22 10:58:52.112, 5, GPU-f93cb3ac-bea7-0586-9f2c-c0307696716e, NVIDIA RTX PRO 6000 Blackwell Max-Q Workstation Edition, 2347 MHz, 13365 MHz, 54644 MiB, 0 %, 0x0000000000000400
2026/09/22 10:58:52.113, 6, GPU-5a4ea3b7-bb73-9876-6f45-65769efc3066, NVIDIA RTX PRO 6000 Blackwell Max-Q Workstation Edition, 2355 MHz, 13365 MHz, 54599 MiB, 0 %, 0x0000000000000400
2026/09/22 10:58:53.113, 5, GPU-f93cb3ac-bea7-0586-9f2c-c0307696716e, NVIDIA RTX PRO 6000 Blackwell Max-Q Workstation Edition, 2347 MHz, 13365 MHz, 54644 MiB, 0 %, 0x0000000000000400
2026/09/22 10:58:53.113, 6, GPU-5a4ea3b7-bb73-9876-6f45-65769efc3066, NVIDIA RTX PRO 6000 Blackwell Max-Q Workstation Edition, 2355 MHz, 13365 MHz, 54599 MiB, 0 %, 0x0000000000000400
2026/09/22 10:58:54.113, 5, GPU-f93cb3ac-bea7-0586-9f2c-c0307696716e, NVIDIA RTX PRO 6000 Blackwell Max-Q Workstation Edition, 2347 MHz, 13365 MHz, 54644 MiB, 0 %, 0x0000000000000400
2026/09/22 10:58:54.113, 6, GPU-5a4ea3b7-bb73-9876-6f45-65769efc3066, NVIDIA RTX PRO 6000 Blackwell Max-Q Workstation Edition, 2355 MHz, 13365 MHz, 54599 MiB, 0 %, 0x0000000000000400
2026/09/22 10:58:55.113, 5, GPU-f93cb3ac-bea7-0586-9f2c-c0307696716e, NVIDIA RTX PRO 6000 Blackwell Max-Q Workstation Edition, 2272 MHz, 13365 MHz, 54644 MiB, 0 %, 0x0000000000000400
2026/09/22 10:58:55.113, 6, GPU-5a4ea3b7-bb73-9876-6f45-65769efc3066, NVIDIA RTX PRO 6000 Blackwell Max-Q Workstation Edition, 2272 MHz, 13365 MHz, 54599 MiB, 0 %, 0x0000000000000400
2026/09/22 10:58:56.113, 5, GPU-f93cb3ac-bea7-0586-9f2c-c0307696716e, NVIDIA RTX PRO 6000 Blackwell Max-Q Workstation Edition, 2272 MHz, 13365 MHz, 54644 MiB, 0 %, 0x0000000000000400
2026/09/22 10:58:56.114, 6, GPU-5a4ea3b7-bb73-9876-6f45-65769efc3066, NVIDIA RTX PRO 6000 Blackwell Max-Q Workstation Edition, 2272 MHz, 13365 MHz, 54599 MiB, 0 %, 0x0000000000000400
2026/09/22 10:58:57.114, 5, GPU-f93cb3ac-bea7-0586-9f2c-c0307696716e, NVIDIA RTX PRO 6000 Blackwell Max-Q Workstation Edition, 2272 MHz, 13365 MHz, 54644 MiB, 0 %, 0x0000000000000400
2026/09/22 10:58:57.114, 6, GPU-5a4ea3b7-bb73-9876-6f45-65769efc3066, NVIDIA RTX PRO 6000 Blackwell Max-Q Workstation Edition, 2272 MHz, 13365 MHz, 54599 MiB, 0 %, 0x0000000000000400
2026/09/22 10:58:58.114, 5, GPU-f93cb3ac-bea7-0586-9f2c-c0307696716e, NVIDIA RTX PRO 6000 Blackwell Max-Q Workstation Edition, 2272 MHz, 13365 MHz, 54644 MiB, 0 %, 0x0000000000000400
2026/09/22 10:58:58.114, 6, GPU-5a4ea3b7-bb73-9876-6f45-65769efc3066, NVIDIA RTX PRO 6000 Blackwell Max-Q Workstation Edition, 2272 MHz, 13365 MHz, 54599 MiB, 0 %, 0x0000000000000400
2026/09/22 10:58:59.114, 5, GPU-f93cb3ac-bea7-0586-9f2c-c0307696716e, NVIDIA RTX PRO 6000 Blackwell Max-Q Workstation Edition, 2272 MHz, 13365 MHz, 54644 MiB, 0 %, 0x0000000000000400
2026/09/22 10:58:59.114, 6, GPU-5a4ea3b7-bb73-9876-6f45-65769efc3066, NVIDIA RTX PRO 6000 Blackwell Max-Q Workstation Edition, 2272 MHz, 13365 MHz, 54599 MiB, 0 %, 0x0000000000000400
2026/09/22 10:59:00.114, 5, GPU-f93cb3ac-bea7-0586-9f2c-c0307696716e, NVIDIA RTX PRO 6000 Blackwell Max-Q Workstation Edition, 2272 MHz, 13365 MHz, 54644 MiB, 0 %, 0x0000000000000400
2026/09/22 10:59:00.114, 6, GPU-5a4ea3b7-bb73-9876-6f45-65769efc3066, NVIDIA RTX PRO 6000 Blackwell Max-Q Workstation Edition, 2272 MHz, 13365 MHz, 54599 MiB, 0 %, 0x0000000000000400
2026/09/22 10:59:01.115, 5, GPU-f93cb3ac-bea7-0586-9f2c-c0307696716e, NVIDIA RTX PRO 6000 Blackwell Max-Q Workstation Edition, 2295 MHz, 13365 MHz, 55244 MiB, 35 %, 0x0000000000000400
2026/09/22 10:59:01.115, 6, GPU-5a4ea3b7-bb73-9876-6f45-65769efc3066, NVIDIA RTX PRO 6000 Blackwell Max-Q Workstation Edition, 2302 MHz, 13365 MHz, 55219 MiB, 100 %, 0x0000000000000400
2026/09/22 10:59:02.115, 5, GPU-f93cb3ac-bea7-0586-9f2c-c0307696716e, NVIDIA RTX PRO 6000 Blackwell Max-Q Workstation Edition, 2002 MHz, 13365 MHz, 55244 MiB, 100 %, 0x0000000000000004
2026/09/22 10:59:02.115, 6, GPU-5a4ea3b7-bb73-9876-6f45-65769efc3066, NVIDIA RTX PRO 6000 Blackwell Max-Q Workstation Edition, 2025 MHz, 13365 MHz, 55219 MiB, 100 %, 0x0000000000000004
2026/09/22 10:59:03.115, 5, GPU-f93cb3ac-bea7-0586-9f2c-c0307696716e, NVIDIA RTX PRO 6000 Blackwell Max-Q Workstation Edition, 1980 MHz, 13365 MHz, 55244 MiB, 85 %, 0x0000000000000004
2026/09/22 10:59:03.115, 6, GPU-5a4ea3b7-bb73-9876-6f45-65769efc3066, NVIDIA RTX PRO 6000 Blackwell Max-Q Workstation Edition, 1987 MHz, 13365 MHz, 55219 MiB, 100 %, 0x0000000000000004
2026/09/22 10:59:04.115, 5, GPU-f93cb3ac-bea7-0586-9f2c-c0307696716e, NVIDIA RTX PRO 6000 Blackwell Max-Q Workstation Edition, 1995 MHz, 13365 MHz, 55244 MiB, 100 %, 0x0000000000000004
2026/09/22 10:59:04.116, 6, GPU-5a4ea3b7-bb73-9876-6f45-65769efc3066, NVIDIA RTX PRO 6000 Blackwell Max-Q Workstation Edition, 2017 MHz, 13365 MHz, 55219 MiB, 100 %, 0x0000000000000004
2026/09/22 10:59:05.116, 5, GPU-f93cb3ac-bea7-0586-9f2c-c0307696716e, NVIDIA RTX PRO 6000 Blackwell Max-Q Workstation Edition, 1987 MHz, 13365 MHz, 55244 MiB, 100 %, 0x0000000000000004
2026/09/22 10:59:05.116, 6, GPU-5a4ea3b7-bb73-9876-6f45-65769efc3066, NVIDIA RTX PRO 6000 Blackwell Max-Q Workstation Edition, 2017 MHz, 13365 MHz, 55219 MiB, 100 %, 0x0000000000000004
2026/09/22 10:59:06.116, 5, GPU-f93cb3ac-bea7-0586-9f2c-c0307696716e, NVIDIA RTX PRO 6000 Blackwell Max-Q Workstation Edition, 2235 MHz, 13365 MHz, 55244 MiB, 100 %, 0x0000000000000004
2026/09/22 10:59:06.116, 6, GPU-5a4ea3b7-bb73-9876-6f45-65769efc3066, NVIDIA RTX PRO 6000 Blackwell Max-Q Workstation Edition, 2205 MHz, 13365 MHz, 55219 MiB, 100 %, 0x0000000000000004
2026/09/22 10:59:07.116, 5, GPU-f93cb3ac-bea7-0586-9f2c-c0307696716e, NVIDIA RTX PRO 6000 Blackwell Max-Q Workstation Edition, 1972 MHz, 13365 MHz, 55244 MiB, 100 %, 0x0000000000000004
2026/09/22 10:59:07.116, 6, GPU-5a4ea3b7-bb73-9876-6f45-65769efc3066, NVIDIA RTX PRO 6000 Blackwell Max-Q Workstation Edition, 2017 MHz, 13365 MHz, 55219 MiB, 100 %, 0x0000000000000004
2026/09/22 10:59:08.116, 5, GPU-f93cb3ac-bea7-0586-9f2c-c0307696716e, NVIDIA RTX PRO 6000 Blackwell Max-Q Workstation Edition, 2040 MHz, 13365 MHz, 55244 MiB, 0 %, 0x0000000000000400
2026/09/22 10:59:08.116, 6, GPU-5a4ea3b7-bb73-9876-6f45-65769efc3066, NVIDIA RTX PRO 6000 Blackwell Max-Q Workstation Edition, 2092 MHz, 13365 MHz, 55219 MiB, 90 %, 0x0000000000000004
2026/09/22 10:59:09.117, 5, GPU-f93cb3ac-bea7-0586-9f2c-c0307696716e, NVIDIA RTX PRO 6000 Blackwell Max-Q Workstation Edition, 2002 MHz, 13365 MHz, 55244 MiB, 100 %, 0x0000000000000004
2026/09/22 10:59:09.117, 6, GPU-5a4ea3b7-bb73-9876-6f45-65769efc3066, NVIDIA RTX PRO 6000 Blackwell Max-Q Workstation Edition, 2025 MHz, 13365 MHz, 55219 MiB, 100 %, 0x0000000000000004
2026/09/22 10:59:10.117, 5, GPU-f93cb3ac-bea7-0586-9f2c-c0307696716e, NVIDIA RTX PRO 6000 Blackwell Max-Q Workstation Edition, 1972 MHz, 13365 MHz, 55244 MiB, 100 %, 0x0000000000000004
2026/09/22 10:59:10.117, 6, GPU-5a4ea3b7-bb73-9876-6f45-65769efc3066, NVIDIA RTX PRO 6000 Blackwell Max-Q Workstation Edition, 2002 MHz, 13365 MHz, 55219 MiB, 100 %, 0x0000000000000004
2026/09/22 10:59:11.117, 5, GPU-f93cb3ac-bea7-0586-9f2c-c0307696716e, NVIDIA RTX PRO 6000 Blackwell Max-Q Workstation Edition, 2295 MHz, 13365 MHz, 55244 MiB, 100 %, 0x0000000000000004
2026/09/22 10:59:11.117, 6, GPU-5a4ea3b7-bb73-9876-6f45-65769efc3066, NVIDIA RTX PRO 6000 Blackwell Max-Q Workstation Edition, 2265 MHz, 13365 MHz, 55219 MiB, 61 %, 0x0000000000000004
2026/09/22 10:59:12.117, 5, GPU-f93cb3ac-bea7-0586-9f2c-c0307696716e, NVIDIA RTX PRO 6000 Blackwell Max-Q Workstation Edition, 1972 MHz, 13365 MHz, 55244 MiB, 100 %, 0x0000000000000004
2026/09/22 10:59:12.117, 6, GPU-5a4ea3b7-bb73-9876-6f45-65769efc3066, NVIDIA RTX PRO 6000 Blackwell Max-Q Workstation Edition, 1995 MHz, 13365 MHz, 55219 MiB, 100 %, 0x0000000000000004
2026/09/22 10:59:13.117, 5, GPU-f93cb3ac-bea7-0586-9f2c-c0307696716e, NVIDIA RTX PRO 6000 Blackwell Max-Q Workstation Edition, 2002 MHz, 13365 MHz, 55244 MiB, 30 %, 0x0000000000000400
2026/09/22 10:59:13.118, 6, GPU-5a4ea3b7-bb73-9876-6f45-65769efc3066, NVIDIA RTX PRO 6000 Blackwell Max-Q Workstation Edition, 2040 MHz, 13365 MHz, 55219 MiB, 95 %, 0x0000000000000004
2026/09/22 10:59:14.118, 5, GPU-f93cb3ac-bea7-0586-9f2c-c0307696716e, NVIDIA RTX PRO 6000 Blackwell Max-Q Workstation Edition, 1995 MHz, 13365 MHz, 55244 MiB, 100 %, 0x0000000000000004
2026/09/22 10:59:14.118, 6, GPU-5a4ea3b7-bb73-9876-6f45-65769efc3066, NVIDIA RTX PRO 6000 Blackwell Max-Q Workstation Edition, 2025 MHz, 13365 MHz, 55219 MiB, 100 %, 0x0000000000000004
2026/09/22 10:59:15.118, 5, GPU-f93cb3ac-bea7-0586-9f2c-c0307696716e, NVIDIA RTX PRO 6000 Blackwell Max-Q Workstation Edition, 1957 MHz, 13365 MHz, 55244 MiB, 100 %, 0x0000000000000004
2026/09/22 10:59:15.118, 6, GPU-5a4ea3b7-bb73-9876-6f45-65769efc3066, NVIDIA RTX PRO 6000 Blackwell Max-Q Workstation Edition, 1987 MHz, 13365 MHz, 55219 MiB, 100 %, 0x0000000000000004
2026/09/22 10:59:16.118, 5, GPU-f93cb3ac-bea7-0586-9f2c-c0307696716e, NVIDIA RTX PRO 6000 Blackwell Max-Q Workstation Edition, 2347 MHz, 13365 MHz, 55244 MiB, 100 %, 0x0000000000000004
2026/09/22 10:59:16.118, 6, GPU-5a4ea3b7-bb73-9876-6f45-65769efc3066, NVIDIA RTX PRO 6000 Blackwell Max-Q Workstation Edition, 2332 MHz, 13365 MHz, 55219 MiB, 0 %, 0x0000000000000400
2026/09/22 10:59:17.118, 5, GPU-f93cb3ac-bea7-0586-9f2c-c0307696716e, NVIDIA RTX PRO 6000 Blackwell Max-Q Workstation Edition, 1972 MHz, 13365 MHz, 55244 MiB, 100 %, 0x0000000000000004
2026/09/22 10:59:17.118, 6, GPU-5a4ea3b7-bb73-9876-6f45-65769efc3066, NVIDIA RTX PRO 6000 Blackwell Max-Q Workstation Edition, 1995 MHz, 13365 MHz, 55219 MiB, 100 %, 0x0000000000000004
2026/09/22 10:59:18.119, 5, GPU-f93cb3ac-bea7-0586-9f2c-c0307696716e, NVIDIA RTX PRO 6000 Blackwell Max-Q Workstation Edition, 1965 MHz, 13365 MHz, 55244 MiB, 88 %, 0x0000000000000004
2026/09/22 10:59:18.119, 6, GPU-5a4ea3b7-bb73-9876-6f45-65769efc3066, NVIDIA RTX PRO 6000 Blackwell Max-Q Workstation Edition, 2002 MHz, 13365 MHz, 55219 MiB, 94 %, 0x0000000000000004
2026/09/22 10:59:19.119, 5, GPU-f93cb3ac-bea7-0586-9f2c-c0307696716e, NVIDIA RTX PRO 6000 Blackwell Max-Q Workstation Edition, 1995 MHz, 13365 MHz, 55244 MiB, 100 %, 0x0000000000000004
2026/09/22 10:59:19.119, 6, GPU-5a4ea3b7-bb73-9876-6f45-65769efc3066, NVIDIA RTX PRO 6000 Blackwell Max-Q Workstation Edition, 2025 MHz, 13365 MHz, 55219 MiB, 100 %, 0x0000000000000004
2026/09/22 10:59:20.119, 5, GPU-f93cb3ac-bea7-0586-9f2c-c0307696716e, NVIDIA RTX PRO 6000 Blackwell Max-Q Workstation Edition, 1957 MHz, 13365 MHz, 55244 MiB, 100 %, 0x0000000000000004
2026/09/22 10:59:20.119, 6, GPU-5a4ea3b7-bb73-9876-6f45-65769efc3066, NVIDIA RTX PRO 6000 Blackwell Max-Q Workstation Edition, 1972 MHz, 13365 MHz, 55219 MiB, 100 %, 0x0000000000000004
2026/09/22 10:59:21.119, 5, GPU-f93cb3ac-bea7-0586-9f2c-c0307696716e, NVIDIA RTX PRO 6000 Blackwell Max-Q Workstation Edition, 2347 MHz, 13365 MHz, 55244 MiB, 83 %, 0x0000000000000004
2026/09/22 10:59:21.119, 6, GPU-5a4ea3b7-bb73-9876-6f45-65769efc3066, NVIDIA RTX PRO 6000 Blackwell Max-Q Workstation Edition, 2355 MHz, 13365 MHz, 55219 MiB, 0 %, 0x0000000000000400
2026/09/22 10:59:22.120, 5, GPU-f93cb3ac-bea7-0586-9f2c-c0307696716e, NVIDIA RTX PRO 6000 Blackwell Max-Q Workstation Edition, 1980 MHz, 13365 MHz, 55244 MiB, 100 %, 0x0000000000000004
2026/09/22 10:59:22.120, 6, GPU-5a4ea3b7-bb73-9876-6f45-65769efc3066, NVIDIA RTX PRO 6000 Blackwell Max-Q Workstation Edition, 2002 MHz, 13365 MHz, 55219 MiB, 100 %, 0x0000000000000004
2026/09/22 10:59:23.120, 5, GPU-f93cb3ac-bea7-0586-9f2c-c0307696716e, NVIDIA RTX PRO 6000 Blackwell Max-Q Workstation Edition, 1942 MHz, 13365 MHz, 55244 MiB, 94 %, 0x0000000000000004
2026/09/22 10:59:23.120, 6, GPU-5a4ea3b7-bb73-9876-6f45-65769efc3066, NVIDIA RTX PRO 6000 Blackwell Max-Q Workstation Edition, 1972 MHz, 13365 MHz, 55219 MiB, 100 %, 0x0000000000000004
2026/09/22 10:59:24.120, 5, GPU-f93cb3ac-bea7-0586-9f2c-c0307696716e, NVIDIA RTX PRO 6000 Blackwell Max-Q Workstation Edition, 1995 MHz, 13365 MHz, 55244 MiB, 100 %, 0x0000000000000004
2026/09/22 10:59:24.120, 6, GPU-5a4ea3b7-bb73-9876-6f45-65769efc3066, NVIDIA RTX PRO 6000 Blackwell Max-Q Workstation Edition, 2017 MHz, 13365 MHz, 55219 MiB, 100 %, 0x0000000000000004
2026/09/22 10:59:25.120, 5, GPU-f93cb3ac-bea7-0586-9f2c-c0307696716e, NVIDIA RTX PRO 6000 Blackwell Max-Q Workstation Edition, 1957 MHz, 13365 MHz, 55244 MiB, 100 %, 0x0000000000000004
2026/09/22 10:59:25.120, 6, GPU-5a4ea3b7-bb73-9876-6f45-65769efc3066, NVIDIA RTX PRO 6000 Blackwell Max-Q Workstation Edition, 1980 MHz, 13365 MHz, 55219 MiB, 100 %, 0x0000000000000004
2026/09/22 10:59:26.121, 5, GPU-f93cb3ac-bea7-0586-9f2c-c0307696716e, NVIDIA RTX PRO 6000 Blackwell Max-Q Workstation Edition, 2332 MHz, 13365 MHz, 55244 MiB, 25 %, 0x0000000000000400
2026/09/22 10:59:26.121, 6, GPU-5a4ea3b7-bb73-9876-6f45-65769efc3066, NVIDIA RTX PRO 6000 Blackwell Max-Q Workstation Edition, 2355 MHz, 13365 MHz, 55219 MiB, 0 %, 0x0000000000000400
2026/09/22 10:59:27.121, 5, GPU-f93cb3ac-bea7-0586-9f2c-c0307696716e, NVIDIA RTX PRO 6000 Blackwell Max-Q Workstation Edition, 1972 MHz, 13365 MHz, 55244 MiB, 100 %, 0x0000000000000004
2026/09/22 10:59:27.121, 6, GPU-5a4ea3b7-bb73-9876-6f45-65769efc3066, NVIDIA RTX PRO 6000 Blackwell Max-Q Workstation Edition, 1995 MHz, 13365 MHz, 55219 MiB, 100 %, 0x0000000000000004
2026/09/22 10:59:28.121, 5, GPU-f93cb3ac-bea7-0586-9f2c-c0307696716e, NVIDIA RTX PRO 6000 Blackwell Max-Q Workstation Edition, 1950 MHz, 13365 MHz, 55244 MiB, 92 %, 0x0000000000000004
2026/09/22 10:59:28.121, 6, GPU-5a4ea3b7-bb73-9876-6f45-65769efc3066, NVIDIA RTX PRO 6000 Blackwell Max-Q Workstation Edition, 1972 MHz, 13365 MHz, 55219 MiB, 100 %, 0x0000000000000004
2026/09/22 10:59:29.121, 5, GPU-f93cb3ac-bea7-0586-9f2c-c0307696716e, NVIDIA RTX PRO 6000 Blackwell Max-Q Workstation Edition, 1995 MHz, 13365 MHz, 55244 MiB, 100 %, 0x0000000000000004
2026/09/22 10:59:29.121, 6, GPU-5a4ea3b7-bb73-9876-6f45-65769efc3066, NVIDIA RTX PRO 6000 Blackwell Max-Q Workstation Edition, 2017 MHz, 13365 MHz, 55219 MiB, 100 %, 0x0000000000000004
2026/09/22 10:59:30.122, 5, GPU-f93cb3ac-bea7-0586-9f2c-c0307696716e, NVIDIA RTX PRO 6000 Blackwell Max-Q Workstation Edition, 1972 MHz, 13365 MHz, 55244 MiB, 100 %, 0x0000000000000004
2026/09/22 10:59:30.122, 6, GPU-5a4ea3b7-bb73-9876-6f45-65769efc3066, NVIDIA RTX PRO 6000 Blackwell Max-Q Workstation Edition, 1995 MHz, 13365 MHz, 55219 MiB, 100 %, 0x0000000000000004
2026/09/22 10:59:31.122, 5, GPU-f93cb3ac-bea7-0586-9f2c-c0307696716e, NVIDIA RTX PRO 6000 Blackwell Max-Q Workstation Edition, 2265 MHz, 13365 MHz, 55244 MiB, 0 %, 0x0000000000000400
2026/09/22 10:59:31.122, 6, GPU-5a4ea3b7-bb73-9876-6f45-65769efc3066, NVIDIA RTX PRO 6000 Blackwell Max-Q Workstation Edition, 2317 MHz, 13365 MHz, 55219 MiB, 0 %, 0x0000000000000400
2026/09/22 10:59:32.122, 5, GPU-f93cb3ac-bea7-0586-9f2c-c0307696716e, NVIDIA RTX PRO 6000 Blackwell Max-Q Workstation Edition, 1965 MHz, 13365 MHz, 55244 MiB, 100 %, 0x0000000000000004
2026/09/22 10:59:32.122, 6, GPU-5a4ea3b7-bb73-9876-6f45-65769efc3066, NVIDIA RTX PRO 6000 Blackwell Max-Q Workstation Edition, 1987 MHz, 13365 MHz, 55219 MiB, 100 %, 0x0000000000000004
2026/09/22 10:59:33.122, 5, GPU-f93cb3ac-bea7-0586-9f2c-c0307696716e, NVIDIA RTX PRO 6000 Blackwell Max-Q Workstation Edition, 1950 MHz, 13365 MHz, 55244 MiB, 100 %, 0x0000000000000004
2026/09/22 10:59:33.122, 6, GPU-5a4ea3b7-bb73-9876-6f45-65769efc3066, NVIDIA RTX PRO 6000 Blackwell Max-Q Workstation Edition, 1972 MHz, 13365 MHz, 55219 MiB, 100 %, 0x0000000000000004
2026/09/22 10:59:34.123, 5, GPU-f93cb3ac-bea7-0586-9f2c-c0307696716e, NVIDIA RTX PRO 6000 Blackwell Max-Q Workstation Edition, 2347 MHz, 13365 MHz, 55244 MiB, 0 %, 0x0000000000000400
2026/09/22 10:59:34.123, 6, GPU-5a4ea3b7-bb73-9876-6f45-65769efc3066, NVIDIA RTX PRO 6000 Blackwell Max-Q Workstation Edition, 2355 MHz, 13365 MHz, 55219 MiB, 0 %, 0x0000000000000400
2026/09/22 10:59:35.123, 5, GPU-f93cb3ac-bea7-0586-9f2c-c0307696716e, NVIDIA RTX PRO 6000 Blackwell Max-Q Workstation Edition, 2347 MHz, 13365 MHz, 55244 MiB, 0 %, 0x0000000000000400
2026/09/22 10:59:35.123, 6, GPU-5a4ea3b7-bb73-9876-6f45-65769efc3066, NVIDIA RTX PRO 6000 Blackwell Max-Q Workstation Edition, 2355 MHz, 13365 MHz, 55219 MiB, 0 %, 0x0000000000000400
2026/09/22 10:59:36.123, 5, GPU-f93cb3ac-bea7-0586-9f2c-c0307696716e, NVIDIA RTX PRO 6000 Blackwell Max-Q Workstation Edition, 2325 MHz, 13365 MHz, 55244 MiB, 0 %, 0x0000000000000400
2026/09/22 10:59:36.123, 6, GPU-5a4ea3b7-bb73-9876-6f45-65769efc3066, NVIDIA RTX PRO 6000 Blackwell Max-Q Workstation Edition, 2295 MHz, 13365 MHz, 55219 MiB, 0 %, 0x0000000000000400
2026/09/22 10:59:37.123, 5, GPU-f93cb3ac-bea7-0586-9f2c-c0307696716e, NVIDIA RTX PRO 6000 Blackwell Max-Q Workstation Edition, 2272 MHz, 13365 MHz, 55244 MiB, 0 %, 0x0000000000000400
2026/09/22 10:59:37.124, 6, GPU-5a4ea3b7-bb73-9876-6f45-65769efc3066, NVIDIA RTX PRO 6000 Blackwell Max-Q Workstation Edition, 2272 MHz, 13365 MHz, 55219 MiB, 0 %, 0x0000000000000400
2026/09/22 10:59:38.124, 5, GPU-f93cb3ac-bea7-0586-9f2c-c0307696716e, NVIDIA RTX PRO 6000 Blackwell Max-Q Workstation Edition, 2272 MHz, 13365 MHz, 55244 MiB, 0 %, 0x0000000000000400
2026/09/22 10:59:38.124, 6, GPU-5a4ea3b7-bb73-9876-6f45-65769efc3066, NVIDIA RTX PRO 6000 Blackwell Max-Q Workstation Edition, 2272 MHz, 13365 MHz, 55219 MiB, 0 %, 0x0000000000000400
2026/09/22 10:59:39.124, 5, GPU-f93cb3ac-bea7-0586-9f2c-c0307696716e, NVIDIA RTX PRO 6000 Blackwell Max-Q Workstation Edition, 2272 MHz, 13365 MHz, 55244 MiB, 0 %, 0x0000000000000400
2026/09/22 10:59:39.124, 6, GPU-5a4ea3b7-bb73-9876-6f45-65769efc3066, NVIDIA RTX PRO 6000 Blackwell Max-Q Workstation Edition, 2272 MHz, 13365 MHz, 55219 MiB, 0 %, 0x0000000000000400
2026/09/22 10:59:40.124, 5, GPU-f93cb3ac-bea7-0586-9f2c-c0307696716e, NVIDIA RTX PRO 6000 Blackwell Max-Q Workstation Edition, 2272 MHz, 13365 MHz, 55244 MiB, 0 %, 0x0000000000000400
2026/09/22 10:59:40.124, 6, GPU-5a4ea3b7-bb73-9876-6f45-65769efc3066, NVIDIA RTX PRO 6000 Blackwell Max-Q Workstation Edition, 2272 MHz, 13365 MHz, 55219 MiB, 0 %, 0x0000000000000400
2026/09/22 10:59:41.124, 5, GPU-f93cb3ac-bea7-0586-9f2c-c0307696716e, NVIDIA RTX PRO 6000 Blackwell Max-Q Workstation Edition, 2272 MHz, 13365 MHz, 55244 MiB, 0 %, 0x0000000000000400
2026/09/22 10:59:41.124, 6, GPU-5a4ea3b7-bb73-9876-6f45-65769efc3066, NVIDIA RTX PRO 6000 Blackwell Max-Q Workstation Edition, 2272 MHz, 13365 MHz, 55219 MiB, 0 %, 0x0000000000000400
2026/09/22 10:59:42.125, 5, GPU-f93cb3ac-bea7-0586-9f2c-c0307696716e, NVIDIA RTX PRO 6000 Blackwell Max-Q Workstation Edition, 2272 MHz, 13365 MHz, 55244 MiB, 0 %, 0x0000000000000400
2026/09/22 10:59:42.125, 6, GPU-5a4ea3b7-bb73-9876-6f45-65769efc3066, NVIDIA RTX PRO 6000 Blackwell Max-Q Workstation Edition, 2272 MHz, 13365 MHz, 55219 MiB, 0 %, 0x0000000000000400
2026/09/22 10:59:43.125, 5, GPU-f93cb3ac-bea7-0586-9f2c-c0307696716e, NVIDIA RTX PRO 6000 Blackwell Max-Q Workstation Edition, 2025 MHz, 13365 MHz, 55244 MiB, 100 %, 0x0000000000000004
2026/09/22 10:59:43.125, 6, GPU-5a4ea3b7-bb73-9876-6f45-65769efc3066, NVIDIA RTX PRO 6000 Blackwell Max-Q Workstation Edition, 2032 MHz, 13365 MHz, 55219 MiB, 100 %, 0x0000000000000004
2026/09/22 10:59:44.125, 5, GPU-f93cb3ac-bea7-0586-9f2c-c0307696716e, NVIDIA RTX PRO 6000 Blackwell Max-Q Workstation Edition, 1987 MHz, 13365 MHz, 55244 MiB, 100 %, 0x0000000000000004
2026/09/22 10:59:44.125, 6, GPU-5a4ea3b7-bb73-9876-6f45-65769efc3066, NVIDIA RTX PRO 6000 Blackwell Max-Q Workstation Edition, 1987 MHz, 13365 MHz, 55219 MiB, 100 %, 0x0000000000000004
2026/09/22 10:59:45.125, 5, GPU-f93cb3ac-bea7-0586-9f2c-c0307696716e, NVIDIA RTX PRO 6000 Blackwell Max-Q Workstation Edition, 2070 MHz, 13365 MHz, 55244 MiB, 100 %, 0x0000000000000004
2026/09/22 10:59:45.125, 6, GPU-5a4ea3b7-bb73-9876-6f45-65769efc3066, NVIDIA RTX PRO 6000 Blackwell Max-Q Workstation Edition, 2055 MHz, 13365 MHz, 55219 MiB, 100 %, 0x0000000000000004
2026/09/22 10:59:46.125, 5, GPU-f93cb3ac-bea7-0586-9f2c-c0307696716e, NVIDIA RTX PRO 6000 Blackwell Max-Q Workstation Edition, 1995 MHz, 13365 MHz, 55244 MiB, 100 %, 0x0000000000000004
2026/09/22 10:59:46.126, 6, GPU-5a4ea3b7-bb73-9876-6f45-65769efc3066, NVIDIA RTX PRO 6000 Blackwell Max-Q Workstation Edition, 2002 MHz, 13365 MHz, 55219 MiB, 100 %, 0x0000000000000004
2026/09/22 10:59:47.126, 5, GPU-f93cb3ac-bea7-0586-9f2c-c0307696716e, NVIDIA RTX PRO 6000 Blackwell Max-Q Workstation Edition, 2182 MHz, 13365 MHz, 55244 MiB, 0 %, 0x0000000000000400
2026/09/22 10:59:47.126, 6, GPU-5a4ea3b7-bb73-9876-6f45-65769efc3066, NVIDIA RTX PRO 6000 Blackwell Max-Q Workstation Edition, 2227 MHz, 13365 MHz, 55219 MiB, 0 %, 0x0000000000000400
2026/09/22 10:59:48.126, 5, GPU-f93cb3ac-bea7-0586-9f2c-c0307696716e, NVIDIA RTX PRO 6000 Blackwell Max-Q Workstation Edition, 1987 MHz, 13365 MHz, 55244 MiB, 100 %, 0x0000000000000004
2026/09/22 10:59:48.126, 6, GPU-5a4ea3b7-bb73-9876-6f45-65769efc3066, NVIDIA RTX PRO 6000 Blackwell Max-Q Workstation Edition, 1995 MHz, 13365 MHz, 55219 MiB, 100 %, 0x0000000000000004
2026/09/22 10:59:49.126, 5, GPU-f93cb3ac-bea7-0586-9f2c-c0307696716e, NVIDIA RTX PRO 6000 Blackwell Max-Q Workstation Edition, 1987 MHz, 13365 MHz, 55244 MiB, 100 %, 0x0000000000000004
2026/09/22 10:59:49.126, 6, GPU-5a4ea3b7-bb73-9876-6f45-65769efc3066, NVIDIA RTX PRO 6000 Blackwell Max-Q Workstation Edition, 1995 MHz, 13365 MHz, 55219 MiB, 100 %, 0x0000000000000004
2026/09/22 10:59:50.126, 5, GPU-f93cb3ac-bea7-0586-9f2c-c0307696716e, NVIDIA RTX PRO 6000 Blackwell Max-Q Workstation Edition, 2167 MHz, 13365 MHz, 55244 MiB, 100 %, 0x0000000000000004
2026/09/22 10:59:50.127, 6, GPU-5a4ea3b7-bb73-9876-6f45-65769efc3066, NVIDIA RTX PRO 6000 Blackwell Max-Q Workstation Edition, 2137 MHz, 13365 MHz, 55219 MiB, 100 %, 0x0000000000000004
2026/09/22 10:59:51.127, 5, GPU-f93cb3ac-bea7-0586-9f2c-c0307696716e, NVIDIA RTX PRO 6000 Blackwell Max-Q Workstation Edition, 1987 MHz, 13365 MHz, 55244 MiB, 100 %, 0x0000000000000004
2026/09/22 10:59:51.127, 6, GPU-5a4ea3b7-bb73-9876-6f45-65769efc3066, NVIDIA RTX PRO 6000 Blackwell Max-Q Workstation Edition, 1995 MHz, 13365 MHz, 55219 MiB, 100 %, 0x0000000000000004
2026/09/22 10:59:52.127, 5, GPU-f93cb3ac-bea7-0586-9f2c-c0307696716e, NVIDIA RTX PRO 6000 Blackwell Max-Q Workstation Edition, 2107 MHz, 13365 MHz, 55244 MiB, 0 %, 0x0000000000000400
2026/09/22 10:59:52.127, 6, GPU-5a4ea3b7-bb73-9876-6f45-65769efc3066, NVIDIA RTX PRO 6000 Blackwell Max-Q Workstation Edition, 2160 MHz, 13365 MHz, 55219 MiB, 72 %, 0x0000000000000400
2026/09/22 10:59:53.127, 5, GPU-f93cb3ac-bea7-0586-9f2c-c0307696716e, NVIDIA RTX PRO 6000 Blackwell Max-Q Workstation Edition, 1995 MHz, 13365 MHz, 55244 MiB, 100 %, 0x0000000000000004
2026/09/22 10:59:53.127, 6, GPU-5a4ea3b7-bb73-9876-6f45-65769efc3066, NVIDIA RTX PRO 6000 Blackwell Max-Q Workstation Edition, 1995 MHz, 13365 MHz, 55219 MiB, 100 %, 0x0000000000000004
2026/09/22 10:59:54.127, 5, GPU-f93cb3ac-bea7-0586-9f2c-c0307696716e, NVIDIA RTX PRO 6000 Blackwell Max-Q Workstation Edition, 1980 MHz, 13365 MHz, 55244 MiB, 100 %, 0x0000000000000004
2026/09/22 10:59:54.127, 6, GPU-5a4ea3b7-bb73-9876-6f45-65769efc3066, NVIDIA RTX PRO 6000 Blackwell Max-Q Workstation Edition, 1995 MHz, 13365 MHz, 55219 MiB, 100 %, 0x0000000000000004
2026/09/22 10:59:55.128, 5, GPU-f93cb3ac-bea7-0586-9f2c-c0307696716e, NVIDIA RTX PRO 6000 Blackwell Max-Q Workstation Edition, 2242 MHz, 13365 MHz, 55244 MiB, 100 %, 0x0000000000000004
2026/09/22 10:59:55.128, 6, GPU-5a4ea3b7-bb73-9876-6f45-65769efc3066, NVIDIA RTX PRO 6000 Blackwell Max-Q Workstation Edition, 2212 MHz, 13365 MHz, 55219 MiB, 100 %, 0x0000000000000004
2026/09/22 10:59:56.128, 5, GPU-f93cb3ac-bea7-0586-9f2c-c0307696716e, NVIDIA RTX PRO 6000 Blackwell Max-Q Workstation Edition, 1965 MHz, 13365 MHz, 55244 MiB, 100 %, 0x0000000000000004
2026/09/22 10:59:56.128, 6, GPU-5a4ea3b7-bb73-9876-6f45-65769efc3066, NVIDIA RTX PRO 6000 Blackwell Max-Q Workstation Edition, 1987 MHz, 13365 MHz, 55219 MiB, 100 %, 0x0000000000000004
2026/09/22 10:59:57.128, 5, GPU-f93cb3ac-bea7-0586-9f2c-c0307696716e, NVIDIA RTX PRO 6000 Blackwell Max-Q Workstation Edition, 2040 MHz, 13365 MHz, 55244 MiB, 0 %, 0x0000000000000400
2026/09/22 10:59:57.128, 6, GPU-5a4ea3b7-bb73-9876-6f45-65769efc3066, NVIDIA RTX PRO 6000 Blackwell Max-Q Workstation Edition, 2070 MHz, 13365 MHz, 55219 MiB, 89 %, 0x0000000000000400
2026/09/22 10:59:58.128, 5, GPU-f93cb3ac-bea7-0586-9f2c-c0307696716e, NVIDIA RTX PRO 6000 Blackwell Max-Q Workstation Edition, 2002 MHz, 13365 MHz, 55244 MiB, 100 %, 0x0000000000000004
2026/09/22 10:59:58.128, 6, GPU-5a4ea3b7-bb73-9876-6f45-65769efc3066, NVIDIA RTX PRO 6000 Blackwell Max-Q Workstation Edition, 1995 MHz, 13365 MHz, 55219 MiB, 100 %, 0x0000000000000004
2026/09/22 10:59:59.129, 5, GPU-f93cb3ac-bea7-0586-9f2c-c0307696716e, NVIDIA RTX PRO 6000 Blackwell Max-Q Workstation Edition, 1972 MHz, 13365 MHz, 55244 MiB, 100 %, 0x0000000000000004
2026/09/22 10:59:59.129, 6, GPU-5a4ea3b7-bb73-9876-6f45-65769efc3066, NVIDIA RTX PRO 6000 Blackwell Max-Q Workstation Edition, 1980 MHz, 13365 MHz, 55219 MiB, 100 %, 0x0000000000000004
2026/09/22 11:00:00.129, 5, GPU-f93cb3ac-bea7-0586-9f2c-c0307696716e, NVIDIA RTX PRO 6000 Blackwell Max-Q Workstation Edition, 2302 MHz, 13365 MHz, 55244 MiB, 100 %, 0x0000000000000004
2026/09/22 11:00:00.129, 6, GPU-5a4ea3b7-bb73-9876-6f45-65769efc3066, NVIDIA RTX PRO 6000 Blackwell Max-Q Workstation Edition, 2272 MHz, 13365 MHz, 55219 MiB, 52 %, 0x0000000000000004
2026/09/22 11:00:01.129, 5, GPU-f93cb3ac-bea7-0586-9f2c-c0307696716e, NVIDIA RTX PRO 6000 Blackwell Max-Q Workstation Edition, 1972 MHz, 13365 MHz, 55244 MiB, 100 %, 0x0000000000000004
2026/09/22 11:00:01.129, 6, GPU-5a4ea3b7-bb73-9876-6f45-65769efc3066, NVIDIA RTX PRO 6000 Blackwell Max-Q Workstation Edition, 1980 MHz, 13365 MHz, 55219 MiB, 100 %, 0x0000000000000004
2026/09/22 11:00:02.129, 5, GPU-f93cb3ac-bea7-0586-9f2c-c0307696716e, NVIDIA RTX PRO 6000 Blackwell Max-Q Workstation Edition, 2002 MHz, 13365 MHz, 55244 MiB, 38 %, 0x0000000000000400
2026/09/22 11:00:02.129, 6, GPU-5a4ea3b7-bb73-9876-6f45-65769efc3066, NVIDIA RTX PRO 6000 Blackwell Max-Q Workstation Edition, 2025 MHz, 13365 MHz, 55219 MiB, 95 %, 0x0000000000000004
2026/09/22 11:00:03.130, 5, GPU-f93cb3ac-bea7-0586-9f2c-c0307696716e, NVIDIA RTX PRO 6000 Blackwell Max-Q Workstation Edition, 2002 MHz, 13365 MHz, 55244 MiB, 100 %, 0x0000000000000004
2026/09/22 11:00:03.130, 6, GPU-5a4ea3b7-bb73-9876-6f45-65769efc3066, NVIDIA RTX PRO 6000 Blackwell Max-Q Workstation Edition, 2010 MHz, 13365 MHz, 55219 MiB, 100 %, 0x0000000000000004
2026/09/22 11:00:04.130, 5, GPU-f93cb3ac-bea7-0586-9f2c-c0307696716e, NVIDIA RTX PRO 6000 Blackwell Max-Q Workstation Edition, 1957 MHz, 13365 MHz, 55244 MiB, 100 %, 0x0000000000000004
2026/09/22 11:00:04.130, 6, GPU-5a4ea3b7-bb73-9876-6f45-65769efc3066, NVIDIA RTX PRO 6000 Blackwell Max-Q Workstation Edition, 1980 MHz, 13365 MHz, 55219 MiB, 100 %, 0x0000000000000004
2026/09/22 11:00:05.130, 5, GPU-f93cb3ac-bea7-0586-9f2c-c0307696716e, NVIDIA RTX PRO 6000 Blackwell Max-Q Workstation Edition, 2347 MHz, 13365 MHz, 55244 MiB, 100 %, 0x0000000000000004
2026/09/22 11:00:05.130, 6, GPU-5a4ea3b7-bb73-9876-6f45-65769efc3066, NVIDIA RTX PRO 6000 Blackwell Max-Q Workstation Edition, 2340 MHz, 13365 MHz, 55219 MiB, 0 %, 0x0000000000000004
2026/09/22 11:00:06.130, 5, GPU-f93cb3ac-bea7-0586-9f2c-c0307696716e, NVIDIA RTX PRO 6000 Blackwell Max-Q Workstation Edition, 1987 MHz, 13365 MHz, 55244 MiB, 100 %, 0x0000000000000004
2026/09/22 11:00:06.130, 6, GPU-5a4ea3b7-bb73-9876-6f45-65769efc3066, NVIDIA RTX PRO 6000 Blackwell Max-Q Workstation Edition, 1987 MHz, 13365 MHz, 55219 MiB, 100 %, 0x0000000000000004
2026/09/22 11:00:07.131, 5, GPU-f93cb3ac-bea7-0586-9f2c-c0307696716e, NVIDIA RTX PRO 6000 Blackwell Max-Q Workstation Edition, 1980 MHz, 13365 MHz, 55244 MiB, 94 %, 0x0000000000000004
2026/09/22 11:00:07.131, 6, GPU-5a4ea3b7-bb73-9876-6f45-65769efc3066, NVIDIA RTX PRO 6000 Blackwell Max-Q Workstation Edition, 1995 MHz, 13365 MHz, 55219 MiB, 92 %, 0x0000000000000004
2026/09/22 11:00:08.131, 5, GPU-f93cb3ac-bea7-0586-9f2c-c0307696716e, NVIDIA RTX PRO 6000 Blackwell Max-Q Workstation Edition, 1995 MHz, 13365 MHz, 55244 MiB, 100 %, 0x0000000000000004
2026/09/22 11:00:08.131, 6, GPU-5a4ea3b7-bb73-9876-6f45-65769efc3066, NVIDIA RTX PRO 6000 Blackwell Max-Q Workstation Edition, 2010 MHz, 13365 MHz, 55219 MiB, 100 %, 0x0000000000000004
2026/09/22 11:00:09.131, 5, GPU-f93cb3ac-bea7-0586-9f2c-c0307696716e, NVIDIA RTX PRO 6000 Blackwell Max-Q Workstation Edition, 1965 MHz, 13365 MHz, 55244 MiB, 100 %, 0x0000000000000004
2026/09/22 11:00:09.131, 6, GPU-5a4ea3b7-bb73-9876-6f45-65769efc3066, NVIDIA RTX PRO 6000 Blackwell Max-Q Workstation Edition, 1972 MHz, 13365 MHz, 55219 MiB, 100 %, 0x0000000000000004
2026/09/22 11:00:10.131, 5, GPU-f93cb3ac-bea7-0586-9f2c-c0307696716e, NVIDIA RTX PRO 6000 Blackwell Max-Q Workstation Edition, 2347 MHz, 13365 MHz, 55244 MiB, 79 %, 0x0000000000000004
2026/09/22 11:00:10.131, 6, GPU-5a4ea3b7-bb73-9876-6f45-65769efc3066, NVIDIA RTX PRO 6000 Blackwell Max-Q Workstation Edition, 2355 MHz, 13365 MHz, 55219 MiB, 0 %, 0x0000000000000400
2026/09/22 11:00:11.132, 5, GPU-f93cb3ac-bea7-0586-9f2c-c0307696716e, NVIDIA RTX PRO 6000 Blackwell Max-Q Workstation Edition, 1987 MHz, 13365 MHz, 55244 MiB, 100 %, 0x0000000000000004
2026/09/22 11:00:11.132, 6, GPU-5a4ea3b7-bb73-9876-6f45-65769efc3066, NVIDIA RTX PRO 6000 Blackwell Max-Q Workstation Edition, 1995 MHz, 13365 MHz, 55219 MiB, 100 %, 0x0000000000000004
2026/09/22 11:00:12.132, 5, GPU-f93cb3ac-bea7-0586-9f2c-c0307696716e, NVIDIA RTX PRO 6000 Blackwell Max-Q Workstation Edition, 1950 MHz, 13365 MHz, 55244 MiB, 91 %, 0x0000000000000004
2026/09/22 11:00:12.132, 6, GPU-5a4ea3b7-bb73-9876-6f45-65769efc3066, NVIDIA RTX PRO 6000 Blackwell Max-Q Workstation Edition, 1965 MHz, 13365 MHz, 55219 MiB, 100 %, 0x0000000000000004
2026/09/22 11:00:13.132, 5, GPU-f93cb3ac-bea7-0586-9f2c-c0307696716e, NVIDIA RTX PRO 6000 Blackwell Max-Q Workstation Edition, 2010 MHz, 13365 MHz, 55244 MiB, 100 %, 0x0000000000000004
2026/09/22 11:00:13.132, 6, GPU-5a4ea3b7-bb73-9876-6f45-65769efc3066, NVIDIA RTX PRO 6000 Blackwell Max-Q Workstation Edition, 2010 MHz, 13365 MHz, 55219 MiB, 100 %, 0x0000000000000004
2026/09/22 11:00:14.132, 5, GPU-f93cb3ac-bea7-0586-9f2c-c0307696716e, NVIDIA RTX PRO 6000 Blackwell Max-Q Workstation Edition, 1972 MHz, 13365 MHz, 55244 MiB, 100 %, 0x0000000000000004
2026/09/22 11:00:14.132, 6, GPU-5a4ea3b7-bb73-9876-6f45-65769efc3066, NVIDIA RTX PRO 6000 Blackwell Max-Q Workstation Edition, 1972 MHz, 13365 MHz, 55219 MiB, 100 %, 0x0000000000000004
2026/09/22 11:00:15.132, 5, GPU-f93cb3ac-bea7-0586-9f2c-c0307696716e, NVIDIA RTX PRO 6000 Blackwell Max-Q Workstation Edition, 2340 MHz, 13365 MHz, 55244 MiB, 0 %, 0x0000000000000400
2026/09/22 11:00:15.132, 6, GPU-5a4ea3b7-bb73-9876-6f45-65769efc3066, NVIDIA RTX PRO 6000 Blackwell Max-Q Workstation Edition, 2355 MHz, 13365 MHz, 55219 MiB, 0 %, 0x0000000000000400
2026/09/22 11:00:16.133, 5, GPU-f93cb3ac-bea7-0586-9f2c-c0307696716e, NVIDIA RTX PRO 6000 Blackwell Max-Q Workstation Edition, 2347 MHz, 13365 MHz, 55244 MiB, 0 %, 0x0000000000000400
2026/09/22 11:00:16.133, 6, GPU-5a4ea3b7-bb73-9876-6f45-65769efc3066, NVIDIA RTX PRO 6000 Blackwell Max-Q Workstation Edition, 2355 MHz, 13365 MHz, 55219 MiB, 0 %, 0x0000000000000400
2026/09/22 11:00:17.133, 5, GPU-f93cb3ac-bea7-0586-9f2c-c0307696716e, NVIDIA RTX PRO 6000 Blackwell Max-Q Workstation Edition, 2295 MHz, 13365 MHz, 55244 MiB, 0 %, 0x0000000000000400
2026/09/22 11:00:17.133, 6, GPU-5a4ea3b7-bb73-9876-6f45-65769efc3066, NVIDIA RTX PRO 6000 Blackwell Max-Q Workstation Edition, 2347 MHz, 13365 MHz, 55219 MiB, 0 %, 0x0000000000000400
2026/09/22 11:00:18.133, 5, GPU-f93cb3ac-bea7-0586-9f2c-c0307696716e, NVIDIA RTX PRO 6000 Blackwell Max-Q Workstation Edition, 2272 MHz, 13365 MHz, 55244 MiB, 0 %, 0x0000000000000400
2026/09/22 11:00:18.133, 6, GPU-5a4ea3b7-bb73-9876-6f45-65769efc3066, NVIDIA RTX PRO 6000 Blackwell Max-Q Workstation Edition, 2272 MHz, 13365 MHz, 55219 MiB, 0 %, 0x0000000000000400
2026/09/22 11:00:19.133, 5, GPU-f93cb3ac-bea7-0586-9f2c-c0307696716e, NVIDIA RTX PRO 6000 Blackwell Max-Q Workstation Edition, 2272 MHz, 13365 MHz, 55244 MiB, 0 %, 0x0000000000000400
2026/09/22 11:00:19.134, 6, GPU-5a4ea3b7-bb73-9876-6f45-65769efc3066, NVIDIA RTX PRO 6000 Blackwell Max-Q Workstation Edition, 2272 MHz, 13365 MHz, 55219 MiB, 0 %, 0x0000000000000400
2026/09/22 11:00:20.134, 5, GPU-f93cb3ac-bea7-0586-9f2c-c0307696716e, NVIDIA RTX PRO 6000 Blackwell Max-Q Workstation Edition, 2272 MHz, 13365 MHz, 55244 MiB, 0 %, 0x0000000000000400
2026/09/22 11:00:20.134, 6, GPU-5a4ea3b7-bb73-9876-6f45-65769efc3066, NVIDIA RTX PRO 6000 Blackwell Max-Q Workstation Edition, 2272 MHz, 13365 MHz, 55219 MiB, 0 %, 0x0000000000000400
2026/09/22 11:00:21.134, 5, GPU-f93cb3ac-bea7-0586-9f2c-c0307696716e, NVIDIA RTX PRO 6000 Blackwell Max-Q Workstation Edition, 2272 MHz, 13365 MHz, 55244 MiB, 0 %, 0x0000000000000400
2026/09/22 11:00:21.134, 6, GPU-5a4ea3b7-bb73-9876-6f45-65769efc3066, NVIDIA RTX PRO 6000 Blackwell Max-Q Workstation Edition, 2272 MHz, 13365 MHz, 55219 MiB, 0 %, 0x0000000000000400
2026/09/22 11:00:22.134, 5, GPU-f93cb3ac-bea7-0586-9f2c-c0307696716e, NVIDIA RTX PRO 6000 Blackwell Max-Q Workstation Edition, 2130 MHz, 13365 MHz, 55244 MiB, 100 %, 0x0000000000000004
2026/09/22 11:00:22.134, 6, GPU-5a4ea3b7-bb73-9876-6f45-65769efc3066, NVIDIA RTX PRO 6000 Blackwell Max-Q Workstation Edition, 2100 MHz, 13365 MHz, 55219 MiB, 100 %, 0x0000000000000004
2026/09/22 11:00:23.134, 5, GPU-f93cb3ac-bea7-0586-9f2c-c0307696716e, NVIDIA RTX PRO 6000 Blackwell Max-Q Workstation Edition, 2002 MHz, 13365 MHz, 55244 MiB, 100 %, 0x0000000000000004
2026/09/22 11:00:23.134, 6, GPU-5a4ea3b7-bb73-9876-6f45-65769efc3066, NVIDIA RTX PRO 6000 Blackwell Max-Q Workstation Edition, 2002 MHz, 13365 MHz, 55219 MiB, 100 %, 0x0000000000000004
2026/09/22 11:00:24.135, 5, GPU-f93cb3ac-bea7-0586-9f2c-c0307696716e, NVIDIA RTX PRO 6000 Blackwell Max-Q Workstation Edition, 2152 MHz, 13365 MHz, 55244 MiB, 100 %, 0x0000000000000004
2026/09/22 11:00:24.135, 6, GPU-5a4ea3b7-bb73-9876-6f45-65769efc3066, NVIDIA RTX PRO 6000 Blackwell Max-Q Workstation Edition, 2152 MHz, 13365 MHz, 55219 MiB, 40 %, 0x0000000000000004
2026/09/22 11:00:25.135, 5, GPU-f93cb3ac-bea7-0586-9f2c-c0307696716e, NVIDIA RTX PRO 6000 Blackwell Max-Q Workstation Edition, 1987 MHz, 13365 MHz, 55244 MiB, 100 %, 0x0000000000000004
2026/09/22 11:00:25.135, 6, GPU-5a4ea3b7-bb73-9876-6f45-65769efc3066, NVIDIA RTX PRO 6000 Blackwell Max-Q Workstation Edition, 1987 MHz, 13365 MHz, 55219 MiB, 100 %, 0x0000000000000004
2026/09/22 11:00:26.135, 5, GPU-f93cb3ac-bea7-0586-9f2c-c0307696716e, NVIDIA RTX PRO 6000 Blackwell Max-Q Workstation Edition, 2002 MHz, 13365 MHz, 55244 MiB, 59 %, 0x0000000000000400
2026/09/22 11:00:26.135, 6, GPU-5a4ea3b7-bb73-9876-6f45-65769efc3066, NVIDIA RTX PRO 6000 Blackwell Max-Q Workstation Edition, 2025 MHz, 13365 MHz, 55219 MiB, 89 %, 0x0000000000000004
2026/09/22 11:00:27.135, 5, GPU-f93cb3ac-bea7-0586-9f2c-c0307696716e, NVIDIA RTX PRO 6000 Blackwell Max-Q Workstation Edition, 2010 MHz, 13365 MHz, 55244 MiB, 100 %, 0x0000000000000004
2026/09/22 11:00:27.135, 6, GPU-5a4ea3b7-bb73-9876-6f45-65769efc3066, NVIDIA RTX PRO 6000 Blackwell Max-Q Workstation Edition, 2017 MHz, 13365 MHz, 55219 MiB, 100 %, 0x0000000000000004
2026/09/22 11:00:28.136, 5, GPU-f93cb3ac-bea7-0586-9f2c-c0307696716e, NVIDIA RTX PRO 6000 Blackwell Max-Q Workstation Edition, 1972 MHz, 13365 MHz, 55244 MiB, 100 %, 0x0000000000000004
2026/09/22 11:00:28.136, 6, GPU-5a4ea3b7-bb73-9876-6f45-65769efc3066, NVIDIA RTX PRO 6000 Blackwell Max-Q Workstation Edition, 1972 MHz, 13365 MHz, 55219 MiB, 100 %, 0x0000000000000004
2026/09/22 11:00:29.136, 5, GPU-f93cb3ac-bea7-0586-9f2c-c0307696716e, NVIDIA RTX PRO 6000 Blackwell Max-Q Workstation Edition, 2347 MHz, 13365 MHz, 55244 MiB, 100 %, 0x0000000000000004
2026/09/22 11:00:29.136, 6, GPU-5a4ea3b7-bb73-9876-6f45-65769efc3066, NVIDIA RTX PRO 6000 Blackwell Max-Q Workstation Edition, 2355 MHz, 13365 MHz, 55219 MiB, 0 %, 0x0000000000000004
2026/09/22 11:00:30.136, 5, GPU-f93cb3ac-bea7-0586-9f2c-c0307696716e, NVIDIA RTX PRO 6000 Blackwell Max-Q Workstation Edition, 2002 MHz, 13365 MHz, 55244 MiB, 100 %, 0x0000000000000004
2026/09/22 11:00:30.136, 6, GPU-5a4ea3b7-bb73-9876-6f45-65769efc3066, NVIDIA RTX PRO 6000 Blackwell Max-Q Workstation Edition, 1995 MHz, 13365 MHz, 55219 MiB, 100 %, 0x0000000000000004
2026/09/22 11:00:31.136, 5, GPU-f93cb3ac-bea7-0586-9f2c-c0307696716e, NVIDIA RTX PRO 6000 Blackwell Max-Q Workstation Edition, 1972 MHz, 13365 MHz, 55244 MiB, 100 %, 0x0000000000000004
2026/09/22 11:00:31.136, 6, GPU-5a4ea3b7-bb73-9876-6f45-65769efc3066, NVIDIA RTX PRO 6000 Blackwell Max-Q Workstation Edition, 1987 MHz, 13365 MHz, 55219 MiB, 100 %, 0x0000000000000004
2026/09/22 11:00:32.137, 5, GPU-f93cb3ac-bea7-0586-9f2c-c0307696716e, NVIDIA RTX PRO 6000 Blackwell Max-Q Workstation Edition, 2010 MHz, 13365 MHz, 55244 MiB, 100 %, 0x0000000000000004
2026/09/22 11:00:32.137, 6, GPU-5a4ea3b7-bb73-9876-6f45-65769efc3066, NVIDIA RTX PRO 6000 Blackwell Max-Q Workstation Edition, 2010 MHz, 13365 MHz, 55219 MiB, 100 %, 0x0000000000000004
2026/09/22 11:00:33.137, 5, GPU-f93cb3ac-bea7-0586-9f2c-c0307696716e, NVIDIA RTX PRO 6000 Blackwell Max-Q Workstation Edition, 1980 MHz, 13365 MHz, 55244 MiB, 100 %, 0x0000000000000004
2026/09/22 11:00:33.137, 6, GPU-5a4ea3b7-bb73-9876-6f45-65769efc3066, NVIDIA RTX PRO 6000 Blackwell Max-Q Workstation Edition, 1987 MHz, 13365 MHz, 55219 MiB, 100 %, 0x0000000000000004
2026/09/22 11:00:34.137, 5, GPU-f93cb3ac-bea7-0586-9f2c-c0307696716e, NVIDIA RTX PRO 6000 Blackwell Max-Q Workstation Edition, 2347 MHz, 13365 MHz, 55244 MiB, 46 %, 0x0000000000000004
2026/09/22 11:00:34.137, 6, GPU-5a4ea3b7-bb73-9876-6f45-65769efc3066, NVIDIA RTX PRO 6000 Blackwell Max-Q Workstation Edition, 2355 MHz, 13365 MHz, 55219 MiB, 0 %, 0x0000000000000400
2026/09/22 11:00:35.137, 5, GPU-f93cb3ac-bea7-0586-9f2c-c0307696716e, NVIDIA RTX PRO 6000 Blackwell Max-Q Workstation Edition, 1995 MHz, 13365 MHz, 55244 MiB, 100 %, 0x0000000000000004
2026/09/22 11:00:35.137, 6, GPU-5a4ea3b7-bb73-9876-6f45-65769efc3066, NVIDIA RTX PRO 6000 Blackwell Max-Q Workstation Edition, 2010 MHz, 13365 MHz, 55219 MiB, 100 %, 0x0000000000000004
2026/09/22 11:00:36.138, 5, GPU-f93cb3ac-bea7-0586-9f2c-c0307696716e, NVIDIA RTX PRO 6000 Blackwell Max-Q Workstation Edition, 1965 MHz, 13365 MHz, 55244 MiB, 91 %, 0x0000000000000004
2026/09/22 11:00:36.138, 6, GPU-5a4ea3b7-bb73-9876-6f45-65769efc3066, NVIDIA RTX PRO 6000 Blackwell Max-Q Workstation Edition, 1972 MHz, 13365 MHz, 55219 MiB, 92 %, 0x0000000000000004
2026/09/22 11:00:37.138, 5, GPU-f93cb3ac-bea7-0586-9f2c-c0307696716e, NVIDIA RTX PRO 6000 Blackwell Max-Q Workstation Edition, 2017 MHz, 13365 MHz, 55244 MiB, 100 %, 0x0000000000000004
2026/09/22 11:00:37.138, 6, GPU-5a4ea3b7-bb73-9876-6f45-65769efc3066, NVIDIA RTX PRO 6000 Blackwell Max-Q Workstation Edition, 2017 MHz, 13365 MHz, 55219 MiB, 100 %, 0x0000000000000004
2026/09/22 11:00:38.138, 5, GPU-f93cb3ac-bea7-0586-9f2c-c0307696716e, NVIDIA RTX PRO 6000 Blackwell Max-Q Workstation Edition, 1995 MHz, 13365 MHz, 55244 MiB, 100 %, 0x0000000000000004
2026/09/22 11:00:38.138, 6, GPU-5a4ea3b7-bb73-9876-6f45-65769efc3066, NVIDIA RTX PRO 6000 Blackwell Max-Q Workstation Edition, 1987 MHz, 13365 MHz, 55219 MiB, 100 %, 0x0000000000000004
2026/09/22 11:00:39.138, 5, GPU-f93cb3ac-bea7-0586-9f2c-c0307696716e, NVIDIA RTX PRO 6000 Blackwell Max-Q Workstation Edition, 2310 MHz, 13365 MHz, 55244 MiB, 0 %, 0x0000000000000400
2026/09/22 11:00:39.138, 6, GPU-5a4ea3b7-bb73-9876-6f45-65769efc3066, NVIDIA RTX PRO 6000 Blackwell Max-Q Workstation Edition, 2347 MHz, 13365 MHz, 55219 MiB, 0 %, 0x0000000000000400
2026/09/22 11:00:40.139, 5, GPU-f93cb3ac-bea7-0586-9f2c-c0307696716e, NVIDIA RTX PRO 6000 Blackwell Max-Q Workstation Edition, 1987 MHz, 13365 MHz, 55244 MiB, 100 %, 0x0000000000000004
2026/09/22 11:00:40.139, 6, GPU-5a4ea3b7-bb73-9876-6f45-65769efc3066, NVIDIA RTX PRO 6000 Blackwell Max-Q Workstation Edition, 2002 MHz, 13365 MHz, 55219 MiB, 100 %, 0x0000000000000004
2026/09/22 11:00:41.139, 5, GPU-f93cb3ac-bea7-0586-9f2c-c0307696716e, NVIDIA RTX PRO 6000 Blackwell Max-Q Workstation Edition, 1972 MHz, 13365 MHz, 55244 MiB, 94 %, 0x0000000000000004
2026/09/22 11:00:41.139, 6, GPU-5a4ea3b7-bb73-9876-6f45-65769efc3066, NVIDIA RTX PRO 6000 Blackwell Max-Q Workstation Edition, 1972 MHz, 13365 MHz, 55219 MiB, 100 %, 0x0000000000000004
2026/09/22 11:00:42.139, 5, GPU-f93cb3ac-bea7-0586-9f2c-c0307696716e, NVIDIA RTX PRO 6000 Blackwell Max-Q Workstation Edition, 2025 MHz, 13365 MHz, 55244 MiB, 100 %, 0x0000000000000004
2026/09/22 11:00:42.139, 6, GPU-5a4ea3b7-bb73-9876-6f45-65769efc3066, NVIDIA RTX PRO 6000 Blackwell Max-Q Workstation Edition, 2025 MHz, 13365 MHz, 55219 MiB, 100 %, 0x0000000000000004
2026/09/22 11:00:43.139, 5, GPU-f93cb3ac-bea7-0586-9f2c-c0307696716e, NVIDIA RTX PRO 6000 Blackwell Max-Q Workstation Edition, 1987 MHz, 13365 MHz, 55244 MiB, 100 %, 0x0000000000000004
2026/09/22 11:00:43.139, 6, GPU-5a4ea3b7-bb73-9876-6f45-65769efc3066, NVIDIA RTX PRO 6000 Blackwell Max-Q Workstation Edition, 2002 MHz, 13365 MHz, 55219 MiB, 100 %, 0x0000000000000004
2026/09/22 11:00:44.140, 5, GPU-f93cb3ac-bea7-0586-9f2c-c0307696716e, NVIDIA RTX PRO 6000 Blackwell Max-Q Workstation Edition, 2235 MHz, 13365 MHz, 55244 MiB, 0 %, 0x0000000000000400
2026/09/22 11:00:44.140, 6, GPU-5a4ea3b7-bb73-9876-6f45-65769efc3066, NVIDIA RTX PRO 6000 Blackwell Max-Q Workstation Edition, 2287 MHz, 13365 MHz, 55219 MiB, 0 %, 0x0000000000000400
2026/09/22 11:00:45.140, 5, GPU-f93cb3ac-bea7-0586-9f2c-c0307696716e, NVIDIA RTX PRO 6000 Blackwell Max-Q Workstation Edition, 1980 MHz, 13365 MHz, 55244 MiB, 100 %, 0x0000000000000004
2026/09/22 11:00:45.140, 6, GPU-5a4ea3b7-bb73-9876-6f45-65769efc3066, NVIDIA RTX PRO 6000 Blackwell Max-Q Workstation Edition, 1995 MHz, 13365 MHz, 55219 MiB, 100 %, 0x0000000000000004
2026/09/22 11:00:46.140, 5, GPU-f93cb3ac-bea7-0586-9f2c-c0307696716e, NVIDIA RTX PRO 6000 Blackwell Max-Q Workstation Edition, 1980 MHz, 13365 MHz, 55244 MiB, 100 %, 0x0000000000000004
2026/09/22 11:00:46.140, 6, GPU-5a4ea3b7-bb73-9876-6f45-65769efc3066, NVIDIA RTX PRO 6000 Blackwell Max-Q Workstation Edition, 1980 MHz, 13365 MHz, 55219 MiB, 100 %, 0x0000000000000004
2026/09/22 11:00:47.140, 5, GPU-f93cb3ac-bea7-0586-9f2c-c0307696716e, NVIDIA RTX PRO 6000 Blackwell Max-Q Workstation Edition, 2070 MHz, 13365 MHz, 55244 MiB, 100 %, 0x0000000000000004
2026/09/22 11:00:47.140, 6, GPU-5a4ea3b7-bb73-9876-6f45-65769efc3066, NVIDIA RTX PRO 6000 Blackwell Max-Q Workstation Edition, 2040 MHz, 13365 MHz, 55219 MiB, 100 %, 0x0000000000000004
2026/09/22 11:00:48.141, 5, GPU-f93cb3ac-bea7-0586-9f2c-c0307696716e, NVIDIA RTX PRO 6000 Blackwell Max-Q Workstation Edition, 1980 MHz, 13365 MHz, 55244 MiB, 100 %, 0x0000000000000004
2026/09/22 11:00:48.141, 6, GPU-5a4ea3b7-bb73-9876-6f45-65769efc3066, NVIDIA RTX PRO 6000 Blackwell Max-Q Workstation Edition, 2002 MHz, 13365 MHz, 55219 MiB, 100 %, 0x0000000000000004
2026/09/22 11:00:49.141, 5, GPU-f93cb3ac-bea7-0586-9f2c-c0307696716e, NVIDIA RTX PRO 6000 Blackwell Max-Q Workstation Edition, 2167 MHz, 13365 MHz, 55244 MiB, 0 %, 0x0000000000000400
2026/09/22 11:00:49.141, 6, GPU-5a4ea3b7-bb73-9876-6f45-65769efc3066, NVIDIA RTX PRO 6000 Blackwell Max-Q Workstation Edition, 2220 MHz, 13365 MHz, 55219 MiB, 0 %, 0x0000000000000400
2026/09/22 11:00:50.141, 5, GPU-f93cb3ac-bea7-0586-9f2c-c0307696716e, NVIDIA RTX PRO 6000 Blackwell Max-Q Workstation Edition, 1980 MHz, 13365 MHz, 55244 MiB, 100 %, 0x0000000000000004
2026/09/22 11:00:50.141, 6, GPU-5a4ea3b7-bb73-9876-6f45-65769efc3066, NVIDIA RTX PRO 6000 Blackwell Max-Q Workstation Edition, 1972 MHz, 13365 MHz, 55219 MiB, 100 %, 0x0000000000000004
2026/09/22 11:00:51.141, 5, GPU-f93cb3ac-bea7-0586-9f2c-c0307696716e, NVIDIA RTX PRO 6000 Blackwell Max-Q Workstation Edition, 1987 MHz, 13365 MHz, 55244 MiB, 100 %, 0x0000000000000004
2026/09/22 11:00:51.141, 6, GPU-5a4ea3b7-bb73-9876-6f45-65769efc3066, NVIDIA RTX PRO 6000 Blackwell Max-Q Workstation Edition, 1980 MHz, 13365 MHz, 55219 MiB, 100 %, 0x0000000000000004
2026/09/22 11:00:52.141, 5, GPU-f93cb3ac-bea7-0586-9f2c-c0307696716e, NVIDIA RTX PRO 6000 Blackwell Max-Q Workstation Edition, 2160 MHz, 13365 MHz, 55244 MiB, 100 %, 0x0000000000000004
2026/09/22 11:00:52.142, 6, GPU-5a4ea3b7-bb73-9876-6f45-65769efc3066, NVIDIA RTX PRO 6000 Blackwell Max-Q Workstation Edition, 2122 MHz, 13365 MHz, 55219 MiB, 100 %, 0x0000000000000004
2026/09/22 11:00:53.142, 5, GPU-f93cb3ac-bea7-0586-9f2c-c0307696716e, NVIDIA RTX PRO 6000 Blackwell Max-Q Workstation Edition, 1980 MHz, 13365 MHz, 55244 MiB, 100 %, 0x0000000000000004
2026/09/22 11:00:53.142, 6, GPU-5a4ea3b7-bb73-9876-6f45-65769efc3066, NVIDIA RTX PRO 6000 Blackwell Max-Q Workstation Edition, 1980 MHz, 13365 MHz, 55219 MiB, 100 %, 0x0000000000000004
2026/09/22 11:00:54.142, 5, GPU-f93cb3ac-bea7-0586-9f2c-c0307696716e, NVIDIA RTX PRO 6000 Blackwell Max-Q Workstation Edition, 2092 MHz, 13365 MHz, 55244 MiB, 0 %, 0x0000000000000400
2026/09/22 11:00:54.142, 6, GPU-5a4ea3b7-bb73-9876-6f45-65769efc3066, NVIDIA RTX PRO 6000 Blackwell Max-Q Workstation Edition, 2145 MHz, 13365 MHz, 55219 MiB, 0 %, 0x0000000000000400
2026/09/22 11:00:55.142, 5, GPU-f93cb3ac-bea7-0586-9f2c-c0307696716e, NVIDIA RTX PRO 6000 Blackwell Max-Q Workstation Edition, 2347 MHz, 13365 MHz, 55244 MiB, 0 %, 0x0000000000000400
2026/09/22 11:00:55.142, 6, GPU-5a4ea3b7-bb73-9876-6f45-65769efc3066, NVIDIA RTX PRO 6000 Blackwell Max-Q Workstation Edition, 2355 MHz, 13365 MHz, 55221 MiB, 0 %, 0x0000000000000400
2026/09/22 11:00:56.143, 5, GPU-f93cb3ac-bea7-0586-9f2c-c0307696716e, NVIDIA RTX PRO 6000 Blackwell Max-Q Workstation Edition, 2145 MHz, 13365 MHz, 55244 MiB, 100 %, 0x0000000000000004
2026/09/22 11:00:56.143, 6, GPU-5a4ea3b7-bb73-9876-6f45-65769efc3066, NVIDIA RTX PRO 6000 Blackwell Max-Q Workstation Edition, 2107 MHz, 13365 MHz, 55221 MiB, 100 %, 0x0000000000000004
2026/09/22 11:00:57.143, 5, GPU-f93cb3ac-bea7-0586-9f2c-c0307696716e, NVIDIA RTX PRO 6000 Blackwell Max-Q Workstation Edition, 2002 MHz, 13365 MHz, 55244 MiB, 100 %, 0x0000000000000004
2026/09/22 11:00:57.143, 6, GPU-5a4ea3b7-bb73-9876-6f45-65769efc3066, NVIDIA RTX PRO 6000 Blackwell Max-Q Workstation Edition, 2010 MHz, 13365 MHz, 55221 MiB, 100 %, 0x0000000000000004
2026/09/22 11:00:58.143, 5, GPU-f93cb3ac-bea7-0586-9f2c-c0307696716e, NVIDIA RTX PRO 6000 Blackwell Max-Q Workstation Edition, 2017 MHz, 13365 MHz, 55284 MiB, 98 %, 0x0000000000000004
2026/09/22 11:00:58.143, 6, GPU-5a4ea3b7-bb73-9876-6f45-65769efc3066, NVIDIA RTX PRO 6000 Blackwell Max-Q Workstation Edition, 2002 MHz, 13365 MHz, 55261 MiB, 100 %, 0x0000000000000004
2026/09/22 11:00:59.143, 5, GPU-f93cb3ac-bea7-0586-9f2c-c0307696716e, NVIDIA RTX PRO 6000 Blackwell Max-Q Workstation Edition, 2152 MHz, 13365 MHz, 55288 MiB, 86 %, 0x0000000000000400
2026/09/22 11:00:59.143, 6, GPU-5a4ea3b7-bb73-9876-6f45-65769efc3066, NVIDIA RTX PRO 6000 Blackwell Max-Q Workstation Edition, 2122 MHz, 13365 MHz, 55265 MiB, 90 %, 0x0000000000000004
2026/09/22 11:01:00.143, 5, GPU-f93cb3ac-bea7-0586-9f2c-c0307696716e, NVIDIA RTX PRO 6000 Blackwell Max-Q Workstation Edition, 1987 MHz, 13365 MHz, 55288 MiB, 100 %, 0x0000000000000004
2026/09/22 11:01:00.144, 6, GPU-5a4ea3b7-bb73-9876-6f45-65769efc3066, NVIDIA RTX PRO 6000 Blackwell Max-Q Workstation Edition, 1987 MHz, 13365 MHz, 55265 MiB, 100 %, 0x0000000000000004
2026/09/22 11:01:01.144, 5, GPU-f93cb3ac-bea7-0586-9f2c-c0307696716e, NVIDIA RTX PRO 6000 Blackwell Max-Q Workstation Edition, 1995 MHz, 13365 MHz, 55288 MiB, 100 %, 0x0000000000000004
2026/09/22 11:01:01.144, 6, GPU-5a4ea3b7-bb73-9876-6f45-65769efc3066, NVIDIA RTX PRO 6000 Blackwell Max-Q Workstation Edition, 1980 MHz, 13365 MHz, 55265 MiB, 100 %, 0x0000000000000004
2026/09/22 11:01:02.144, 5, GPU-f93cb3ac-bea7-0586-9f2c-c0307696716e, NVIDIA RTX PRO 6000 Blackwell Max-Q Workstation Edition, 2340 MHz, 13365 MHz, 55288 MiB, 100 %, 0x0000000000000004
2026/09/22 11:01:02.144, 6, GPU-5a4ea3b7-bb73-9876-6f45-65769efc3066, NVIDIA RTX PRO 6000 Blackwell Max-Q Workstation Edition, 2332 MHz, 13365 MHz, 55265 MiB, 97 %, 0x0000000000000004
2026/09/22 11:01:03.144, 5, GPU-f93cb3ac-bea7-0586-9f2c-c0307696716e, NVIDIA RTX PRO 6000 Blackwell Max-Q Workstation Edition, 2002 MHz, 13365 MHz, 55288 MiB, 100 %, 0x0000000000000004
2026/09/22 11:01:03.144, 6, GPU-5a4ea3b7-bb73-9876-6f45-65769efc3066, NVIDIA RTX PRO 6000 Blackwell Max-Q Workstation Edition, 1987 MHz, 13365 MHz, 55265 MiB, 100 %, 0x0000000000000004
2026/09/22 11:01:04.145, 5, GPU-f93cb3ac-bea7-0586-9f2c-c0307696716e, NVIDIA RTX PRO 6000 Blackwell Max-Q Workstation Edition, 2002 MHz, 13365 MHz, 55330 MiB, 100 %, 0x0000000000000004
2026/09/22 11:01:04.145, 6, GPU-5a4ea3b7-bb73-9876-6f45-65769efc3066, NVIDIA RTX PRO 6000 Blackwell Max-Q Workstation Edition, 2010 MHz, 13365 MHz, 55307 MiB, 100 %, 0x0000000000000004
2026/09/22 11:01:05.145, 5, GPU-f93cb3ac-bea7-0586-9f2c-c0307696716e, NVIDIA RTX PRO 6000 Blackwell Max-Q Workstation Edition, 2302 MHz, 13365 MHz, 55330 MiB, 50 %, 0x0000000000000400
2026/09/22 11:01:05.145, 6, GPU-5a4ea3b7-bb73-9876-6f45-65769efc3066, NVIDIA RTX PRO 6000 Blackwell Max-Q Workstation Edition, 2302 MHz, 13365 MHz, 55307 MiB, 23 %, 0x0000000000000400
2026/09/22 11:01:06.145, 5, GPU-f93cb3ac-bea7-0586-9f2c-c0307696716e, NVIDIA RTX PRO 6000 Blackwell Max-Q Workstation Edition, 2010 MHz, 13365 MHz, 55330 MiB, 100 %, 0x0000000000000004
2026/09/22 11:01:06.145, 6, GPU-5a4ea3b7-bb73-9876-6f45-65769efc3066, NVIDIA RTX PRO 6000 Blackwell Max-Q Workstation Edition, 2010 MHz, 13365 MHz, 55307 MiB, 100 %, 0x0000000000000004
2026/09/22 11:01:07.145, 5, GPU-f93cb3ac-bea7-0586-9f2c-c0307696716e, NVIDIA RTX PRO 6000 Blackwell Max-Q Workstation Edition, 1980 MHz, 13365 MHz, 55330 MiB, 100 %, 0x0000000000000004
2026/09/22 11:01:07.145, 6, GPU-5a4ea3b7-bb73-9876-6f45-65769efc3066, NVIDIA RTX PRO 6000 Blackwell Max-Q Workstation Edition, 1965 MHz, 13365 MHz, 55307 MiB, 100 %, 0x0000000000000004
